"plot_id","plot_cluster","plot_name","dataset_id","census_date","country_iso3","prinv","other_authors","plot_shape","plot_width","plot_length","plot_radius","subplot_n","subplot_shape","subplot_length","subplot_width","subplot_radius","min_diam_thresh","min_height_thresh","nested_1","n1_min_diam_thresh","n1_min_height_thresh","n1_plot_shape","n1_plot_width","n1_plot_length","n1_plot_radius","nested_2","n2_min_diam_thresh","n2_min_height_thresh","n2_plot_shape","n2_plot_width","n2_plot_length","n2_plot_radius","nested_3","n3_min_diam_thresh","n3_min_height_thresh","n3_plot_shape","n3_plot_width","n3_plot_length","n3_plot_radius","lianas_sampled","soil_sampled","ground_layer_sampled","dead_stems_sampled","stumps_sampled","coarse_woody_debris_sampled","small_stems_sampled","tags","abandoned","stem_timeline_cont","permanent","sampling_notes","sampling_design_code","plot_notes","longitude_of_centre","latitude_of_centre","elevation","slope_method","slope_method_notes","slope","aspect","polygons","local_allometry","allometry_notes","catenal_position","termites","canopy_cover","canopy_cover_method","canopy_cover_method_notes","xy_method","manipulation_experiment","experiment_ref","manipulation_experiment_notes","pa","pa_name","pa_type","wdpa_id","local_community_rights","other_user_rights","timber_harvesting","high_graded_100_years","clear_cut","fuel_wood_harvesting","charcoal_harvesting","other_woody_product_harvesting","ntfp_harvesting","farmed_30_years","livestock_30_years","mining","land_use_notes","meas_tree_stem","tag_tree_stem","tree_diff","fire_return_interval","fire_last_date","fire_exclusion","fire_exclusion_success","fire_treatment","fire_treatment_season","fire_cause","fire_fuel","fire_notes","drought","drought_last_date","wind","wind_last_date","earthquake","earthquake_last_date","landslide","landslide_last_date","flood","flood_last_date","cyclone","cyclone_last_date","frost","frost_last_date","elephants","elephant_density","elephant_data_source","exclosure","small_nonsocial_browsers","large_browsers","medium_sized_social_mixed_diet","nonruminants_excluding_suids","water_dependent_grazers","goat_grazing","sheep_grazing","cattle_grazing","herbivore_notes","file_plots","file_stems","date_metadata","data_ref","subdiv","photos","plot_area","subplot_area","plot_perimeter","diam_max","diam_min","diam_mean","diam_median","diam_sd","diam_ge5_mean","diam_ge5_median","diam_ge5_sd","diam_ge10_mean","diam_ge10_median","diam_ge10_sd","diam_ge20_mean","diam_ge20_median","diam_ge20_sd","n_diam","n_height","height_max","height_min","height_mean","height_median","height_sd","height_ge5_mean","height_ge5_median","height_ge5_sd","height_ge10_mean","height_ge10_median","height_ge10_sd","height_ge20_mean","height_ge20_median","height_ge20_sd","height_per95","n_stems","n_stems_ge5","n_stems_ge10","n_stems_ge20","n_stems_ge40","n_stems_ge60","lorey_height","n_determ_genus","n_determ_species","dom_1","dom_2","dom_3","dom_4","dom_5","prop_1","prop_2","prop_3","prop_4","prop_5","richness","rarefy","shannon","simpson","invsimpson","stocking","stocking_ge5","stocking_ge10","stocking_ge20","ba","agb","agb_ge5","agb_ge10","agb_ge20","evenness","stocking_ha","stocking_ge5_ha","stocking_ge10_ha","stocking_ge20_ha","ba_ha","agb_ha","agb_ge5_ha","agb_ge10_ha","agb_ge20_ha","diam_scale","diam_scale_se","weibull_scale","weibull_shape","weibull_scale_se","weibull_shape_se","baobab"
"MAR_1","MAR_1","NCP_6a","MAR",2015,"MOZ","Ryan C.","Woollen E.; ACES","circle",NA,NA,20,NA,NA,NA,NA,NA,5,NA,FALSE,NA,NA,NA,NA,NA,NA,FALSE,NA,NA,NA,NA,NA,NA,FALSE,NA,NA,NA,NA,NA,NA,FALSE,NA,TRUE,TRUE,TRUE,NA,NA,FALSE,NA,NA,FALSE,NA,NA,NA,36.485275,-15.271106,647.21,NA,NA,NA,NA,FALSE,NA,NA,NA,NA,0.265,"mirror_densitometer","Densiometer recordings in 4 directions for each plot (standing in the centre, face N, S, E, W). An average is taken of the four readings",NA,FALSE,NA,NA,NA,NA,NA,NA,NA,NA,NA,NA,NA,TRUE,FALSE,NA,NA,NA,NA,NA,NA,"stem",NA,TRUE,NA,NA,NA,NA,NA,NA,NA,NA,NA,NA,NA,NA,NA,NA,NA,NA,NA,NA,NA,NA,NA,NA,NA,NA,NA,NA,NA,NA,NA,NA,NA,NA,NA,NA,NA,NA,"30_moz_ryan_ACES_checkN.xlsx","30_mozambique_various_ACES_clean.csv","2017","https://doi.org/10.1111/j.1744-7429.2010.00713.x",FALSE,NA,0.125663706143592,NA,125.663706143592,57.2,5,15.3936507936508,11,11.4682151635457,15.3936507936508,11,11.4682151635457,21.1027027027027,16.7,12.0084804868728,32.6866666666667,34,10.9402837953962,63,0,NA,NA,NA,NA,NA,NA,NA,NA,NA,NA,NA,NA,NA,NA,NA,63,63,37,15,2,0,NA,58,34,"Cercidoideae indet","Albizia amara","Dalbergia melanoxylon","Combretum collinum","Indet indet",0.365079365079365,0.142857142857143,0.0952380952380952,0.0793650793650794,0.0793650793650794,13,9.5910788558997,2.09609293633265,0.816830435878055,5.45942228335626,63,63,37,15,1.81293458057033,14.0557357691787,14.0557357691787,13.6375857023796,11.9347681321496,0.419955560258174,501.33807073947,501.33807073947,294.436644720006,119.366207318921,14.426875,111.851991322917,111.851991322917,108.524458818654,94.9738671443617,-12.3036085665037,3.03595355115303,17.2786555467471,1.52010997109984,1.52380508950372,0.137252088497014,FALSE
"MAR_2","MAR_1","NCP_6b","MAR",2015,"MOZ","Ryan C.","Woollen E.; ACES","circle",NA,NA,20,NA,NA,NA,NA,NA,5,NA,FALSE,NA,NA,NA,NA,NA,NA,FALSE,NA,NA,NA,NA,NA,NA,FALSE,NA,NA,NA,NA,NA,NA,FALSE,NA,TRUE,TRUE,TRUE,NA,NA,FALSE,NA,NA,FALSE,NA,NA,NA,36.485329,-15.269273,650.58,NA,NA,NA,NA,FALSE,NA,NA,NA,NA,0.185,"mirror_densitometer","Densiometer recordings in 4 directions for each plot (standing in the centre, face N, S, E, W). An average is taken of the four readings",NA,FALSE,NA,NA,NA,NA,NA,NA,NA,NA,NA,NA,NA,TRUE,FALSE,NA,NA,NA,NA,NA,NA,"stem",NA,TRUE,NA,NA,NA,NA,NA,NA,NA,NA,NA,NA,NA,NA,NA,NA,NA,NA,NA,NA,NA,NA,NA,NA,NA,NA,NA,NA,NA,NA,NA,NA,NA,NA,NA,NA,NA,NA,"30_moz_ryan_ACES_checkN.xlsx","30_mozambique_various_ACES_clean.csv","2017","https://doi.org/10.1111/j.1744-7429.2010.00713.x",FALSE,NA,0.125663706143592,NA,125.663706143592,38.5,5,11.8235294117647,9.15,8.40671582363889,11.8235294117647,9.15,8.40671582363889,18.0571428571429,12.5,10.201649415347,33.4375,32.8,3.9651832960695,68,0,NA,NA,NA,NA,NA,NA,NA,NA,NA,NA,NA,NA,NA,NA,NA,68,68,28,8,0,0,NA,59,54,"Terminalia sericea","Crossopteryx febrifuga","Indet indet","Combretum collinum","Diplorhynchus condylocarpon",0.191176470588235,0.132352941176471,0.132352941176471,0.117647058823529,0.0882352941176471,14,10.4200805633991,2.3587291829002,0.88840830449827,8.96124031007752,68,68,28,8,1.11850123245757,6.96745202883838,6.96745202883838,6.3308693510375,5.39565165709107,0.640088593576966,541.126806512444,541.126806512444,222.816920328653,63.6619772367581,8.90075,55.4452215572642,55.4452215572642,50.3794575643299,42.937231621401,-11.4692196451381,2.1360113628265,13.3734364032299,1.61827703442608,1.06894418538392,0.134658159353647,FALSE
"MAR_3","MAR_1","NCP_8a","MAR",2015,"MOZ","Ryan C.","Woollen E.; ACES","circle",NA,NA,20,NA,NA,NA,NA,NA,5,NA,FALSE,NA,NA,NA,NA,NA,NA,FALSE,NA,NA,NA,NA,NA,NA,FALSE,NA,NA,NA,NA,NA,NA,FALSE,NA,TRUE,TRUE,TRUE,NA,NA,FALSE,NA,NA,FALSE,NA,NA,NA,36.488617,-15.282653,643.86,NA,NA,NA,NA,FALSE,NA,NA,NA,NA,0,"mirror_densitometer","Densiometer recordings in 4 directions for each plot (standing in the centre, face N, S, E, W). An average is taken of the four readings",NA,FALSE,NA,NA,NA,NA,NA,NA,NA,NA,NA,NA,NA,TRUE,FALSE,NA,NA,NA,NA,NA,NA,"stem",NA,TRUE,NA,NA,NA,NA,NA,NA,NA,NA,NA,NA,NA,NA,NA,NA,NA,NA,NA,NA,NA,NA,NA,NA,NA,NA,NA,NA,NA,NA,NA,NA,NA,NA,NA,NA,NA,NA,"30_moz_ryan_ACES_checkN.xlsx","30_mozambique_various_ACES_clean.csv","2017","https://doi.org/10.1111/j.1744-7429.2010.00713.x",FALSE,NA,0.125663706143592,NA,125.663706143592,11,5,6.71052631578947,6.4,1.36865495077065,6.71052631578947,6.4,1.36865495077065,11,11,NA,NA,NA,NA,19,0,NA,NA,NA,NA,NA,NA,NA,NA,NA,NA,NA,NA,NA,NA,NA,19,19,1,0,0,0,NA,19,19,"Stereospermum kunthianum","Thespesia garckeana","Combretum collinum","Diplorhynchus condylocarpon","Piliostigma thonningii",0.263157894736842,0.210526315789474,0.157894736842105,0.105263157894737,0.105263157894737,8,8,1.90966042154043,0.831024930747922,5.91803278688525,19,19,1,0,0.0698462440690985,0.237450699910704,0.237450699910704,0.0389779368281379,0,0.739754098360656,151.197195937301,151.197195937301,7.95774715459477,0,0.55581875,1.88957263157094,1.88957263157094,0.310176565886089,0,NA,NA,7.2708715222439,4.61660675026949,0.38488171133692,0.707188486331704,FALSE
"MAR_4","MAR_1","NCP_8b","MAR",2015,"MOZ","Ryan C.","Woollen E.; ACES","circle",NA,NA,20,NA,NA,NA,NA,NA,5,NA,FALSE,NA,NA,NA,NA,NA,NA,FALSE,NA,NA,NA,NA,NA,NA,FALSE,NA,NA,NA,NA,NA,NA,FALSE,NA,TRUE,TRUE,TRUE,NA,NA,FALSE,NA,NA,FALSE,NA,NA,NA,36.488645,-15.280858,646.179999999999,NA,NA,NA,NA,FALSE,NA,NA,NA,NA,0.1675,"mirror_densitometer","Densiometer recordings in 4 directions for each plot (standing in the centre, face N, S, E, W). An average is taken of the four readings",NA,FALSE,NA,NA,NA,NA,NA,NA,NA,NA,NA,NA,NA,FALSE,FALSE,NA,NA,NA,NA,NA,NA,"stem",NA,TRUE,NA,NA,NA,NA,NA,NA,NA,NA,NA,NA,NA,NA,NA,NA,NA,NA,NA,NA,NA,NA,NA,NA,NA,NA,NA,NA,NA,NA,NA,NA,NA,NA,NA,NA,NA,NA,"30_moz_ryan_ACES_checkN.xlsx","30_mozambique_various_ACES_clean.csv","2017","https://doi.org/10.1111/j.1744-7429.2010.00713.x",FALSE,NA,0.125663706143592,NA,125.663706143592,22.8,5,9.28415841584158,8.3,3.8637218500629,9.28415841584158,8.3,3.8637218500629,13.6181818181818,12.3,3.58455493623812,21.3333333333333,20.6,1.27017059221718,101,0,NA,NA,NA,NA,NA,NA,NA,NA,NA,NA,NA,NA,NA,NA,NA,101,101,33,3,0,0,NA,98,78,"Combretum collinum","Cercidoideae indet","Piliostigma thonningii","Annona senegalensis","Terminalia sericea",0.198019801980198,0.148514851485149,0.108910891089109,0.0891089108910891,0.0792079207920792,18,11.4780357669551,2.5242828388088,0.897363003627095,9.74307545367717,101,101,33,3,0.800995385524358,3.49916257886745,3.49916257886745,2.43940210958173,0.51812703442749,0.541281969648732,803.732462614071,803.732462614071,262.605656101627,23.8732414637843,6.37411875,27.8454510554469,27.8454510554469,19.4121451964365,4.12312393393399,-4.58478062508144,0.391388554327541,10.4775242741026,2.51765677886167,0.440313285824496,0.177271719254728,FALSE
"MAR_5","MAR_1","NCP_3a","MAR",2015,"MOZ","Ryan C.","Woollen E.; ACES","circle",NA,NA,20,NA,NA,NA,NA,NA,5,NA,FALSE,NA,NA,NA,NA,NA,NA,FALSE,NA,NA,NA,NA,NA,NA,FALSE,NA,NA,NA,NA,NA,NA,FALSE,NA,TRUE,TRUE,TRUE,NA,NA,FALSE,NA,NA,FALSE,NA,NA,NA,36.501926,-15.272123,705.96,NA,NA,NA,NA,FALSE,NA,NA,NA,NA,0.3575,"mirror_densitometer","Densiometer recordings in 4 directions for each plot (standing in the centre, face N, S, E, W). An average is taken of the four readings",NA,FALSE,NA,NA,NA,NA,NA,NA,NA,NA,NA,NA,NA,FALSE,FALSE,NA,NA,NA,NA,NA,NA,"stem",NA,TRUE,NA,NA,NA,NA,NA,NA,NA,NA,NA,NA,NA,NA,NA,NA,NA,NA,NA,NA,NA,NA,NA,NA,NA,NA,NA,NA,NA,NA,NA,NA,NA,NA,NA,NA,NA,NA,"30_moz_ryan_ACES_checkN.xlsx","30_mozambique_various_ACES_clean.csv","2017","https://doi.org/10.1111/j.1744-7429.2010.00713.x",FALSE,NA,0.125663706143592,NA,125.663706143592,55,5,16.4769230769231,10.75,12.2530749672825,16.4769230769231,10.75,12.2530749672825,21.69375,18.35,13.1744433785012,32.6571428571429,27.6,12.9147018474885,26,0,NA,NA,NA,NA,NA,NA,NA,NA,NA,NA,NA,NA,NA,NA,NA,26,26,16,7,2,0,NA,26,26,"Brachystegia boehmii","Combretum collinum","Dichrostachys cinerea","Diplorhynchus condylocarpon","Asparagus africanus",0.307692307692308,0.230769230769231,0.115384615384615,0.115384615384615,0.0769230769230769,9,8.84615384615385,1.89794049025473,0.813609467455621,5.36507936507936,26,26,16,7,0.849185060635936,6.09539747377535,6.09539747377535,5.87707098193073,5.19084513900395,0.596119929453263,206.901426019464,206.901426019464,127.323954473516,55.7042300821634,6.7576,48.5056319030599,48.5056319030599,46.7682448838108,41.3074331348508,-10.446779811387,2.46941711260479,18.5302777229525,1.54484174083416,2.50370344339887,0.215413337155273,FALSE
"MAR_6","MAR_1","NCP_3b","MAR",2015,"MOZ","Ryan C.","Woollen E.; ACES","circle",NA,NA,20,NA,NA,NA,NA,NA,5,NA,FALSE,NA,NA,NA,NA,NA,NA,FALSE,NA,NA,NA,NA,NA,NA,FALSE,NA,NA,NA,NA,NA,NA,FALSE,NA,TRUE,TRUE,TRUE,NA,NA,FALSE,NA,NA,FALSE,NA,NA,NA,36.501956,-15.270338,675.48,NA,NA,NA,NA,FALSE,NA,NA,NA,NA,0.1525,"mirror_densitometer","Densiometer recordings in 4 directions for each plot (standing in the centre, face N, S, E, W). An average is taken of the four readings",NA,FALSE,NA,NA,NA,NA,NA,NA,NA,NA,NA,NA,NA,TRUE,FALSE,NA,NA,NA,NA,NA,NA,"stem",NA,TRUE,NA,NA,NA,NA,NA,NA,NA,NA,NA,NA,NA,NA,NA,NA,NA,NA,NA,NA,NA,NA,NA,NA,NA,NA,NA,NA,NA,NA,NA,NA,NA,NA,NA,NA,NA,NA,"30_moz_ryan_ACES_checkN.xlsx","30_mozambique_various_ACES_clean.csv","2017","https://doi.org/10.1111/j.1744-7429.2010.00713.x",FALSE,NA,0.125663706143592,NA,125.663706143592,38,5.4,12.9095238095238,9.8,8.23682420223011,12.9095238095238,9.8,8.23682420223011,18.2285714285714,15.2,8.84562846027024,27.6375,27.3,6.910848097634,42,0,NA,NA,NA,NA,NA,NA,NA,NA,NA,NA,NA,NA,NA,NA,NA,42,42,21,8,0,0,NA,35,35,"Diplorhynchus condylocarpon","Indet indet","Annona senegalensis","Diospyros kirkii","Brachystegia boehmii",0.166666666666667,0.166666666666667,0.119047619047619,0.119047619047619,0.0952380952380952,13,10.9093201455204,2.35084673471567,0.890022675736961,9.09278350515464,42,42,21,8,0.768213651582312,4.73730358230302,4.73730358230302,4.41989180738783,3.6588167718245,0.699444885011895,334.22538049298,334.22538049298,167.11269024649,63.6619772367581,6.11325,37.6982641025235,37.6982641025235,35.1723814538572,29.1159387551701,-9.29726064556616,3.59402121027916,14.6495947856165,1.75399055361154,1.37265674827736,0.192287170031064,FALSE
"MAR_7","MAR_1","NCP_11a","MAR",2015,"MOZ","Ryan C.","Woollen E.; ACES","circle",NA,NA,20,NA,NA,NA,NA,NA,5,NA,FALSE,NA,NA,NA,NA,NA,NA,FALSE,NA,NA,NA,NA,NA,NA,FALSE,NA,NA,NA,NA,NA,NA,FALSE,NA,TRUE,TRUE,TRUE,NA,NA,FALSE,NA,NA,FALSE,NA,NA,NA,36.503577,-15.262356,647.08,NA,NA,NA,NA,FALSE,NA,NA,NA,NA,0.39,"mirror_densitometer","Densiometer recordings in 4 directions for each plot (standing in the centre, face N, S, E, W). An average is taken of the four readings",NA,FALSE,NA,NA,NA,NA,NA,NA,NA,NA,NA,NA,NA,FALSE,FALSE,NA,NA,NA,NA,NA,NA,"stem",NA,TRUE,NA,NA,NA,NA,NA,NA,NA,NA,NA,NA,NA,NA,NA,NA,NA,NA,NA,NA,NA,NA,NA,NA,NA,NA,NA,NA,NA,NA,NA,NA,NA,NA,NA,NA,NA,NA,"30_moz_ryan_ACES_checkN.xlsx","30_mozambique_various_ACES_clean.csv","2017","https://doi.org/10.1111/j.1744-7429.2010.00713.x",FALSE,NA,0.125663706143592,NA,125.663706143592,62,5,14.5560975609756,12.5,11.165147754967,14.5560975609756,12.5,11.165147754967,18.9615384615385,15.4,11.9654194050381,37.72,32,17.7085290185266,41,0,NA,NA,NA,NA,NA,NA,NA,NA,NA,NA,NA,NA,NA,NA,NA,41,41,26,5,2,1,NA,34,28,"Combretum collinum","Dalbergia melanoxylon","Indet indet","Cercidoideae indet","Albizia amara",0.268292682926829,0.219512195121951,0.170731707317073,0.121951219512195,0.0731707317073171,10,8.23377852626415,1.94521691964358,0.825698988697204,5.73720136518771,41,41,26,5,1.0739141787215,9.23508353632853,9.23508353632853,8.99840337942573,6.66663555953759,0.573720136518771,326.267633338385,326.267633338385,206.901426019464,39.7887357729738,8.5459375,73.4904597336633,73.4904597336633,71.607018888521,53.0514001546305,-6.24876480950684,2.43294942497625,16.3589309549132,1.53088535928804,1.77624767724005,0.161847340994842,FALSE
"MAR_8","MAR_1","NCP_11b","MAR",2015,"MOZ","Ryan C.","Woollen E.; ACES","circle",NA,NA,20,NA,NA,NA,NA,NA,5,NA,FALSE,NA,NA,NA,NA,NA,NA,FALSE,NA,NA,NA,NA,NA,NA,FALSE,NA,NA,NA,NA,NA,NA,FALSE,NA,TRUE,TRUE,TRUE,NA,NA,FALSE,NA,NA,FALSE,NA,NA,NA,36.503611,-15.260527,645.519999999999,NA,NA,NA,NA,FALSE,NA,NA,NA,NA,0,"mirror_densitometer","Densiometer recordings in 4 directions for each plot (standing in the centre, face N, S, E, W). An average is taken of the four readings",NA,FALSE,NA,NA,NA,NA,NA,NA,NA,NA,NA,NA,NA,TRUE,FALSE,NA,NA,TRUE,NA,NA,NA,"stem",NA,TRUE,NA,NA,NA,NA,NA,NA,NA,NA,NA,NA,NA,NA,NA,NA,NA,NA,NA,NA,NA,NA,NA,NA,NA,NA,NA,NA,NA,NA,NA,NA,NA,NA,NA,NA,NA,NA,"30_moz_ryan_ACES_checkN.xlsx","30_mozambique_various_ACES_clean.csv","2017","https://doi.org/10.1111/j.1744-7429.2010.00713.x",FALSE,NA,0.125663706143592,NA,125.663706143592,NA,NA,NA,NA,NA,NA,NA,NA,NA,NA,NA,NA,NA,NA,0,0,NA,NA,NA,NA,NA,NA,NA,NA,NA,NA,NA,NA,NA,NA,NA,0,0,0,0,0,0,NA,0,0,NA,NA,NA,NA,NA,NA,NA,NA,NA,NA,0,NA,NA,NA,NA,0,0,0,0,0,0,0,0,0,NA,0,0,0,0,0,0,0,0,0,NA,NA,NA,NA,NA,NA,FALSE
"MAR_9","MAR_1","NCP_22b","MAR",2015,"MOZ","Ryan C.","Woollen E.; ACES","circle",NA,NA,20,NA,NA,NA,NA,NA,5,NA,FALSE,NA,NA,NA,NA,NA,NA,FALSE,NA,NA,NA,NA,NA,NA,FALSE,NA,NA,NA,NA,NA,NA,FALSE,NA,TRUE,TRUE,TRUE,NA,NA,FALSE,NA,NA,FALSE,NA,NA,NA,36.51721,-15.277197,772.44,NA,NA,NA,NA,FALSE,NA,NA,NA,NA,0.5275,"mirror_densitometer","Densiometer recordings in 4 directions for each plot (standing in the centre, face N, S, E, W). An average is taken of the four readings",NA,FALSE,NA,NA,NA,NA,NA,NA,NA,NA,NA,NA,NA,FALSE,FALSE,NA,NA,NA,NA,NA,NA,"stem",NA,TRUE,NA,NA,NA,NA,NA,NA,NA,NA,NA,NA,NA,NA,NA,NA,NA,NA,NA,NA,NA,NA,NA,NA,NA,NA,NA,NA,NA,NA,NA,NA,NA,NA,NA,NA,NA,NA,"30_moz_ryan_ACES_checkN.xlsx","30_mozambique_various_ACES_clean.csv","2017","https://doi.org/10.1111/j.1744-7429.2010.00713.x",FALSE,NA,0.125663706143592,NA,125.663706143592,51,7,25.5826086956522,22,15.3422664016735,25.5826086956522,22,15.3422664016735,30.3444444444444,27.05,13.9267082476219,36.7538461538462,40.8,10.5664260265408,23,0,NA,NA,NA,NA,NA,NA,NA,NA,NA,NA,NA,NA,NA,NA,NA,23,23,18,13,7,0,NA,22,22,"Brachystegia bussei","Terminalia sericea","Piliostigma thonningii","Pseudolachnostylis maprouneifolia","Burkea africana",0.304347826086957,0.217391304347826,0.0869565217391304,0.0869565217391304,0.0434782608695652,11,11,2.07283554950317,0.831758034026465,5.9438202247191,23,23,18,13,1.58896101551795,11.2299405387975,11.2299405387975,11.1388712476478,10.7574888853848,0.540347293156282,183.02818455568,183.02818455568,143.239448782706,103.450713009732,12.64455,89.3650273688839,89.3650273688839,88.640320976367,85.6053765682559,-10.8675959799207,17.525619457365,28.8903078917286,1.79101813990371,3.55230890256485,0.301810941651617,FALSE
"MAR_10","MAR_1","NCP_22a","MAR",2015,"MOZ","Ryan C.","Woollen E.; ACES","circle",NA,NA,20,NA,NA,NA,NA,NA,5,NA,FALSE,NA,NA,NA,NA,NA,NA,FALSE,NA,NA,NA,NA,NA,NA,FALSE,NA,NA,NA,NA,NA,NA,FALSE,NA,TRUE,TRUE,TRUE,NA,NA,FALSE,NA,NA,FALSE,NA,NA,NA,36.517193,-15.278989,730.57,NA,NA,NA,NA,FALSE,NA,NA,NA,NA,0.2,"mirror_densitometer","Densiometer recordings in 4 directions for each plot (standing in the centre, face N, S, E, W). An average is taken of the four readings",NA,FALSE,NA,NA,NA,NA,NA,NA,NA,NA,NA,NA,NA,FALSE,FALSE,NA,NA,NA,NA,NA,NA,"stem",NA,TRUE,NA,NA,NA,NA,NA,NA,NA,NA,NA,NA,NA,NA,NA,NA,NA,NA,NA,NA,NA,NA,NA,NA,NA,NA,NA,NA,NA,NA,NA,NA,NA,NA,NA,NA,NA,NA,"30_moz_ryan_ACES_checkN.xlsx","30_mozambique_various_ACES_clean.csv","2017","https://doi.org/10.1111/j.1744-7429.2010.00713.x",FALSE,NA,0.125663706143592,NA,125.663706143592,48,9,23.7409090909091,20.85,11.2592674671181,23.7409090909091,20.85,11.2592674671181,24.4428571428571,21.3,11.0330218629608,30.6076923076923,30,9.23223172175084,22,0,NA,NA,NA,NA,NA,NA,NA,NA,NA,NA,NA,NA,NA,NA,NA,22,22,21,13,2,0,NA,22,22,"Brachystegia bussei","Sterculia quinqueloba","Asparagus africanus","Brachystegia spiciformis","Pseudolachnostylis maprouneifolia",0.272727272727273,0.227272727272727,0.136363636363636,0.136363636363636,0.136363636363636,7,7,1.78716713628778,0.81404958677686,5.37777777777778,22,22,21,13,1.18297221149638,7.92204130580577,7.92204130580577,7.89844901796865,7.19550560522035,0.768253968253968,175.070437401085,175.070437401085,167.11269024649,103.450713009732,9.41379375,63.041601659858,63.041601659858,62.8538601984518,57.2600142558129,-21.7725973994457,8.43604322307131,26.9007674255985,2.3234830448925,2.61170552285236,0.38119974470199,FALSE
"MAR_11","MAR_1","NCP_20b","MAR",2015,"MOZ","Ryan C.","Woollen E.; ACES","circle",NA,NA,20,NA,NA,NA,NA,NA,5,NA,FALSE,NA,NA,NA,NA,NA,NA,FALSE,NA,NA,NA,NA,NA,NA,FALSE,NA,NA,NA,NA,NA,NA,FALSE,NA,TRUE,TRUE,TRUE,NA,NA,FALSE,NA,NA,FALSE,NA,NA,NA,36.535876,-15.255569,675.25,NA,NA,NA,NA,FALSE,NA,NA,NA,NA,0.3,"mirror_densitometer","Densiometer recordings in 4 directions for each plot (standing in the centre, face N, S, E, W). An average is taken of the four readings",NA,FALSE,NA,NA,NA,NA,NA,NA,NA,NA,NA,NA,NA,FALSE,FALSE,NA,NA,NA,NA,NA,NA,"stem",NA,TRUE,NA,NA,NA,NA,NA,NA,NA,NA,NA,NA,NA,NA,NA,NA,NA,NA,NA,NA,NA,NA,NA,NA,NA,NA,NA,NA,NA,NA,NA,NA,NA,NA,NA,NA,NA,NA,"30_moz_ryan_ACES_checkN.xlsx","30_mozambique_various_ACES_clean.csv","2017","https://doi.org/10.1111/j.1744-7429.2010.00713.x",FALSE,NA,0.125663706143592,NA,125.663706143592,23,7,13.1851851851852,12,5.16673559369518,13.1851851851852,12,5.16673559369518,15.5789473684211,16,4.24677380128707,20.6,20,1.34164078649987,27,0,NA,NA,NA,NA,NA,NA,NA,NA,NA,NA,NA,NA,NA,NA,NA,27,27,19,5,0,0,NA,27,27,"Terminalia sericea","Combretum collinum","Diospyros kirkii","Pseudolachnostylis maprouneifolia","Brachystegia boehmii",0.185185185185185,0.148148148148148,0.148148148148148,0.148148148148148,0.0740740740740741,11,10.6951566951567,2.22762927419067,0.877914951989026,8.19101123595506,27,27,19,5,0.423172530438545,2.42274579926742,2.42274579926742,2.29725989541499,1.09326010965311,0.744637385086823,214.859173174059,214.859173174059,151.197195937301,39.7887357729738,3.3675,19.2795984904267,19.2795984904267,18.2810133961033,8.69988752682401,-17.4226633055317,8.13933569177052,14.8599533193154,2.86330649833182,1.05703530697335,0.434577643224152,FALSE
"MAR_12","MAR_1","NCP_20a","MAR",2015,"MOZ","Ryan C.","Woollen E.; ACES","circle",NA,NA,20,NA,NA,NA,NA,NA,5,NA,FALSE,NA,NA,NA,NA,NA,NA,FALSE,NA,NA,NA,NA,NA,NA,FALSE,NA,NA,NA,NA,NA,NA,FALSE,NA,FALSE,TRUE,TRUE,NA,NA,FALSE,NA,NA,FALSE,NA,NA,NA,36.535874,-15.257395,706.049999999999,NA,NA,NA,NA,FALSE,NA,NA,NA,NA,0,"mirror_densitometer","Densiometer recordings in 4 directions for each plot (standing in the centre, face N, S, E, W). An average is taken of the four readings",NA,FALSE,NA,NA,NA,NA,NA,NA,NA,NA,NA,NA,NA,FALSE,FALSE,NA,NA,NA,NA,NA,NA,"stem",NA,TRUE,NA,NA,NA,NA,NA,NA,NA,NA,NA,NA,NA,NA,NA,NA,NA,NA,NA,NA,NA,NA,NA,NA,NA,NA,NA,NA,NA,NA,NA,NA,NA,NA,NA,NA,NA,NA,"30_moz_ryan_ACES_checkN.xlsx","30_mozambique_various_ACES_clean.csv","2017","https://doi.org/10.1111/j.1744-7429.2010.00713.x",FALSE,NA,0.125663706143592,NA,125.663706143592,55,5.8,18.265,12.45,13.0664808212706,18.265,12.45,13.0664808212706,20.1764705882353,13,13.2870016092686,35.2,34.6,11.8253963992756,20,0,NA,NA,NA,NA,NA,NA,NA,NA,NA,NA,NA,NA,NA,NA,NA,20,20,17,6,2,0,NA,20,17,"Ficus stuhlmannii","Diospyros indet","Dalbergia nitidula","Vachellia robusta","Combretum apiculatum",0.55,0.15,0.1,0.1,0.05,6,6,1.37346859410268,0.65,2.85714285714286,20,20,17,6,0.778811029001034,4.08558222129541,4.08558222129541,4.03395521240035,3.56164436510118,0.476190476190476,159.154943091895,159.154943091895,135.281701628111,47.7464829275686,6.19758125,32.5120302963765,32.5120302963765,32.1011956132416,28.3426653120624,NA,NA,20.5969543487749,1.59443800205317,3.07406185184151,0.257912693108074,FALSE
"MAR_13","MAR_1","MHR_9b","MAR",2015,"MOZ","Ryan C.","Woollen E.; ACES","circle",NA,NA,20,NA,NA,NA,NA,NA,5,NA,FALSE,NA,NA,NA,NA,NA,NA,FALSE,NA,NA,NA,NA,NA,NA,FALSE,NA,NA,NA,NA,NA,NA,FALSE,NA,TRUE,TRUE,TRUE,NA,NA,FALSE,NA,NA,FALSE,NA,NA,NA,36.572664,-15.461672,796.23,NA,NA,NA,NA,FALSE,NA,NA,NA,NA,0.605,"mirror_densitometer","Densiometer recordings in 4 directions for each plot (standing in the centre, face N, S, E, W). An average is taken of the four readings",NA,FALSE,NA,NA,NA,NA,NA,NA,NA,NA,NA,NA,NA,TRUE,FALSE,NA,NA,NA,NA,NA,NA,"stem",NA,TRUE,NA,NA,NA,NA,NA,NA,NA,NA,NA,NA,NA,NA,NA,NA,NA,NA,NA,NA,NA,NA,NA,NA,NA,NA,NA,NA,NA,NA,NA,NA,NA,NA,NA,NA,NA,NA,"30_moz_ryan_ACES_checkN.xlsx","30_mozambique_various_ACES_clean.csv","2017","https://doi.org/10.1111/j.1744-7429.2010.00713.x",FALSE,NA,0.125663706143592,NA,125.663706143592,30.6,10,22.1571428571429,23,5.65124512196838,22.1571428571429,23,5.65124512196838,22.1571428571429,23,5.65124512196838,25.8153846153846,26.3,3.20984063826803,21,0,NA,NA,NA,NA,NA,NA,NA,NA,NA,NA,NA,NA,NA,NA,NA,21,21,21,13,0,0,NA,21,21,"Brachystegia boehmii","Diplorhynchus condylocarpon","Ziziphus mucronata","Brachystegia spiciformis","Brackenridgea zanguebarica",0.285714285714286,0.19047619047619,0.19047619047619,0.0952380952380952,0.0952380952380952,7,7,1.80643697164308,0.816326530612245,5.44444444444444,21,21,21,13,0.859889252204879,5.96573640110302,5.96573640110302,5.96573640110302,5.0136787723169,0.777777777777778,167.11269024649,167.11269024649,167.11269024649,103.450713009732,6.84278125,47.47382187094,47.47382187094,47.47382187094,39.897587984457,6.96226795201494,4.61940578942998,24.2719651496773,4.77454465403949,1.16621972107373,0.855057534031776,FALSE
"MAR_14","MAR_1","MHR_22a","MAR",2015,"MOZ","Ryan C.","Woollen E.; ACES","circle",NA,NA,20,NA,NA,NA,NA,NA,5,NA,FALSE,NA,NA,NA,NA,NA,NA,FALSE,NA,NA,NA,NA,NA,NA,FALSE,NA,NA,NA,NA,NA,NA,FALSE,NA,TRUE,TRUE,TRUE,NA,NA,FALSE,NA,NA,FALSE,NA,NA,NA,36.581423,-15.472584,838.169999999999,NA,NA,NA,NA,FALSE,NA,NA,NA,NA,0,"mirror_densitometer","Densiometer recordings in 4 directions for each plot (standing in the centre, face N, S, E, W). An average is taken of the four readings",NA,FALSE,NA,NA,NA,NA,NA,NA,NA,NA,NA,NA,NA,TRUE,FALSE,NA,NA,NA,NA,NA,NA,"stem",NA,TRUE,NA,NA,NA,NA,NA,NA,NA,NA,NA,NA,NA,NA,NA,NA,NA,NA,NA,NA,NA,NA,NA,NA,NA,NA,NA,NA,NA,NA,NA,NA,NA,NA,NA,NA,NA,NA,"30_moz_ryan_ACES_checkN.xlsx","30_mozambique_various_ACES_clean.csv","2017","https://doi.org/10.1111/j.1744-7429.2010.00713.x",FALSE,NA,0.125663706143592,NA,125.663706143592,10.6,10.6,10.6,10.6,NA,10.6,10.6,NA,10.6,10.6,NA,NA,NA,NA,1,0,NA,NA,NA,NA,NA,NA,NA,NA,NA,NA,NA,NA,NA,NA,NA,1,1,1,0,0,0,NA,1,1,"Vitex doniana",NA,NA,NA,NA,1,NA,NA,NA,NA,1,1,0,0,1,1,1,1,0,0.00882473376393373,0.0244432004916317,0.0244432004916317,0.0244432004916317,0,1,7.95774715459477,7.95774715459477,7.95774715459477,0,0.070225,0.194512809161472,0.194512809161472,0.194512809161472,0,NA,NA,NA,NA,NA,NA,FALSE
"MAR_15","MAR_1","MHR_22b","MAR",2015,"MOZ","Ryan C.","Woollen E.; ACES","circle",NA,NA,20,NA,NA,NA,NA,NA,5,NA,FALSE,NA,NA,NA,NA,NA,NA,FALSE,NA,NA,NA,NA,NA,NA,FALSE,NA,NA,NA,NA,NA,NA,FALSE,NA,TRUE,TRUE,TRUE,NA,NA,FALSE,NA,NA,FALSE,NA,NA,NA,36.581459,-15.470758,827.659999999999,NA,NA,NA,NA,FALSE,NA,NA,NA,NA,0.045,"mirror_densitometer","Densiometer recordings in 4 directions for each plot (standing in the centre, face N, S, E, W). An average is taken of the four readings",NA,FALSE,NA,NA,NA,NA,NA,NA,NA,NA,NA,NA,NA,TRUE,FALSE,NA,NA,NA,NA,NA,NA,"stem",NA,TRUE,NA,NA,NA,NA,NA,NA,NA,NA,NA,NA,NA,NA,NA,NA,NA,NA,NA,NA,NA,NA,NA,NA,NA,NA,NA,NA,NA,NA,NA,NA,NA,NA,NA,NA,NA,NA,"30_moz_ryan_ACES_checkN.xlsx","30_mozambique_various_ACES_clean.csv","2017","https://doi.org/10.1111/j.1744-7429.2010.00713.x",FALSE,NA,0.125663706143592,NA,125.663706143592,45.1,12,27.1,30.95,11.3386822111617,27.1,30.95,11.3386822111617,27.1,30.95,11.3386822111617,34.46,32,6.06324995361399,8,0,NA,NA,NA,NA,NA,NA,NA,NA,NA,NA,NA,NA,NA,NA,NA,8,8,8,5,1,0,NA,7,7,"Pterocarpus angolensis","Brachystegia spiciformis","Sclerocarya birrea","Indet indet",NA,0.375,0.25,0.25,0.125,NA,4,4,1.32088834314932,0.71875,3.55555555555556,8,8,8,5,0.532126105257693,3.78733379885516,3.78733379885516,3.78733379885516,3.51724021816743,0.888888888888889,63.6619772367581,63.6619772367581,63.6619772367581,39.7887357729738,4.234525,30.1386447613403,30.1386447613403,30.1386447613403,27.9893083381481,NA,NA,30.5109152615096,2.8538956529563,3.97690863326655,0.820388230495806,FALSE
"MAR_16","MAR_1","MHR_8b","MAR",2015,"MOZ","Ryan C.","Woollen E.; ACES","circle",NA,NA,20,NA,NA,NA,NA,NA,5,NA,FALSE,NA,NA,NA,NA,NA,NA,FALSE,NA,NA,NA,NA,NA,NA,FALSE,NA,NA,NA,NA,NA,NA,FALSE,NA,TRUE,TRUE,TRUE,NA,NA,FALSE,NA,NA,FALSE,NA,NA,NA,36.583948,-15.446462,764.559999999999,NA,NA,NA,NA,FALSE,NA,NA,NA,NA,0.1375,"mirror_densitometer","Densiometer recordings in 4 directions for each plot (standing in the centre, face N, S, E, W). An average is taken of the four readings",NA,FALSE,NA,NA,NA,NA,NA,NA,NA,NA,NA,NA,NA,TRUE,FALSE,NA,NA,NA,NA,NA,NA,"stem",NA,TRUE,NA,NA,NA,NA,NA,NA,NA,NA,NA,NA,NA,NA,NA,NA,NA,NA,NA,NA,NA,NA,NA,NA,NA,NA,NA,NA,NA,NA,NA,NA,NA,NA,NA,NA,NA,NA,"30_moz_ryan_ACES_checkN.xlsx","30_mozambique_various_ACES_clean.csv","2017","https://doi.org/10.1111/j.1744-7429.2010.00713.x",FALSE,NA,0.125663706143592,NA,125.663706143592,36,5.1,11.996,9.5,8.3058954965735,11.996,9.5,8.3058954965735,17.5833333333333,12,9.07001386521275,28.75,28.5,6.07590871118606,25,0,NA,NA,NA,NA,NA,NA,NA,NA,NA,NA,NA,NA,NA,NA,NA,25,25,12,4,0,0,NA,25,22,"Strychnos spinosa","Julbernardia globiflora","Bobgunnia madagascariensis","Lannea indet","Lannea schweinfurthii",0.32,0.2,0.16,0.08,0.08,9,9,1.89885630237506,0.8128,5.34188034188034,25,25,12,4,0.412594002575745,3.02175891000371,3.02175891000371,2.83147152605501,2.34754575573625,0.593542260208927,198.943678864869,198.943678864869,95.4929658551372,31.8309886183791,3.28331875,24.0463933679534,24.0463933679534,22.5321344797804,18.6811755579912,NA,NA,13.5646788288667,1.64444584776131,1.75666326088446,0.234277300635484,FALSE
"MAR_17","MAR_1","MHR_7a","MAR",2015,"MOZ","Ryan C.","Woollen E.; ACES","circle",NA,NA,20,NA,NA,NA,NA,NA,5,NA,FALSE,NA,NA,NA,NA,NA,NA,FALSE,NA,NA,NA,NA,NA,NA,FALSE,NA,NA,NA,NA,NA,NA,FALSE,NA,TRUE,TRUE,TRUE,NA,NA,FALSE,NA,NA,FALSE,NA,NA,NA,36.585594,-15.44529,757.19,NA,NA,NA,NA,FALSE,NA,NA,NA,NA,0.0525,"mirror_densitometer","Densiometer recordings in 4 directions for each plot (standing in the centre, face N, S, E, W). An average is taken of the four readings",NA,FALSE,NA,NA,NA,NA,NA,NA,NA,NA,NA,NA,NA,FALSE,FALSE,NA,NA,NA,NA,NA,NA,"stem",NA,TRUE,NA,NA,NA,NA,NA,NA,NA,NA,NA,NA,NA,NA,NA,NA,NA,NA,NA,NA,NA,NA,NA,NA,NA,NA,NA,NA,NA,NA,NA,NA,NA,NA,NA,NA,NA,NA,"30_moz_ryan_ACES_checkN.xlsx","30_mozambique_various_ACES_clean.csv","2017","https://doi.org/10.1111/j.1744-7429.2010.00713.x",FALSE,NA,0.125663706143592,NA,125.663706143592,NA,NA,NA,NA,NA,NA,NA,NA,NA,NA,NA,NA,NA,NA,0,0,NA,NA,NA,NA,NA,NA,NA,NA,NA,NA,NA,NA,NA,NA,NA,0,0,0,0,0,0,NA,0,0,NA,NA,NA,NA,NA,NA,NA,NA,NA,NA,0,NA,NA,NA,NA,0,0,0,0,0,0,0,0,0,NA,0,0,0,0,0,0,0,0,0,NA,NA,NA,NA,NA,NA,FALSE
"MAR_18","MAR_1","MHR_19a","MAR",2015,"MOZ","Ryan C.","Woollen E.; ACES","circle",NA,NA,20,NA,NA,NA,NA,NA,5,NA,FALSE,NA,NA,NA,NA,NA,NA,FALSE,NA,NA,NA,NA,NA,NA,FALSE,NA,NA,NA,NA,NA,NA,FALSE,NA,FALSE,TRUE,TRUE,NA,NA,FALSE,NA,NA,FALSE,NA,NA,NA,36.589737,-15.458768,786.409999999999,NA,NA,NA,NA,FALSE,NA,NA,NA,NA,0,"mirror_densitometer","Densiometer recordings in 4 directions for each plot (standing in the centre, face N, S, E, W). An average is taken of the four readings",NA,FALSE,NA,NA,NA,NA,NA,NA,NA,NA,NA,NA,NA,TRUE,FALSE,NA,NA,TRUE,NA,NA,NA,"stem",NA,TRUE,NA,NA,NA,NA,NA,NA,NA,NA,NA,NA,NA,NA,NA,NA,NA,NA,NA,NA,NA,NA,NA,NA,NA,NA,NA,NA,NA,NA,NA,NA,NA,NA,NA,NA,NA,NA,"30_moz_ryan_ACES_checkN.xlsx","30_mozambique_various_ACES_clean.csv","2017","https://doi.org/10.1111/j.1744-7429.2010.00713.x",FALSE,NA,0.125663706143592,NA,125.663706143592,23.7,23.7,23.7,23.7,NA,23.7,23.7,NA,23.7,23.7,NA,23.7,23.7,NA,1,0,NA,NA,NA,NA,NA,NA,NA,NA,NA,NA,NA,NA,NA,NA,NA,1,1,1,1,0,0,NA,1,1,"Burkea africana",NA,NA,NA,NA,1,NA,NA,NA,NA,1,1,0,0,1,1,1,1,1,0.0441150294398713,0.292806511832155,0.292806511832155,0.292806511832155,0.292806511832155,1,7.95774715459477,7.95774715459477,7.95774715459477,7.95774715459477,0.35105625,2.33008018637915,2.33008018637915,2.33008018637915,2.33008018637915,NA,NA,NA,NA,NA,NA,FALSE
"MAR_19","MAR_1","MHR_19b","MAR",2015,"MOZ","Ryan C.","Woollen E.; ACES","circle",NA,NA,20,NA,NA,NA,NA,NA,5,NA,FALSE,NA,NA,NA,NA,NA,NA,FALSE,NA,NA,NA,NA,NA,NA,FALSE,NA,NA,NA,NA,NA,NA,FALSE,NA,FALSE,TRUE,TRUE,NA,NA,FALSE,NA,NA,FALSE,NA,NA,NA,36.589763,-15.456959,777.539999999999,NA,NA,NA,NA,FALSE,NA,NA,NA,NA,0,"mirror_densitometer","Densiometer recordings in 4 directions for each plot (standing in the centre, face N, S, E, W). An average is taken of the four readings",NA,FALSE,NA,NA,NA,NA,NA,NA,NA,NA,NA,NA,NA,FALSE,FALSE,NA,NA,NA,NA,NA,NA,"stem",NA,TRUE,NA,NA,NA,NA,NA,NA,NA,NA,NA,NA,NA,NA,NA,NA,NA,NA,NA,NA,NA,NA,NA,NA,NA,NA,NA,NA,NA,NA,NA,NA,NA,NA,NA,NA,NA,NA,"30_moz_ryan_ACES_checkN.xlsx","30_mozambique_various_ACES_clean.csv","2017","https://doi.org/10.1111/j.1744-7429.2010.00713.x",FALSE,NA,0.125663706143592,NA,125.663706143592,12,5,6.41666666666667,5.2,2.23925041570665,6.41666666666667,5.2,2.23925041570665,12,12,NA,NA,NA,NA,12,0,NA,NA,NA,NA,NA,NA,NA,NA,NA,NA,NA,NA,NA,NA,NA,12,12,1,0,0,0,NA,10,10,"Afzelia quanzensis","Brachystegia bussei","Indet indet","Margaritaria discoidea","Ficus abutilifolia",0.166666666666667,0.166666666666667,0.166666666666667,0.166666666666667,0.0833333333333333,8,8,2.0228085294147,0.861111111111111,7.2,12,12,1,0,0.0431372087264415,0.136532054036582,0.136532054036582,0.0457082793862323,0,0.9,95.4929658551372,95.4929658551372,7.95774715459477,0,0.343275,1.08648756452059,1.08648756452059,0.363734930227212,0,NA,NA,7.17296862920113,3.01625132190027,0.732094784469585,0.609550316819541,FALSE
"MAR_20","MAR_1","MHR_23b","MAR",2015,"MOZ","Ryan C.","Woollen E.; ACES","circle",NA,NA,20,NA,NA,NA,NA,NA,5,NA,FALSE,NA,NA,NA,NA,NA,NA,FALSE,NA,NA,NA,NA,NA,NA,FALSE,NA,NA,NA,NA,NA,NA,FALSE,NA,TRUE,TRUE,TRUE,NA,NA,FALSE,NA,NA,FALSE,NA,NA,NA,36.591328,-15.448266,766.169999999999,NA,NA,NA,NA,FALSE,NA,NA,NA,NA,0,"mirror_densitometer","Densiometer recordings in 4 directions for each plot (standing in the centre, face N, S, E, W). An average is taken of the four readings",NA,FALSE,NA,NA,NA,NA,NA,NA,NA,NA,NA,NA,NA,TRUE,FALSE,NA,NA,NA,NA,NA,NA,"stem",NA,TRUE,NA,NA,NA,NA,NA,NA,NA,NA,NA,NA,NA,NA,NA,NA,NA,NA,NA,NA,NA,NA,NA,NA,NA,NA,NA,NA,NA,NA,NA,NA,NA,NA,NA,NA,NA,NA,"30_moz_ryan_ACES_checkN.xlsx","30_mozambique_various_ACES_clean.csv","2017","https://doi.org/10.1111/j.1744-7429.2010.00713.x",FALSE,NA,0.125663706143592,NA,125.663706143592,NA,NA,NA,NA,NA,NA,NA,NA,NA,NA,NA,NA,NA,NA,0,0,NA,NA,NA,NA,NA,NA,NA,NA,NA,NA,NA,NA,NA,NA,NA,0,0,0,0,0,0,NA,0,0,NA,NA,NA,NA,NA,NA,NA,NA,NA,NA,0,NA,NA,NA,NA,0,0,0,0,0,0,0,0,0,NA,0,0,0,0,0,0,0,0,0,NA,NA,NA,NA,NA,NA,FALSE
"MAR_21","MAR_1","MHR_23a","MAR",2015,"MOZ","Ryan C.","Woollen E.; ACES","circle",NA,NA,20,NA,NA,NA,NA,NA,5,NA,FALSE,NA,NA,NA,NA,NA,NA,FALSE,NA,NA,NA,NA,NA,NA,FALSE,NA,NA,NA,NA,NA,NA,FALSE,NA,TRUE,TRUE,TRUE,NA,NA,FALSE,NA,NA,FALSE,NA,NA,NA,36.591315,-15.45007,764.159999999999,NA,NA,NA,NA,FALSE,NA,NA,NA,NA,0,"mirror_densitometer","Densiometer recordings in 4 directions for each plot (standing in the centre, face N, S, E, W). An average is taken of the four readings",NA,FALSE,NA,NA,NA,NA,NA,NA,NA,NA,NA,NA,NA,FALSE,FALSE,NA,NA,NA,NA,NA,NA,"stem",NA,TRUE,NA,NA,NA,NA,NA,NA,NA,NA,NA,NA,NA,NA,NA,NA,NA,NA,NA,NA,NA,NA,NA,NA,NA,NA,NA,NA,NA,NA,NA,NA,NA,NA,NA,NA,NA,NA,"30_moz_ryan_ACES_checkN.xlsx","30_mozambique_various_ACES_clean.csv","2017","https://doi.org/10.1111/j.1744-7429.2010.00713.x",FALSE,NA,0.125663706143592,NA,125.663706143592,9.2,5,6.42,6.3,1.66042163320043,6.42,6.3,1.66042163320043,NA,NA,NA,NA,NA,NA,5,0,NA,NA,NA,NA,NA,NA,NA,NA,NA,NA,NA,NA,NA,NA,NA,5,5,0,0,0,0,NA,5,5,"Julbernardia globiflora","Brachystegia bussei","Strychnos spinosa",NA,NA,0.6,0.2,0.2,NA,NA,3,3,0.950270539233235,0.56,2.27272727272727,5,5,0,0,0.017051779525522,0.0622554747633155,0.0622554747633155,0,0,0.757575757575758,39.7887357729738,39.7887357729738,0,0,0.13569375,0.49541332715572,0.49541332715572,0,0,NA,NA,7.02601426968701,4.3566130016305,0.768086825746522,1.41932169611164,FALSE
"MAR_22","MAR_1","MHR_4a","MAR",2015,"MOZ","Ryan C.","Woollen E.; ACES","circle",NA,NA,20,NA,NA,NA,NA,NA,5,NA,FALSE,NA,NA,NA,NA,NA,NA,FALSE,NA,NA,NA,NA,NA,NA,FALSE,NA,NA,NA,NA,NA,NA,FALSE,NA,TRUE,TRUE,TRUE,NA,NA,FALSE,NA,NA,FALSE,NA,NA,NA,36.593471,-15.456775,787.809999999999,NA,NA,NA,NA,FALSE,NA,NA,NA,NA,0,"mirror_densitometer","Densiometer recordings in 4 directions for each plot (standing in the centre, face N, S, E, W). An average is taken of the four readings",NA,FALSE,NA,NA,NA,NA,NA,NA,NA,NA,NA,NA,NA,FALSE,FALSE,NA,NA,NA,NA,NA,NA,"stem",NA,TRUE,NA,NA,NA,NA,NA,NA,NA,NA,NA,NA,NA,NA,NA,NA,NA,NA,NA,NA,NA,NA,NA,NA,NA,NA,NA,NA,NA,NA,NA,NA,NA,NA,NA,NA,NA,NA,"30_moz_ryan_ACES_checkN.xlsx","30_mozambique_various_ACES_clean.csv","2017","https://doi.org/10.1111/j.1744-7429.2010.00713.x",FALSE,NA,0.125663706143592,NA,125.663706143592,18.9,10.2,14.55,15,2.8661821295933,14.55,15,2.8661821295933,14.55,15,2.8661821295933,NA,NA,NA,6,0,NA,NA,NA,NA,NA,NA,NA,NA,NA,NA,NA,NA,NA,NA,NA,6,6,6,0,0,0,NA,6,6,"Dalbergia melanoxylon","Thespesia garckeana","Piliostigma thonningii",NA,NA,0.5,0.333333333333333,0.166666666666667,NA,NA,3,3,1.01140426470735,0.611111111111111,2.57142857142857,6,6,6,0,0.102988475768144,0.696803176843465,0.696803176843465,0.696803176843465,0,0.857142857142857,47.7464829275686,47.7464829275686,47.7464829275686,0,0.81955625,5.54498349783868,5.54498349783868,5.54498349783868,0,NA,NA,15.640490464298,6.19269773008398,1.08971972990301,1.93153961880521,FALSE
"MAR_23","MAR_1","MHR_4b","MAR",2015,"MOZ","Ryan C.","Woollen E.; ACES","circle",NA,NA,20,NA,NA,NA,NA,NA,5,NA,FALSE,NA,NA,NA,NA,NA,NA,FALSE,NA,NA,NA,NA,NA,NA,FALSE,NA,NA,NA,NA,NA,NA,FALSE,NA,TRUE,TRUE,TRUE,NA,NA,FALSE,NA,NA,FALSE,NA,NA,NA,36.593499,-15.454983,778.32,NA,NA,NA,NA,FALSE,NA,NA,NA,NA,0.06,"mirror_densitometer","Densiometer recordings in 4 directions for each plot (standing in the centre, face N, S, E, W). An average is taken of the four readings",NA,FALSE,NA,NA,NA,NA,NA,NA,NA,NA,NA,NA,NA,FALSE,FALSE,NA,NA,TRUE,NA,NA,NA,"stem",NA,TRUE,NA,NA,NA,NA,NA,NA,NA,NA,NA,NA,NA,NA,NA,NA,NA,NA,NA,NA,NA,NA,NA,NA,NA,NA,NA,NA,NA,NA,NA,NA,NA,NA,NA,NA,NA,NA,"30_moz_ryan_ACES_checkN.xlsx","30_mozambique_various_ACES_clean.csv","2017","https://doi.org/10.1111/j.1744-7429.2010.00713.x",FALSE,NA,0.125663706143592,NA,125.663706143592,12.1,5,6.74,6,2.25053080158635,6.74,6,2.25053080158635,12.1,12.1,NA,NA,NA,NA,10,0,NA,NA,NA,NA,NA,NA,NA,NA,NA,NA,NA,NA,NA,NA,NA,10,10,1,0,0,0,NA,10,8,"Combretum apiculatum","Aloe zebrina","Boscia indet","Brachystegia bussei","Combretum collinum",0.4,0.2,0.1,0.1,0.1,6,6,1.6094379124341,0.76,4.16666666666667,10,10,1,0,0.0392589125955849,0.174182568641962,0.174182568641962,0.0732292765745056,0,0.694444444444444,79.5774715459477,79.5774715459477,7.95774715459477,0,0.3124125,1.38610083999058,1.38610083999058,0.582740067293805,0,NA,NA,7.51123637827505,3.16121825270863,0.801028558614372,0.699846506006718,FALSE
"MAR_24","MAR_1","NSE_22a","MAR",2015,"MOZ","Ryan C.","Woollen E.; ACES","circle",NA,NA,20,NA,NA,NA,NA,NA,5,NA,FALSE,NA,NA,NA,NA,NA,NA,FALSE,NA,NA,NA,NA,NA,NA,FALSE,NA,NA,NA,NA,NA,NA,FALSE,NA,TRUE,TRUE,TRUE,NA,NA,FALSE,NA,NA,FALSE,NA,NA,NA,36.600052,-15.1794,606.96,NA,NA,NA,NA,FALSE,NA,NA,NA,NA,0.84,"mirror_densitometer","Densiometer recordings in 4 directions for each plot (standing in the centre, face N, S, E, W). An average is taken of the four readings",NA,FALSE,NA,NA,NA,NA,NA,NA,NA,NA,NA,NA,NA,FALSE,FALSE,NA,NA,NA,NA,NA,NA,"stem",NA,TRUE,NA,NA,NA,NA,NA,NA,NA,NA,NA,NA,NA,NA,NA,NA,NA,NA,NA,NA,NA,NA,NA,NA,NA,NA,NA,NA,NA,NA,NA,NA,NA,NA,NA,NA,NA,NA,"30_moz_ryan_ACES_checkN.xlsx","30_mozambique_various_ACES_clean.csv","2017","https://doi.org/10.1111/j.1744-7429.2010.00713.x",FALSE,NA,0.125663706143592,NA,125.663706143592,38,9,17,14,9.01849950564579,17,14,9.01849950564579,17.8888888888889,15,9.08906546962399,32.5,32.5,7.77817459305202,10,0,NA,NA,NA,NA,NA,NA,NA,NA,NA,NA,NA,NA,NA,NA,NA,10,10,9,2,0,0,NA,9,8,"Combretum collinum","Combretum indet","Diplorhynchus condylocarpon","Indet indet","Sterculia africana",0.6,0.1,0.1,0.1,0.1,5,5,1.22752941145721,0.6,2.5,10,10,9,2,0.284471214782556,2.09357135652475,2.09357135652475,2.06379314012725,1.42124661472948,0.5,79.5774715459477,79.5774715459477,71.6197243913529,15.9154943091895,2.26375,16.6601115053259,16.6601115053259,16.4231439885198,11.309921204341,NA,NA,19.3200981891573,2.13221419437065,3.05198994051097,0.481539621566699,FALSE
"MAR_25","MAR_1","NSE_22b","MAR",2015,"MOZ","Ryan C.","Woollen E.; ACES","circle",NA,NA,20,NA,NA,NA,NA,NA,5,NA,FALSE,NA,NA,NA,NA,NA,NA,FALSE,NA,NA,NA,NA,NA,NA,FALSE,NA,NA,NA,NA,NA,NA,FALSE,NA,TRUE,TRUE,TRUE,NA,NA,FALSE,NA,NA,FALSE,NA,NA,NA,36.600099,-15.177598,612.96,NA,NA,NA,NA,FALSE,NA,NA,NA,NA,0.51,"mirror_densitometer","Densiometer recordings in 4 directions for each plot (standing in the centre, face N, S, E, W). An average is taken of the four readings",NA,FALSE,NA,NA,NA,NA,NA,NA,NA,NA,NA,NA,NA,FALSE,FALSE,NA,NA,NA,NA,NA,NA,"stem",NA,TRUE,NA,NA,NA,NA,NA,NA,NA,NA,NA,NA,NA,NA,NA,NA,NA,NA,NA,NA,NA,NA,NA,NA,NA,NA,NA,NA,NA,NA,NA,NA,NA,NA,NA,NA,NA,NA,"30_moz_ryan_ACES_checkN.xlsx","30_mozambique_various_ACES_clean.csv","2017","https://doi.org/10.1111/j.1744-7429.2010.00713.x",FALSE,NA,0.125663706143592,NA,125.663706143592,25,5.1,10.796,10.8,3.65393395306118,10.796,10.8,3.65393395306118,11.7142857142857,11,3.19488430374023,25,25,NA,25,0,NA,NA,NA,NA,NA,NA,NA,NA,NA,NA,NA,NA,NA,NA,NA,25,25,21,1,0,0,NA,24,24,"Pseudolachnostylis maprouneifolia","Combretum apiculatum","Diplorhynchus condylocarpon","Combretum collinum","Lannea schweinfurthii",0.2,0.16,0.16,0.12,0.12,11,11,2.18970709754267,0.8704,7.71604938271605,25,25,21,1,0.254018971793147,0.990462527300032,0.990462527300032,0.951874893115145,0.188059482767454,0.701459034792368,198.943678864869,198.943678864869,167.11269024649,7.95774715459477,2.02141875,7.88185035835457,7.88185035835457,7.57477972221724,1.49652981388727,NA,NA,12.0125975875779,2.90032136875657,0.879998210719319,0.3779593371612,FALSE
"MAR_26","MAR_1","MHR_18a","MAR",2015,"MOZ","Ryan C.","Woollen E.; ACES","circle",NA,NA,20,NA,NA,NA,NA,NA,5,NA,FALSE,NA,NA,NA,NA,NA,NA,FALSE,NA,NA,NA,NA,NA,NA,FALSE,NA,NA,NA,NA,NA,NA,FALSE,NA,TRUE,TRUE,TRUE,NA,NA,FALSE,NA,NA,FALSE,NA,NA,NA,36.598094,-15.459837,798.2,NA,NA,NA,NA,FALSE,NA,NA,NA,NA,0,"mirror_densitometer","Densiometer recordings in 4 directions for each plot (standing in the centre, face N, S, E, W). An average is taken of the four readings",NA,FALSE,NA,NA,NA,NA,NA,NA,NA,NA,NA,NA,NA,FALSE,FALSE,NA,NA,TRUE,NA,NA,NA,"stem",NA,TRUE,NA,NA,NA,NA,NA,NA,NA,NA,NA,NA,NA,NA,NA,NA,NA,NA,NA,NA,NA,NA,NA,NA,NA,NA,NA,NA,NA,NA,NA,NA,NA,NA,NA,NA,NA,NA,"30_moz_ryan_ACES_checkN.xlsx","30_mozambique_various_ACES_clean.csv","2017","https://doi.org/10.1111/j.1744-7429.2010.00713.x",FALSE,NA,0.125663706143592,NA,125.663706143592,11.1,5,7.36666666666667,6.3,2.5781130050226,7.36666666666667,6.3,2.5781130050226,10.6,10.6,0.707106781186548,NA,NA,NA,6,0,NA,NA,NA,NA,NA,NA,NA,NA,NA,NA,NA,NA,NA,NA,NA,6,6,2,0,0,0,NA,6,6,"Annona senegalensis","Piliostigma thonningii",NA,NA,NA,0.666666666666667,0.333333333333333,NA,NA,NA,2,2,0.636514168294813,0.444444444444444,1.8,6,6,2,0,0.028183227695354,0.120326753194728,0.120326753194728,0.0854062680433549,0,0.9,47.7464829275686,47.7464829275686,15.9154943091895,0,0.224275,0.957529877856973,0.957529877856973,0.679641486506565,0,NA,NA,8.22442202314472,3.37958829173053,1.05539961004652,1.06031123999912,FALSE
"MAR_27","MAR_1","SRA_4a","MAR",2015,"MOZ","Ryan C.","Woollen E.; ACES","circle",NA,NA,20,NA,NA,NA,NA,NA,5,NA,FALSE,NA,NA,NA,NA,NA,NA,FALSE,NA,NA,NA,NA,NA,NA,FALSE,NA,NA,NA,NA,NA,NA,FALSE,NA,TRUE,TRUE,TRUE,NA,NA,FALSE,NA,NA,FALSE,NA,NA,NA,36.614249,-15.315722,695.37,NA,NA,NA,NA,FALSE,NA,NA,NA,NA,0.1275,"mirror_densitometer","Densiometer recordings in 4 directions for each plot (standing in the centre, face N, S, E, W). An average is taken of the four readings",NA,FALSE,NA,NA,NA,NA,NA,NA,NA,NA,NA,NA,NA,FALSE,FALSE,NA,NA,NA,NA,NA,NA,"stem",NA,TRUE,NA,NA,NA,NA,NA,NA,NA,NA,NA,NA,NA,NA,NA,NA,NA,NA,NA,NA,NA,NA,NA,NA,NA,NA,NA,NA,NA,NA,NA,NA,NA,NA,NA,NA,NA,NA,"30_moz_ryan_ACES_checkN.xlsx","30_mozambique_various_ACES_clean.csv","2017","https://doi.org/10.1111/j.1744-7429.2010.00713.x",FALSE,NA,0.125663706143592,NA,125.663706143592,37.5,5,18.5,12.5,13.6669570236287,18.5,12.5,13.6669570236287,25.7,30,12.3773987574126,34.5,36,3.96862696659689,8,0,NA,NA,NA,NA,NA,NA,NA,NA,NA,NA,NA,NA,NA,NA,NA,8,8,5,3,0,0,NA,8,7,"Burkea africana","Combretum collinum","Cussonia indet","Pericopsis angolensis","Piliostigma thonningii",0.25,0.125,0.125,0.125,0.125,7,7,1.90615474653985,0.84375,6.4,8,8,5,3,0.317732827002438,2.32510521490202,2.32510521490202,2.29920312036371,2.17330341134206,0.914285714285714,63.6619772367581,63.6619772367581,39.7887357729738,23.8732414637843,2.5284375,18.50259940802,18.50259940802,18.2964770889097,17.2945990376784,NA,NA,20.6286144864147,1.50310273079379,5.13941594794913,0.421577246486924,FALSE
"MAR_28","MAR_1","SRA_4b","MAR",2015,"MOZ","Ryan C.","Woollen E.; ACES","circle",NA,NA,20,NA,NA,NA,NA,NA,5,NA,FALSE,NA,NA,NA,NA,NA,NA,FALSE,NA,NA,NA,NA,NA,NA,FALSE,NA,NA,NA,NA,NA,NA,FALSE,NA,TRUE,TRUE,TRUE,NA,NA,FALSE,NA,NA,FALSE,NA,NA,NA,36.614274,-15.31391,694.85,NA,NA,NA,NA,FALSE,NA,NA,NA,NA,0.28,"mirror_densitometer","Densiometer recordings in 4 directions for each plot (standing in the centre, face N, S, E, W). An average is taken of the four readings",NA,FALSE,NA,NA,NA,NA,NA,NA,NA,NA,NA,NA,NA,FALSE,FALSE,NA,NA,NA,NA,NA,NA,"stem",NA,TRUE,NA,NA,NA,NA,NA,NA,NA,NA,NA,NA,NA,NA,NA,NA,NA,NA,NA,NA,NA,NA,NA,NA,NA,NA,NA,NA,NA,NA,NA,NA,NA,NA,NA,NA,NA,NA,"30_moz_ryan_ACES_checkN.xlsx","30_mozambique_various_ACES_clean.csv","2017","https://doi.org/10.1111/j.1744-7429.2010.00713.x",FALSE,NA,0.125663706143592,NA,125.663706143592,42.5,5,25.2416666666667,26.25,10.9772871572777,25.2416666666667,26.25,10.9772871572777,27.0818181818182,28,9.37302706512877,31.125,29.25,7.27888335235171,12,0,NA,NA,NA,NA,NA,NA,NA,NA,NA,NA,NA,NA,NA,NA,NA,12,12,11,8,1,0,NA,10,6,"Cussonia indet","Diplorhynchus condylocarpon","Indet indet","Burkea africana","Crossopteryx febrifuga",0.333333333333333,0.25,0.166666666666667,0.0833333333333333,0.0833333333333333,6,6,1.63263092715435,0.777777777777778,4.5,12,12,11,8,0.704597185745282,3.80436827557325,3.80436827557325,3.80046664287952,3.53323301691627,0.75,95.4929658551372,95.4929658551372,87.5352187005424,63.6619772367581,5.60700625,30.2742008199736,30.2742008199736,30.2431526135068,28.1165749868857,NA,NA,28.3517384780935,2.60176918449495,3.29017826468576,0.619773323206896,FALSE
"MAR_29","MAR_1","NSE_0a","MAR",2015,"MOZ","Ryan C.","Woollen E.; ACES","circle",NA,NA,20,NA,NA,NA,NA,NA,5,NA,FALSE,NA,NA,NA,NA,NA,NA,FALSE,NA,NA,NA,NA,NA,NA,FALSE,NA,NA,NA,NA,NA,NA,FALSE,NA,TRUE,TRUE,TRUE,NA,NA,FALSE,NA,NA,FALSE,NA,NA,NA,36.624121,-15.196395,649.029999999999,NA,NA,NA,NA,FALSE,NA,NA,NA,NA,0,"mirror_densitometer","Densiometer recordings in 4 directions for each plot (standing in the centre, face N, S, E, W). An average is taken of the four readings",NA,FALSE,NA,NA,NA,NA,NA,NA,NA,NA,NA,NA,NA,TRUE,FALSE,NA,NA,TRUE,NA,NA,NA,"stem",NA,TRUE,NA,NA,NA,NA,NA,NA,NA,NA,NA,NA,NA,NA,NA,NA,NA,NA,NA,NA,NA,NA,NA,NA,NA,NA,NA,NA,NA,NA,NA,NA,NA,NA,NA,NA,NA,NA,"30_moz_ryan_ACES_checkN.xlsx","30_mozambique_various_ACES_clean.csv","2017","https://doi.org/10.1111/j.1744-7429.2010.00713.x",FALSE,NA,0.125663706143592,NA,125.663706143592,NA,NA,NA,NA,NA,NA,NA,NA,NA,NA,NA,NA,NA,NA,0,0,NA,NA,NA,NA,NA,NA,NA,NA,NA,NA,NA,NA,NA,NA,NA,0,0,0,0,0,0,NA,0,0,NA,NA,NA,NA,NA,NA,NA,NA,NA,NA,0,NA,NA,NA,NA,0,0,0,0,0,0,0,0,0,NA,0,0,0,0,0,0,0,0,0,NA,NA,NA,NA,NA,NA,FALSE
"MAR_30","MAR_1","SRA_7a","MAR",2015,"MOZ","Ryan C.","Woollen E.; ACES","circle",NA,NA,20,NA,NA,NA,NA,NA,5,NA,FALSE,NA,NA,NA,NA,NA,NA,FALSE,NA,NA,NA,NA,NA,NA,FALSE,NA,NA,NA,NA,NA,NA,FALSE,NA,TRUE,TRUE,TRUE,NA,NA,FALSE,NA,NA,FALSE,NA,NA,NA,36.624573,-15.317267,698.11,NA,NA,NA,NA,FALSE,NA,NA,NA,NA,0.2925,"mirror_densitometer","Densiometer recordings in 4 directions for each plot (standing in the centre, face N, S, E, W). An average is taken of the four readings",NA,FALSE,NA,NA,NA,NA,NA,NA,NA,NA,NA,NA,NA,FALSE,FALSE,NA,NA,NA,NA,NA,NA,"stem",NA,TRUE,NA,NA,NA,NA,NA,NA,NA,NA,NA,NA,NA,NA,NA,NA,NA,NA,NA,NA,NA,NA,NA,NA,NA,NA,NA,NA,NA,NA,NA,NA,NA,NA,NA,NA,NA,NA,"30_moz_ryan_ACES_checkN.xlsx","30_mozambique_various_ACES_clean.csv","2017","https://doi.org/10.1111/j.1744-7429.2010.00713.x",FALSE,NA,0.125663706143592,NA,125.663706143592,28,7,10.530303030303,9.5,3.78306133049717,10.530303030303,9.5,3.78306133049717,13.625,12.5,4.90419579173144,28,28,NA,33,0,NA,NA,NA,NA,NA,NA,NA,NA,NA,NA,NA,NA,NA,NA,NA,33,33,12,1,0,0,NA,32,32,"Terminalia sericea","Combretum collinum","Diplorhynchus condylocarpon","Diospyros kirkii","Lannea discolor",0.303030303030303,0.272727272727273,0.151515151515152,0.0606060606060606,0.0606060606060606,9,8.11340041123133,1.8296304471787,0.797061524334252,4.92760180995475,33,33,12,1,0.323368058824814,1.74258948061271,1.74258948061271,1.23767220757255,0.514558011380171,0.547511312217195,262.605656101627,262.605656101627,95.4929658551372,7.95774715459477,2.57328125,13.8670864809726,13.8670864809726,9.8490824881315,4.0947225509345,NA,NA,11.7565825596516,2.66679159039812,0.818785619912017,0.28985831142341,FALSE
"MAR_31","MAR_1","SRA_7b","MAR",2015,"MOZ","Ryan C.","Woollen E.; ACES","circle",NA,NA,20,NA,NA,NA,NA,NA,5,NA,FALSE,NA,NA,NA,NA,NA,NA,FALSE,NA,NA,NA,NA,NA,NA,FALSE,NA,NA,NA,NA,NA,NA,FALSE,NA,TRUE,TRUE,TRUE,NA,NA,FALSE,NA,NA,FALSE,NA,NA,NA,36.6246,-15.315461,692.309999999999,NA,NA,NA,NA,FALSE,NA,NA,NA,NA,0,"mirror_densitometer","Densiometer recordings in 4 directions for each plot (standing in the centre, face N, S, E, W). An average is taken of the four readings",NA,FALSE,NA,NA,NA,NA,NA,NA,NA,NA,NA,NA,NA,TRUE,FALSE,NA,NA,NA,NA,NA,NA,"stem",NA,TRUE,NA,NA,NA,NA,NA,NA,NA,NA,NA,NA,NA,NA,NA,NA,NA,NA,NA,NA,NA,NA,NA,NA,NA,NA,NA,NA,NA,NA,NA,NA,NA,NA,NA,NA,NA,NA,"30_moz_ryan_ACES_checkN.xlsx","30_mozambique_various_ACES_clean.csv","2017","https://doi.org/10.1111/j.1744-7429.2010.00713.x",FALSE,NA,0.125663706143592,NA,125.663706143592,48.5,5.5,12.1071428571429,7.75,11.4172247931808,12.1071428571429,7.75,11.4172247931808,24.125,18.5,17.0312213302511,35.75,35.75,18.031222920257,14,0,NA,NA,NA,NA,NA,NA,NA,NA,NA,NA,NA,NA,NA,NA,NA,14,14,4,2,1,0,NA,14,14,"Combretum collinum","Annona senegalensis","Piliostigma thonningii","Pterocarpus rotundifolius",NA,0.428571428571429,0.357142857142857,0.142857142857143,0.0714285714285714,NA,4,4,1.19734013399678,0.663265306122449,2.96969696969697,14,14,4,2,0.294269056870939,2.74434392767433,2.74434392767433,2.56120669796627,2.41015903202752,0.742424242424242,111.408460164327,111.408460164327,31.8309886183791,15.9154943091895,2.34171875,21.8387950816799,21.8387950816799,20.3814353130702,19.1794361792379,NA,NA,13.4311636345021,1.35549882008404,2.82673128489916,0.243099154305202,FALSE
"MAR_32","MAR_1","NSE_20b","MAR",2015,"MOZ","Ryan C.","Woollen E.; ACES","circle",NA,NA,20,NA,NA,NA,NA,NA,5,NA,FALSE,NA,NA,NA,NA,NA,NA,FALSE,NA,NA,NA,NA,NA,NA,FALSE,NA,NA,NA,NA,NA,NA,FALSE,NA,TRUE,TRUE,TRUE,NA,NA,FALSE,NA,NA,FALSE,NA,NA,NA,36.627062,-15.186064,617.12,NA,NA,NA,NA,FALSE,NA,NA,NA,NA,0,"mirror_densitometer","Densiometer recordings in 4 directions for each plot (standing in the centre, face N, S, E, W). An average is taken of the four readings",NA,FALSE,NA,NA,NA,NA,NA,NA,NA,NA,NA,NA,NA,FALSE,FALSE,NA,NA,NA,NA,NA,NA,"stem",NA,TRUE,NA,NA,NA,NA,NA,NA,NA,NA,NA,NA,NA,NA,NA,NA,NA,NA,NA,NA,NA,NA,NA,NA,NA,NA,NA,NA,NA,NA,NA,NA,NA,NA,NA,NA,NA,NA,"30_moz_ryan_ACES_checkN.xlsx","30_mozambique_various_ACES_clean.csv","2017","https://doi.org/10.1111/j.1744-7429.2010.00713.x",FALSE,NA,0.125663706143592,NA,125.663706143592,14,5,9.85384615384615,10,2.62602849204376,9.85384615384615,10,2.62602849204376,11.1222222222222,10.1,1.52788888484878,NA,NA,NA,13,0,NA,NA,NA,NA,NA,NA,NA,NA,NA,NA,NA,NA,NA,NA,NA,13,13,9,0,0,0,NA,13,13,"Combretum collinum","Piliostigma thonningii",NA,NA,NA,0.615384615384615,0.384615384615385,NA,NA,NA,2,2,0.666278442414676,0.473372781065089,1.89887640449438,13,13,9,0,0.105638409171447,0.558309190205501,0.558309190205501,0.48464147400798,0,0.949438202247191,103.450713009732,103.450713009732,71.6197243913529,0,0.84064375,4.44288336974194,4.44288336974194,3.85665431078562,0,NA,NA,10.7922407393353,4.67084587070108,0.671416716496595,1.04482017419239,FALSE
"MAR_33","MAR_1","NSE_20a","MAR",2015,"MOZ","Ryan C.","Woollen E.; ACES","circle",NA,NA,20,NA,NA,NA,NA,NA,5,NA,FALSE,NA,NA,NA,NA,NA,NA,FALSE,NA,NA,NA,NA,NA,NA,FALSE,NA,NA,NA,NA,NA,NA,FALSE,NA,TRUE,TRUE,TRUE,NA,NA,FALSE,NA,NA,FALSE,NA,NA,NA,36.627075,-15.187868,622.11,NA,NA,NA,NA,FALSE,NA,NA,NA,NA,0.415,"mirror_densitometer","Densiometer recordings in 4 directions for each plot (standing in the centre, face N, S, E, W). An average is taken of the four readings",NA,FALSE,NA,NA,NA,NA,NA,NA,NA,NA,NA,NA,NA,TRUE,FALSE,NA,NA,NA,NA,NA,NA,"stem",NA,TRUE,NA,NA,NA,NA,NA,NA,NA,NA,NA,NA,NA,NA,NA,NA,NA,NA,NA,NA,NA,NA,NA,NA,NA,NA,NA,NA,NA,NA,NA,NA,NA,NA,NA,NA,NA,NA,"30_moz_ryan_ACES_checkN.xlsx","30_mozambique_various_ACES_clean.csv","2017","https://doi.org/10.1111/j.1744-7429.2010.00713.x",FALSE,NA,0.125663706143592,NA,125.663706143592,53,15,31.6363636363636,32,11.1469522944411,31.6363636363636,32,11.1469522944411,31.6363636363636,32,11.1469522944411,35.2222222222222,33,8.70025542409213,11,0,NA,NA,NA,NA,NA,NA,NA,NA,NA,NA,NA,NA,NA,NA,NA,11,11,11,9,2,0,NA,9,9,"Diospyros kirkii","Diplorhynchus condylocarpon","Indet indet","Combretum collinum",NA,0.363636363636364,0.363636363636364,0.181818181818182,0.0909090909090909,NA,4,4,1.2636544318821,0.694214876033058,3.27027027027027,11,11,11,9,0.962269829794554,8.00501459133955,8.00501459133955,8.00501459133955,7.7717975934999,0.817567567567568,87.5352187005424,87.5352187005424,87.5352187005424,71.6197243913529,7.6575,63.7018820867219,63.7018820867219,63.7018820867219,61.8460001857602,NA,NA,35.3215033692722,3.26964568057927,3.43553819371915,0.762121602749384,FALSE
"MAR_34","MAR_1","NSE_3a","MAR",2015,"MOZ","Ryan C.","Woollen E.; ACES","circle",NA,NA,20,NA,NA,NA,NA,NA,5,NA,FALSE,NA,NA,NA,NA,NA,NA,FALSE,NA,NA,NA,NA,NA,NA,FALSE,NA,NA,NA,NA,NA,NA,FALSE,NA,TRUE,TRUE,TRUE,NA,NA,FALSE,NA,NA,FALSE,NA,NA,NA,36.62822,-15.178692,615.509999999999,NA,NA,NA,NA,FALSE,NA,NA,NA,NA,0.045,"mirror_densitometer","Densiometer recordings in 4 directions for each plot (standing in the centre, face N, S, E, W). An average is taken of the four readings",NA,FALSE,NA,NA,NA,NA,NA,NA,NA,NA,NA,NA,NA,FALSE,FALSE,NA,NA,NA,NA,NA,NA,"stem",NA,TRUE,NA,NA,NA,NA,NA,NA,NA,NA,NA,NA,NA,NA,NA,NA,NA,NA,NA,NA,NA,NA,NA,NA,NA,NA,NA,NA,NA,NA,NA,NA,NA,NA,NA,NA,NA,NA,"30_moz_ryan_ACES_checkN.xlsx","30_mozambique_various_ACES_clean.csv","2017","https://doi.org/10.1111/j.1744-7429.2010.00713.x",FALSE,NA,0.125663706143592,NA,125.663706143592,82.9,11,28.3,25,17.9811011898604,28.3,25,17.9811011898604,28.3,25,17.9811011898604,32.39,25,18.6258154183918,13,0,NA,NA,NA,NA,NA,NA,NA,NA,NA,NA,NA,NA,NA,NA,NA,13,13,13,10,2,1,NA,11,11,"Lannea schweinfurthii","Indet indet","Piliostigma thonningii",NA,NA,0.769230769230769,0.153846153846154,0.0769230769230769,NA,NA,3,3,0.687092027379972,0.378698224852071,1.60952380952381,13,13,13,10,1.12244471663599,5.9688555789736,5.9688555789736,5.9688555789736,5.80515255035651,0.536507936507936,103.450713009732,103.450713009732,103.450713009732,79.5774715459477,8.93213125,47.4986434997642,47.4986434997642,47.4986434997642,46.195936189588,16.0902850200188,4.21866335153932,32.1121391962477,1.80910398537352,5.24627843611929,0.33944916175696,FALSE
"MAR_35","MAR_1","NSE_3b","MAR",2015,"MOZ","Ryan C.","Woollen E.; ACES","circle",NA,NA,20,NA,NA,NA,NA,NA,5,NA,FALSE,NA,NA,NA,NA,NA,NA,FALSE,NA,NA,NA,NA,NA,NA,FALSE,NA,NA,NA,NA,NA,NA,FALSE,NA,TRUE,TRUE,TRUE,NA,NA,FALSE,NA,NA,FALSE,NA,NA,NA,36.628413,-15.176818,617.179999999999,NA,NA,NA,NA,FALSE,NA,NA,NA,NA,0.2975,"mirror_densitometer","Densiometer recordings in 4 directions for each plot (standing in the centre, face N, S, E, W). An average is taken of the four readings",NA,FALSE,NA,NA,NA,NA,NA,NA,NA,NA,NA,NA,NA,FALSE,FALSE,NA,NA,NA,NA,NA,NA,"stem",NA,TRUE,NA,NA,NA,NA,NA,NA,NA,NA,NA,NA,NA,NA,NA,NA,NA,NA,NA,NA,NA,NA,NA,NA,NA,NA,NA,NA,NA,NA,NA,NA,NA,NA,NA,NA,NA,NA,"30_moz_ryan_ACES_checkN.xlsx","30_mozambique_various_ACES_clean.csv","2017","https://doi.org/10.1111/j.1744-7429.2010.00713.x",FALSE,NA,0.125663706143592,NA,125.663706143592,35,5,15.9652173913043,15,7.87363891242926,15.9652173913043,15,7.87363891242926,18.2888888888889,15.35,7.29672681564976,28.6,28,4.15932686861708,23,0,NA,NA,NA,NA,NA,NA,NA,NA,NA,NA,NA,NA,NA,NA,NA,23,23,18,5,0,0,NA,19,15,"Combretum collinum","Indet indet","Combretum indet","Albizia amara","Crossopteryx febrifuga",0.217391304347826,0.173913043478261,0.130434782608696,0.0869565217391304,0.0869565217391304,12,12,2.28067714658592,0.877126654064272,8.13846153846154,23,23,18,5,0.567552274815898,3.30723461659041,3.30723461659041,3.2144441110683,2.05039593483506,0.678205128205128,183.02818455568,183.02818455568,143.239448782706,39.7887357729738,4.5164375,26.3181368597497,26.3181368597497,25.5797334784576,16.3165324162264,-14.7525143719986,12.6358432990757,18.106876646134,2.22132220611409,1.80165910678518,0.348074544701216,FALSE
"MAR_36","MAR_1","NSE_15a","MAR",2015,"MOZ","Ryan C.","Woollen E.; ACES","circle",NA,NA,20,NA,NA,NA,NA,NA,5,NA,FALSE,NA,NA,NA,NA,NA,NA,FALSE,NA,NA,NA,NA,NA,NA,FALSE,NA,NA,NA,NA,NA,NA,FALSE,NA,TRUE,TRUE,TRUE,NA,NA,FALSE,NA,NA,FALSE,NA,NA,NA,36.628595,-15.185206,619.07,NA,NA,NA,NA,FALSE,NA,NA,NA,NA,0,"mirror_densitometer","Densiometer recordings in 4 directions for each plot (standing in the centre, face N, S, E, W). An average is taken of the four readings",NA,FALSE,NA,NA,NA,NA,NA,NA,NA,NA,NA,NA,NA,FALSE,FALSE,NA,NA,NA,NA,NA,NA,"stem",NA,TRUE,NA,NA,NA,NA,NA,NA,NA,NA,NA,NA,NA,NA,NA,NA,NA,NA,NA,NA,NA,NA,NA,NA,NA,NA,NA,NA,NA,NA,NA,NA,NA,NA,NA,NA,NA,NA,"30_moz_ryan_ACES_checkN.xlsx","30_mozambique_various_ACES_clean.csv","2017","https://doi.org/10.1111/j.1744-7429.2010.00713.x",FALSE,NA,0.125663706143592,NA,125.663706143592,10,8,9.26666666666667,9.8,1.10151410945722,9.26666666666667,9.8,1.10151410945722,10,10,NA,NA,NA,NA,3,0,NA,NA,NA,NA,NA,NA,NA,NA,NA,NA,NA,NA,NA,NA,NA,3,3,1,0,0,0,NA,3,3,"Combretum collinum","Brachystegia boehmii",NA,NA,NA,0.666666666666667,0.333333333333333,NA,NA,NA,2,2,0.636514168294813,0.444444444444444,1.8,3,3,1,0,0.0204234938409872,0.0882641935243162,0.0882641935243162,0.0286962968064079,0,0.9,23.8732414637843,23.8732414637843,7.95774715459477,0,0.162525,0.702384134870729,0.702384134870729,0.2283578742586,0,NA,NA,9.65138956255975,14.6987141140809,0.395405413365149,7.66175534657003,FALSE
"MAR_37","MAR_1","NSE_1b","MAR",2015,"MOZ","Ryan C.","Woollen E.; ACES","circle",NA,NA,20,NA,NA,NA,NA,NA,5,NA,FALSE,NA,NA,NA,NA,NA,NA,FALSE,NA,NA,NA,NA,NA,NA,FALSE,NA,NA,NA,NA,NA,NA,FALSE,NA,TRUE,TRUE,TRUE,NA,NA,FALSE,NA,NA,FALSE,NA,NA,NA,36.631452,-15.157387,600.82,NA,NA,NA,NA,FALSE,NA,NA,NA,NA,0.3625,"mirror_densitometer","Densiometer recordings in 4 directions for each plot (standing in the centre, face N, S, E, W). An average is taken of the four readings",NA,FALSE,NA,NA,NA,NA,NA,NA,NA,NA,NA,NA,NA,FALSE,FALSE,NA,NA,NA,NA,NA,NA,"stem",NA,TRUE,NA,NA,NA,NA,NA,NA,NA,NA,NA,NA,NA,NA,NA,NA,NA,NA,NA,NA,NA,NA,NA,NA,NA,NA,NA,NA,NA,NA,NA,NA,NA,NA,NA,NA,NA,NA,"30_moz_ryan_ACES_checkN.xlsx","30_mozambique_various_ACES_clean.csv","2017","https://doi.org/10.1111/j.1744-7429.2010.00713.x",FALSE,NA,0.125663706143592,NA,125.663706143592,29.3,5.9,16.0851851851852,16,5.93034592996082,16.0851851851852,16,5.93034592996082,17.595652173913,17.4,5.03230276774411,23.95,23.5,3.41804037424955,27,0,NA,NA,NA,NA,NA,NA,NA,NA,NA,NA,NA,NA,NA,NA,NA,27,27,23,6,0,0,NA,10,10,"Indet indet","Combretum collinum","Adansonia digitata","Senegalia nigrescens",NA,0.62962962962963,0.185185185185185,0.111111111111111,0.0740740740740741,NA,4,3.997150997151,1.04050547199506,0.551440329218107,2.22935779816514,27,27,23,6,0.620479471649089,3.37821622886257,3.37821622886257,3.3123925059041,1.76217244011099,0.557339449541284,214.859173174059,214.859173174059,183.02818455568,47.7464829275686,4.93761875,26.882990582837,26.882990582837,26.3591820387594,14.0229227211986,-6.15292904310232,7.71121493707406,18.0370029434029,3.02856131307569,1.20951623849656,0.453831372908344,FALSE
"MAR_38","MAR_1","NSE_1a","MAR",2015,"MOZ","Ryan C.","Woollen E.; ACES","circle",NA,NA,20,NA,NA,NA,NA,NA,5,NA,FALSE,NA,NA,NA,NA,NA,NA,FALSE,NA,NA,NA,NA,NA,NA,FALSE,NA,NA,NA,NA,NA,NA,FALSE,NA,TRUE,TRUE,TRUE,NA,NA,FALSE,NA,NA,FALSE,NA,NA,NA,36.631447,-15.159184,599.88,NA,NA,NA,NA,FALSE,NA,NA,NA,NA,0.1275,"mirror_densitometer","Densiometer recordings in 4 directions for each plot (standing in the centre, face N, S, E, W). An average is taken of the four readings",NA,FALSE,NA,NA,NA,NA,NA,NA,NA,NA,NA,NA,NA,FALSE,FALSE,NA,NA,NA,NA,NA,NA,"stem",NA,TRUE,NA,NA,NA,NA,NA,NA,NA,NA,NA,NA,NA,NA,NA,NA,NA,NA,NA,NA,NA,NA,NA,NA,NA,NA,NA,NA,NA,NA,NA,NA,NA,NA,NA,NA,NA,NA,"30_moz_ryan_ACES_checkN.xlsx","30_mozambique_various_ACES_clean.csv","2017","https://doi.org/10.1111/j.1744-7429.2010.00713.x",FALSE,NA,0.125663706143592,NA,125.663706143592,15,5,10.2142857142857,10.9,3.20722398879244,10.2142857142857,10.9,3.20722398879244,12.2615384615385,12,1.76566251094712,NA,NA,NA,21,0,NA,NA,NA,NA,NA,NA,NA,NA,NA,NA,NA,NA,NA,NA,NA,21,21,13,0,0,0,NA,13,13,"Indet indet","Combretum collinum","Diospyros kirkii","Brachystegia bussei","Catunaregam obovata",0.380952380952381,0.238095238095238,0.19047619047619,0.142857142857143,0.0476190476190476,5,5,1.44815404695709,0.739229024943311,3.83478260869565,21,21,13,0,0.188235592423303,0.919888971483267,0.919888971483267,0.812101740544394,0,0.766956521739131,167.11269024649,167.11269024649,103.450713009732,0,1.49793125,7.32024384536408,7.32024384536408,6.46250031505861,0,-5.97733835059981,5.02126550751734,11.3384811172921,3.77855759294905,0.688178422049091,0.670405946142204,FALSE
"MAR_39","MAR_1","NSE_5a","MAR",2015,"MOZ","Ryan C.","Woollen E.; ACES","circle",NA,NA,20,NA,NA,NA,NA,NA,5,NA,FALSE,NA,NA,NA,NA,NA,NA,FALSE,NA,NA,NA,NA,NA,NA,FALSE,NA,NA,NA,NA,NA,NA,FALSE,NA,TRUE,TRUE,TRUE,NA,NA,FALSE,NA,NA,FALSE,NA,NA,NA,36.637088,-15.166776,602.73,NA,NA,NA,NA,FALSE,NA,NA,NA,NA,0,"mirror_densitometer","Densiometer recordings in 4 directions for each plot (standing in the centre, face N, S, E, W). An average is taken of the four readings",NA,FALSE,NA,NA,NA,NA,NA,NA,NA,NA,NA,NA,NA,FALSE,FALSE,NA,NA,NA,NA,NA,NA,"stem",NA,TRUE,NA,NA,NA,NA,NA,NA,NA,NA,NA,NA,NA,NA,NA,NA,NA,NA,NA,NA,NA,NA,NA,NA,NA,NA,NA,NA,NA,NA,NA,NA,NA,NA,NA,NA,NA,NA,"30_moz_ryan_ACES_checkN.xlsx","30_mozambique_various_ACES_clean.csv","2017","https://doi.org/10.1111/j.1744-7429.2010.00713.x",FALSE,NA,0.125663706143592,NA,125.663706143592,12.1,5,9.05,9.95,2.66385268194604,9.05,9.95,2.66385268194604,11.04,11,1.00149887668434,NA,NA,NA,10,0,NA,NA,NA,NA,NA,NA,NA,NA,NA,NA,NA,NA,NA,NA,NA,10,10,5,0,0,0,NA,7,7,"Annona senegalensis","Combretum collinum","Indet indet",NA,NA,0.4,0.3,0.3,NA,NA,3,3,1.08889997534522,0.66,2.94117647058824,10,10,5,0,0.0693420184481973,0.346640578212998,0.346640578212998,0.254848893560856,0,0.980392156862745,79.5774715459477,79.5774715459477,39.7887357729738,0,0.55180625,2.75847807494157,2.75847807494157,2.02802305758552,0,NA,NA,9.98137110865924,4.40965100531665,0.749196105799521,1.19044833209302,FALSE
"MAR_40","MAR_1","NSE_5b","MAR",2015,"MOZ","Ryan C.","Woollen E.; ACES","circle",NA,NA,20,NA,NA,NA,NA,NA,5,NA,FALSE,NA,NA,NA,NA,NA,NA,FALSE,NA,NA,NA,NA,NA,NA,FALSE,NA,NA,NA,NA,NA,NA,FALSE,NA,TRUE,TRUE,TRUE,NA,NA,FALSE,NA,NA,FALSE,NA,NA,NA,36.637112,-15.164971,603.25,NA,NA,NA,NA,FALSE,NA,NA,NA,NA,0.7075,"mirror_densitometer","Densiometer recordings in 4 directions for each plot (standing in the centre, face N, S, E, W). An average is taken of the four readings",NA,FALSE,NA,NA,NA,NA,NA,NA,NA,NA,NA,NA,NA,FALSE,FALSE,NA,NA,NA,NA,NA,NA,"stem",NA,TRUE,NA,NA,NA,NA,NA,NA,NA,NA,NA,NA,NA,NA,NA,NA,NA,NA,NA,NA,NA,NA,NA,NA,NA,NA,NA,NA,NA,NA,NA,NA,NA,NA,NA,NA,NA,NA,"30_moz_ryan_ACES_checkN.xlsx","30_mozambique_various_ACES_clean.csv","2017","https://doi.org/10.1111/j.1744-7429.2010.00713.x",FALSE,NA,0.125663706143592,NA,125.663706143592,38.1,15,27.76,27.3,7.25981328195766,27.76,27.3,7.25981328195766,27.76,27.3,7.25981328195766,30.375,29.65,5.21310162680803,10,0,NA,NA,NA,NA,NA,NA,NA,NA,NA,NA,NA,NA,NA,NA,NA,10,10,10,8,0,0,NA,10,10,"Albizia adianthifolia",NA,NA,NA,NA,1,NA,NA,NA,NA,1,1,0,0,1,10,10,10,8,0.642496538363609,3.35846286671976,3.35846286671976,3.35846286671976,3.16744433463703,1,79.5774715459477,79.5774715459477,79.5774715459477,63.6619772367581,5.112825,26.7257983214513,26.7257983214513,26.7257983214513,25.2057211412952,NA,NA,30.4118901169615,4.70025286372264,2.1539954515373,1.19614369425888,FALSE
"MAR_41","MAR_1","MQT_42b","MAR",2015,"MOZ","Ryan C.","Woollen E.; ACES","circle",NA,NA,20,NA,NA,NA,NA,NA,5,NA,FALSE,NA,NA,NA,NA,NA,NA,FALSE,NA,NA,NA,NA,NA,NA,FALSE,NA,NA,NA,NA,NA,NA,FALSE,NA,TRUE,TRUE,TRUE,NA,NA,FALSE,NA,NA,FALSE,NA,NA,NA,36.637962,-15.181983,600.46,NA,NA,NA,NA,FALSE,NA,NA,NA,NA,0.6425,"mirror_densitometer","Densiometer recordings in 4 directions for each plot (standing in the centre, face N, S, E, W). An average is taken of the four readings",NA,FALSE,NA,NA,NA,NA,NA,NA,NA,NA,NA,NA,NA,FALSE,FALSE,NA,NA,NA,NA,NA,NA,"stem",NA,TRUE,NA,NA,NA,NA,NA,NA,NA,NA,NA,NA,NA,NA,NA,NA,NA,NA,NA,NA,NA,NA,NA,NA,NA,NA,NA,NA,NA,NA,NA,NA,NA,NA,NA,NA,NA,NA,"30_moz_ryan_ACES_checkN.xlsx","30_mozambique_various_ACES_clean.csv","2017","https://doi.org/10.1111/j.1744-7429.2010.00713.x",FALSE,NA,0.125663706143592,NA,125.663706143592,25.4,5.3,10.925,8.7,5.8992089865224,10.925,8.7,5.8992089865224,18.04,19.4,5.75265156254053,23.15,23.15,3.18198051533946,16,0,NA,NA,NA,NA,NA,NA,NA,NA,NA,NA,NA,NA,NA,NA,NA,16,16,5,2,0,0,NA,15,15,"Thespesia garckeana","Albizia adianthifolia","Combretum collinum","Indet indet","Lannea schweinfurthii",0.375,0.25,0.1875,0.0625,0.0625,6,6,1.54811552687402,0.75,4,16,16,5,2,0.190985271393357,0.805438578313598,0.805438578313598,0.63906245066985,0.398052198139227,0.666666666666667,127.323954473516,127.323954473516,39.7887357729738,15.9154943091895,1.5198125,6.40947655477588,6.40947655477588,5.08549739842636,3.16759874712262,NA,NA,12.4237132825481,2.06450158490153,1.60194502423396,0.371945049675337,FALSE
"MAR_42","MAR_1","MQT_16","MAR",2015,"MOZ","Ryan C.","Woollen E.; ACES","circle",NA,NA,20,NA,NA,NA,NA,NA,5,NA,FALSE,NA,NA,NA,NA,NA,NA,FALSE,NA,NA,NA,NA,NA,NA,FALSE,NA,NA,NA,NA,NA,NA,FALSE,NA,TRUE,TRUE,TRUE,NA,NA,FALSE,NA,NA,FALSE,NA,NA,NA,36.639165,-15.177583,604.12,NA,NA,NA,NA,FALSE,NA,NA,NA,NA,NA,"mirror_densitometer","Densiometer recordings in 4 directions for each plot (standing in the centre, face N, S, E, W). An average is taken of the four readings",NA,FALSE,NA,NA,NA,NA,NA,NA,NA,NA,NA,NA,NA,TRUE,FALSE,NA,NA,NA,NA,NA,NA,"stem",NA,TRUE,NA,NA,NA,NA,NA,NA,NA,NA,NA,NA,NA,NA,NA,NA,NA,NA,NA,NA,NA,NA,NA,NA,NA,NA,NA,NA,NA,NA,NA,NA,NA,NA,NA,NA,NA,NA,"30_moz_ryan_ACES_checkN.xlsx","30_mozambique_various_ACES_clean.csv","2017","https://doi.org/10.1111/j.1744-7429.2010.00713.x",FALSE,NA,0.125663706143592,NA,125.663706143592,89,5,8.98064516129032,7.4,8.79501165513868,8.98064516129032,7.4,8.79501165513868,15.8761904761905,11.5,16.9193352340423,89,89,NA,93,0,NA,NA,NA,NA,NA,NA,NA,NA,NA,NA,NA,NA,NA,NA,NA,93,93,21,1,1,1,NA,90,88,"Stereospermum kunthianum","Albizia adianthifolia","Thespesia garckeana","Diplorhynchus condylocarpon","Steganotaenia araliacea",0.333333333333333,0.301075268817204,0.0752688172043011,0.0537634408602151,0.043010752688172,14,8.46851110057002,1.94103539255804,0.782980691409412,4.60788492274907,93,93,21,1,1.1480196370307,6.50182011772146,6.50182011772146,5.75205938788299,4.87418842901932,0.329134637339219,740.070485377313,740.070485377313,167.11269024649,7.95774715459477,9.13565,51.739840541485,51.739840541485,45.7734342269859,38.7875591019872,-3.13780150939908,0.165965500732064,10.059241055706,1.44592223622058,0.768851340759493,0.083116593530289,FALSE
"MAR_43","MAR_1","MQT_24a","MAR",2015,"MOZ","Ryan C.","Woollen E.; ACES","circle",NA,NA,20,NA,NA,NA,NA,NA,5,NA,FALSE,NA,NA,NA,NA,NA,NA,FALSE,NA,NA,NA,NA,NA,NA,FALSE,NA,NA,NA,NA,NA,NA,FALSE,NA,TRUE,TRUE,TRUE,NA,NA,FALSE,NA,NA,FALSE,NA,NA,NA,36.639347,-15.191554,609.47,NA,NA,NA,NA,FALSE,NA,NA,NA,NA,0.67,"mirror_densitometer","Densiometer recordings in 4 directions for each plot (standing in the centre, face N, S, E, W). An average is taken of the four readings",NA,FALSE,NA,NA,NA,NA,NA,NA,NA,NA,NA,NA,NA,TRUE,FALSE,NA,NA,NA,NA,NA,NA,"stem",NA,TRUE,NA,NA,NA,NA,NA,NA,NA,NA,NA,NA,NA,NA,NA,NA,NA,NA,NA,NA,NA,NA,NA,NA,NA,NA,NA,NA,NA,NA,NA,NA,NA,NA,NA,NA,NA,NA,"30_moz_ryan_ACES_checkN.xlsx","30_mozambique_various_ACES_clean.csv","2017","https://doi.org/10.1111/j.1744-7429.2010.00713.x",FALSE,NA,0.125663706143592,NA,125.663706143592,43.2,5,12.4166666666667,9.75,9.4651088590827,12.4166666666667,9.75,9.4651088590827,17.8055555555556,12.3,10.9892178291602,33.78,31.5,7.59420831950244,36,0,NA,NA,NA,NA,NA,NA,NA,NA,NA,NA,NA,NA,NA,NA,NA,36,36,18,5,2,0,NA,6,6,"Indet indet","Albizia adianthifolia","Lannea schweinfurthii",NA,NA,0.833333333333333,0.138888888888889,0.0277777777777778,NA,NA,3,2.69321895424837,0.525654743677355,0.285493827160494,1.39956803455724,36,36,18,5,0.682184278356409,3.2870274812893,3.2870274812893,3.11048312654532,2.64070982245618,0.466522678185745,286.478897565412,286.478897565412,143.239448782706,39.7887357729738,5.42865,26.1573335863047,26.1573335863047,24.7524382496811,21.0141010757611,-12.5304100221164,3.722151001099,13.9765033440375,1.53176063770499,1.62123570423293,0.176878900241421,FALSE
"MAR_44","MAR_1","MHO_15b","MAR",2015,"MOZ","Ryan C.","Woollen E.; ACES","circle",NA,NA,20,NA,NA,NA,NA,NA,5,NA,FALSE,NA,NA,NA,NA,NA,NA,FALSE,NA,NA,NA,NA,NA,NA,FALSE,NA,NA,NA,NA,NA,NA,FALSE,NA,TRUE,TRUE,TRUE,NA,NA,FALSE,NA,NA,FALSE,NA,NA,NA,36.639996,-15.15255,602.97,NA,NA,NA,NA,FALSE,NA,NA,NA,NA,0.195,"mirror_densitometer","Densiometer recordings in 4 directions for each plot (standing in the centre, face N, S, E, W). An average is taken of the four readings",NA,FALSE,NA,NA,NA,NA,NA,NA,NA,NA,NA,NA,NA,FALSE,FALSE,NA,NA,NA,NA,NA,NA,"stem",NA,TRUE,NA,NA,NA,NA,NA,NA,NA,NA,NA,NA,NA,NA,NA,NA,NA,NA,NA,NA,NA,NA,NA,NA,NA,NA,NA,NA,NA,NA,NA,NA,NA,NA,NA,NA,NA,NA,"30_moz_ryan_ACES_checkN.xlsx","30_mozambique_various_ACES_clean.csv","2017","https://doi.org/10.1111/j.1744-7429.2010.00713.x",FALSE,NA,0.125663706143592,NA,125.663706143592,48,14,33.3,41,14.5808093053849,33.3,41,14.5808093053849,33.3,41,14.5808093053849,40.56,43.3,9.36178401801708,7,0,NA,NA,NA,NA,NA,NA,NA,NA,NA,NA,NA,NA,NA,NA,NA,7,7,7,5,4,0,NA,6,6,"Combretum collinum","Pterocarpus angolensis","Albizia amara","Indet indet","Sclerocarya birrea",0.285714285714286,0.285714285714286,0.142857142857143,0.142857142857143,0.142857142857143,5,5,1.5498260458782,0.775510204081633,4.45454545454546,7,7,7,5,0.709829508309836,4.72854315522421,4.72854315522421,4.72854315522421,4.50303112336871,0.890909090909091,55.7042300821634,55.7042300821634,55.7042300821634,39.7887357729738,5.64864375,37.628550838864,37.628550838864,37.628550838864,35.8339831090391,NA,NA,37.5755734456322,2.82546435473572,5.27213725060166,0.923328494770287,FALSE
"MAR_45","MAR_1","MHO_15a","MAR",2015,"MOZ","Ryan C.","Woollen E.; ACES","circle",NA,NA,20,NA,NA,NA,NA,NA,5,NA,FALSE,NA,NA,NA,NA,NA,NA,FALSE,NA,NA,NA,NA,NA,NA,FALSE,NA,NA,NA,NA,NA,NA,FALSE,NA,TRUE,TRUE,TRUE,NA,NA,FALSE,NA,NA,FALSE,NA,NA,NA,36.639978,-15.154373,596.399999999999,NA,NA,NA,NA,FALSE,NA,NA,NA,NA,0,"mirror_densitometer","Densiometer recordings in 4 directions for each plot (standing in the centre, face N, S, E, W). An average is taken of the four readings",NA,FALSE,NA,NA,NA,NA,NA,NA,NA,NA,NA,NA,NA,FALSE,FALSE,NA,NA,NA,NA,NA,NA,"stem",NA,TRUE,NA,NA,NA,NA,NA,NA,NA,NA,NA,NA,NA,NA,NA,NA,NA,NA,NA,NA,NA,NA,NA,NA,NA,NA,NA,NA,NA,NA,NA,NA,NA,NA,NA,NA,NA,NA,"30_moz_ryan_ACES_checkN.xlsx","30_mozambique_various_ACES_clean.csv","2017","https://doi.org/10.1111/j.1744-7429.2010.00713.x",FALSE,NA,0.125663706143592,NA,125.663706143592,76.4,10,32.4833333333333,20.9,27.1513842495492,32.4833333333333,20.9,27.1513842495492,32.4833333333333,20.9,27.1513842495492,43.425,38.5,27.3777738320704,6,0,NA,NA,NA,NA,NA,NA,NA,NA,NA,NA,NA,NA,NA,NA,NA,6,6,6,4,2,1,NA,6,6,"Albizia adianthifolia","Annona senegalensis","Bobgunnia madagascariensis","Ficus abutilifolia","Piliostigma thonningii",0.166666666666667,0.166666666666667,0.166666666666667,0.166666666666667,0.166666666666667,6,6,1.79175946922805,0.833333333333333,6,6,6,6,4,0.786732554877061,7.96815012063805,7.96815012063805,7.96815012063805,7.90729699668001,1,47.7464829275686,47.7464829275686,47.7464829275686,31.8309886183791,6.26061875,63.4085239498914,63.4085239498914,63.4085239498914,62.9242701758661,NA,NA,35.9082339040272,1.38704149903783,11.2231434180662,0.436157758072747,FALSE
"MAR_46","MAR_1","MHO_14b","MAR",2015,"MOZ","Ryan C.","Woollen E.; ACES","circle",NA,NA,20,NA,NA,NA,NA,NA,5,NA,FALSE,NA,NA,NA,NA,NA,NA,FALSE,NA,NA,NA,NA,NA,NA,FALSE,NA,NA,NA,NA,NA,NA,FALSE,NA,TRUE,TRUE,TRUE,NA,NA,FALSE,NA,NA,FALSE,NA,NA,NA,36.642421,-15.158788,604.179999999999,NA,NA,NA,NA,FALSE,NA,NA,NA,NA,0.14,"mirror_densitometer","Densiometer recordings in 4 directions for each plot (standing in the centre, face N, S, E, W). An average is taken of the four readings",NA,FALSE,NA,NA,NA,NA,NA,NA,NA,NA,NA,NA,NA,FALSE,FALSE,NA,NA,TRUE,NA,NA,NA,"stem",NA,TRUE,NA,NA,NA,NA,NA,NA,NA,NA,NA,NA,NA,NA,NA,NA,NA,NA,NA,NA,NA,NA,NA,NA,NA,NA,NA,NA,NA,NA,NA,NA,NA,NA,NA,NA,NA,NA,"30_moz_ryan_ACES_checkN.xlsx","30_mozambique_various_ACES_clean.csv","2017","https://doi.org/10.1111/j.1744-7429.2010.00713.x",FALSE,NA,0.125663706143592,NA,125.663706143592,43,10.9,18.6,14.15,12.1995081868082,18.6,14.15,12.1995081868082,18.6,14.15,12.1995081868082,43,43,NA,6,0,NA,NA,NA,NA,NA,NA,NA,NA,NA,NA,NA,NA,NA,NA,NA,6,6,6,1,1,0,NA,5,5,"Albizia amara","Combretum collinum","Indet indet","Margaritaria discoidea","Philenoptera bussei",0.166666666666667,0.166666666666667,0.166666666666667,0.166666666666667,0.166666666666667,6,6,1.79175946922805,0.833333333333333,6,6,6,6,1,0.221474428096446,1.33102956461111,1.33102956461111,1.33102956461111,0.958816402008214,1,47.7464829275686,47.7464829275686,47.7464829275686,7.95774715459477,1.7624375,10.5919967304655,10.5919967304655,10.5919967304655,7.63001849485966,NA,NA,21.1605103848347,1.8441298298132,4.99807228053905,0.530388855955168,FALSE
"MAR_47","MAR_1","MHO_14a","MAR",2015,"MOZ","Ryan C.","Woollen E.; ACES","circle",NA,NA,20,NA,NA,NA,NA,NA,5,NA,FALSE,NA,NA,NA,NA,NA,NA,FALSE,NA,NA,NA,NA,NA,NA,FALSE,NA,NA,NA,NA,NA,NA,FALSE,NA,TRUE,TRUE,TRUE,NA,NA,FALSE,NA,NA,FALSE,NA,NA,NA,36.642437,-15.160372,607.049999999999,NA,NA,NA,NA,FALSE,NA,NA,NA,NA,0.2575,"mirror_densitometer","Densiometer recordings in 4 directions for each plot (standing in the centre, face N, S, E, W). An average is taken of the four readings",NA,FALSE,NA,NA,NA,NA,NA,NA,NA,NA,NA,NA,NA,FALSE,FALSE,NA,NA,NA,NA,NA,NA,"stem",NA,TRUE,NA,NA,NA,NA,NA,NA,NA,NA,NA,NA,NA,NA,NA,NA,NA,NA,NA,NA,NA,NA,NA,NA,NA,NA,NA,NA,NA,NA,NA,NA,NA,NA,NA,NA,NA,NA,"30_moz_ryan_ACES_checkN.xlsx","30_mozambique_various_ACES_clean.csv","2017","https://doi.org/10.1111/j.1744-7429.2010.00713.x",FALSE,NA,0.125663706143592,NA,125.663706143592,31,9,17,15.2,8.74185335040574,17,15.2,8.74185335040574,19,17.1,8.67333077120126,31,31,NA,5,0,NA,NA,NA,NA,NA,NA,NA,NA,NA,NA,NA,NA,NA,NA,NA,5,5,4,1,0,0,NA,3,3,"Indet indet","Albizia amara","Annona senegalensis","Cassia abbreviata",NA,0.4,0.2,0.2,0.2,NA,4,4,1.33217904021012,0.72,3.57142857142857,5,5,4,1,0.137498085669664,0.712990788880267,0.712990788880267,0.688809390477083,0.426945095984311,0.892857142857143,39.7887357729738,39.7887357729738,31.8309886183791,7.95774715459477,1.094175,5.67380042146423,5.67380042146423,5.48137096712716,3.39752112273734,NA,NA,19.2900167426799,2.34246684576443,3.91108623430581,0.789052148425064,FALSE
"MAR_48","MAR_1","SRA_11a","MAR",2015,"MOZ","Ryan C.","Woollen E.; ACES","circle",NA,NA,20,NA,NA,NA,NA,NA,5,NA,FALSE,NA,NA,NA,NA,NA,NA,FALSE,NA,NA,NA,NA,NA,NA,FALSE,NA,NA,NA,NA,NA,NA,FALSE,NA,TRUE,TRUE,TRUE,NA,NA,FALSE,NA,NA,FALSE,NA,NA,NA,36.643259,-15.264528,641.669999999999,NA,NA,NA,NA,FALSE,NA,NA,NA,NA,0,"mirror_densitometer","Densiometer recordings in 4 directions for each plot (standing in the centre, face N, S, E, W). An average is taken of the four readings",NA,FALSE,NA,NA,NA,NA,NA,NA,NA,NA,NA,NA,NA,TRUE,FALSE,NA,NA,NA,NA,NA,NA,"stem",NA,TRUE,NA,NA,NA,NA,NA,NA,NA,NA,NA,NA,NA,NA,NA,NA,NA,NA,NA,NA,NA,NA,NA,NA,NA,NA,NA,NA,NA,NA,NA,NA,NA,NA,NA,NA,NA,NA,"30_moz_ryan_ACES_checkN.xlsx","30_mozambique_various_ACES_clean.csv","2017","https://doi.org/10.1111/j.1744-7429.2010.00713.x",FALSE,NA,0.125663706143592,NA,125.663706143592,19.9,5,11.3588235294118,9.9,3.7589990063063,11.3588235294118,9.9,3.7589990063063,14.1375,13.6,3.57808308615501,NA,NA,NA,17,0,NA,NA,NA,NA,NA,NA,NA,NA,NA,NA,NA,NA,NA,NA,NA,17,17,8,0,0,0,NA,8,8,"Indet indet","Sclerocarya birrea","Combretum collinum","Ziziphus mucronata",NA,0.529411764705882,0.294117647058824,0.117647058823529,0.0588235294117647,NA,4,4,1.11506598409643,0.615916955017301,2.6036036036036,17,17,8,0,0.190024729439522,0.753677572742688,0.753677572742688,0.543090612916081,0,0.650900900900901,135.281701628111,135.281701628111,63.6619772367581,0,1.51216875,5.99757555997501,5.99757555997501,4.32177777962007,0,-9.08752683835931,0.367545881608237,12.6600025403465,3.24585659045618,1.00415325617945,0.57532219615249,FALSE
"MAR_49","MAR_1","SRA_11b","MAR",2015,"MOZ","Ryan C.","Woollen E.; ACES","circle",NA,NA,20,NA,NA,NA,NA,NA,5,NA,FALSE,NA,NA,NA,NA,NA,NA,FALSE,NA,NA,NA,NA,NA,NA,FALSE,NA,NA,NA,NA,NA,NA,FALSE,NA,TRUE,TRUE,TRUE,NA,NA,FALSE,NA,NA,FALSE,NA,NA,NA,36.643376,-15.262879,645.539999999999,NA,NA,NA,NA,FALSE,NA,NA,NA,NA,0.23,"mirror_densitometer","Densiometer recordings in 4 directions for each plot (standing in the centre, face N, S, E, W). An average is taken of the four readings",NA,FALSE,NA,NA,NA,NA,NA,NA,NA,NA,NA,NA,NA,FALSE,FALSE,NA,NA,NA,NA,NA,NA,"stem",NA,TRUE,NA,NA,NA,NA,NA,NA,NA,NA,NA,NA,NA,NA,NA,NA,NA,NA,NA,NA,NA,NA,NA,NA,NA,NA,NA,NA,NA,NA,NA,NA,NA,NA,NA,NA,NA,NA,"30_moz_ryan_ACES_checkN.xlsx","30_mozambique_various_ACES_clean.csv","2017","https://doi.org/10.1111/j.1744-7429.2010.00713.x",FALSE,NA,0.125663706143592,NA,125.663706143592,19.8,5,9.16666666666667,9.5,4.13671136923776,9.16666666666667,9.5,4.13671136923776,12.9666666666667,11.5,3.467371723174,NA,NA,NA,15,0,NA,NA,NA,NA,NA,NA,NA,NA,NA,NA,NA,NA,NA,NA,NA,15,15,6,0,0,0,NA,15,12,"Combretum collinum","Vernonia indet","Sclerocarya birrea","Brachystegia bussei","Piliostigma thonningii",0.466666666666667,0.2,0.133333333333333,0.0666666666666667,0.0666666666666667,6,6,1.48781671640145,0.711111111111111,3.46153846153846,15,15,6,0,0.117808939111454,0.557274706005854,0.557274706005854,0.419626974019201,0,0.576923076923077,119.366207318921,119.366207318921,47.7464829275686,0,0.93749375,4.43465120604572,4.43465120604572,3.33928535849251,0,NA,NA,10.3691136002149,2.43936514145426,1.16419423006923,0.463137755057771,FALSE
"MAR_50","MAR_1","MQT_27","MAR",2015,"MOZ","Ryan C.","Woollen E.; ACES","circle",NA,NA,20,NA,NA,NA,NA,NA,5,NA,FALSE,NA,NA,NA,NA,NA,NA,FALSE,NA,NA,NA,NA,NA,NA,FALSE,NA,NA,NA,NA,NA,NA,FALSE,NA,TRUE,TRUE,TRUE,NA,NA,FALSE,NA,NA,FALSE,NA,NA,NA,36.647416,-15.185207,615.389999999999,NA,NA,NA,NA,FALSE,NA,NA,NA,NA,0.2425,"mirror_densitometer","Densiometer recordings in 4 directions for each plot (standing in the centre, face N, S, E, W). An average is taken of the four readings",NA,FALSE,NA,NA,NA,NA,NA,NA,NA,NA,NA,NA,NA,TRUE,FALSE,NA,NA,NA,NA,NA,NA,"stem",NA,TRUE,NA,NA,NA,NA,NA,NA,NA,NA,NA,NA,NA,NA,NA,NA,NA,NA,NA,NA,NA,NA,NA,NA,NA,NA,NA,NA,NA,NA,NA,NA,NA,NA,NA,NA,NA,NA,"30_moz_ryan_ACES_checkN.xlsx","30_mozambique_various_ACES_clean.csv","2017","https://doi.org/10.1111/j.1744-7429.2010.00713.x",FALSE,NA,0.125663706143592,NA,125.663706143592,40,5,11.6420289855072,7.1,7.97201734371917,11.6420289855072,7.1,7.97201734371917,19.4777777777778,17,7.73176929365177,27.53,26.15,6.65900392951779,69,0,NA,NA,NA,NA,NA,NA,NA,NA,NA,NA,NA,NA,NA,NA,NA,69,69,27,10,1,0,NA,66,61,"Albizia amara","Tamarindus indica","Senegalia nigrescens","Thespesia garckeana","Sclerocarya birrea",0.173913043478261,0.173913043478261,0.159420289855072,0.0869565217391304,0.072463768115942,16,11.2436679828371,2.43873437481,0.889308968704054,9.03415559772296,69,69,27,10,1.07392595969395,5.77863464067515,5.77863464067515,5.35900129558434,3.89034029869024,0.564634724857685,549.084553667039,549.084553667039,214.859173174059,79.5774715459477,8.54603125,45.9849133692755,45.9849133692755,42.645577311406,30.9583444423076,-7.30335334836012,2.18602255122458,13.1580697059848,1.63824882106617,1.02918326070561,0.141041322891284,FALSE
"MAR_51","MAR_1","MQT_43a","MAR",2015,"MOZ","Ryan C.","Woollen E.; ACES","circle",NA,NA,20,NA,NA,NA,NA,NA,5,NA,FALSE,NA,NA,NA,NA,NA,NA,FALSE,NA,NA,NA,NA,NA,NA,FALSE,NA,NA,NA,NA,NA,NA,FALSE,NA,TRUE,TRUE,TRUE,NA,NA,FALSE,NA,NA,FALSE,NA,NA,NA,36.648421,-15.173652,620.179999999999,NA,NA,NA,NA,FALSE,NA,NA,NA,NA,0.4275,"mirror_densitometer","Densiometer recordings in 4 directions for each plot (standing in the centre, face N, S, E, W). An average is taken of the four readings",NA,FALSE,NA,NA,NA,NA,NA,NA,NA,NA,NA,NA,NA,TRUE,FALSE,NA,NA,NA,NA,NA,NA,"stem",NA,TRUE,NA,NA,NA,NA,NA,NA,NA,NA,NA,NA,NA,NA,NA,NA,NA,NA,NA,NA,NA,NA,NA,NA,NA,NA,NA,NA,NA,NA,NA,NA,NA,NA,NA,NA,NA,NA,"30_moz_ryan_ACES_checkN.xlsx","30_mozambique_various_ACES_clean.csv","2017","https://doi.org/10.1111/j.1744-7429.2010.00713.x",FALSE,NA,0.125663706143592,NA,125.663706143592,44,5,13.6676470588235,8.65,10.4576120047243,13.6676470588235,8.65,10.4576120047243,22.2333333333333,22.5,10.7123204546825,29.1,25.3,8.1647106501088,34,0,NA,NA,NA,NA,NA,NA,NA,NA,NA,NA,NA,NA,NA,NA,NA,34,34,15,9,1,0,NA,18,18,"Indet indet","Diplorhynchus condylocarpon","Albizia adianthifolia","Albizia amara","Combretum collinum",0.470588235294118,0.117647058823529,0.0882352941176471,0.0882352941176471,0.0588235294117647,9,8.24728307745386,1.74232658886074,0.737024221453287,3.80263157894737,34,34,15,9,0.782279347290597,4.33439634132948,4.33439634132948,4.14222998248728,3.90959905694361,0.422514619883041,270.563403256222,270.563403256222,119.366207318921,71.6197243913529,6.22518125,34.4920301521006,34.4920301521006,32.9628188568153,31.1116007709994,-11.6772891647272,3.00723256305191,15.2927064414515,1.4802911282591,1.88528807401567,0.184928972741707,FALSE
"MAR_52","MAR_1","MQT_40b","MAR",2015,"MOZ","Ryan C.","Woollen E.; ACES","circle",NA,NA,20,NA,NA,NA,NA,NA,5,NA,FALSE,NA,NA,NA,NA,NA,NA,FALSE,NA,NA,NA,NA,NA,NA,FALSE,NA,NA,NA,NA,NA,NA,FALSE,NA,TRUE,TRUE,TRUE,NA,NA,FALSE,NA,NA,FALSE,NA,NA,NA,36.654014,-15.188365,641.2,NA,NA,NA,NA,FALSE,NA,NA,NA,NA,0.4075,"mirror_densitometer","Densiometer recordings in 4 directions for each plot (standing in the centre, face N, S, E, W). An average is taken of the four readings",NA,FALSE,NA,NA,NA,NA,NA,NA,NA,NA,NA,NA,NA,TRUE,TRUE,NA,NA,NA,NA,NA,NA,"stem",NA,TRUE,NA,NA,NA,NA,NA,NA,NA,NA,NA,NA,NA,NA,NA,NA,NA,NA,NA,NA,NA,NA,NA,NA,NA,NA,NA,NA,NA,NA,NA,NA,NA,NA,NA,NA,NA,NA,"30_moz_ryan_ACES_checkN.xlsx","30_mozambique_various_ACES_clean.csv","2017","https://doi.org/10.1111/j.1744-7429.2010.00713.x",FALSE,NA,0.125663706143592,NA,125.663706143592,67.6,5,19.9909090909091,11,18.2419051163174,19.9909090909091,11,18.2419051163174,32.2058823529412,32.1,18.3641114197038,45.04,44.5,12.2598894321641,33,0,NA,NA,NA,NA,NA,NA,NA,NA,NA,NA,NA,NA,NA,NA,NA,33,33,17,10,6,2,NA,30,28,"Combretum collinum","Diplorhynchus condylocarpon","Indet indet","Psorospermum febrifugum","Senegalia nigrescens",0.303030303030303,0.0909090909090909,0.0909090909090909,0.0909090909090909,0.0909090909090909,12,11.019550342131,2.2312234451502,0.857667584940312,7.0258064516129,33,33,17,10,1.87211825917314,16.8558436886363,16.8558436886363,16.6357143677689,16.0342070629905,0.585483870967742,262.605656101627,262.605656101627,135.281701628111,79.5774715459477,14.89784375,134.13454215154,134.13454215154,132.382808674764,127.596165631696,-12.2809905206339,8.95593940957433,21.449097406748,1.20755686310044,3.28680272743213,0.157566790352253,FALSE
"MAR_53","MAR_1","MQT_2b","MAR",2015,"MOZ","Ryan C.","Woollen E.; ACES","circle",NA,NA,20,NA,NA,NA,NA,NA,5,NA,FALSE,NA,NA,NA,NA,NA,NA,FALSE,NA,NA,NA,NA,NA,NA,FALSE,NA,NA,NA,NA,NA,NA,FALSE,NA,TRUE,TRUE,TRUE,NA,NA,FALSE,NA,NA,FALSE,NA,NA,NA,36.65628,-15.179872,645.88,NA,NA,NA,NA,FALSE,NA,NA,NA,NA,0.2125,"mirror_densitometer","Densiometer recordings in 4 directions for each plot (standing in the centre, face N, S, E, W). An average is taken of the four readings",NA,FALSE,NA,NA,NA,NA,NA,NA,NA,NA,NA,NA,NA,TRUE,FALSE,NA,NA,NA,NA,NA,NA,"stem",NA,TRUE,NA,NA,NA,NA,NA,NA,NA,NA,NA,NA,NA,NA,NA,NA,NA,NA,NA,NA,NA,NA,NA,NA,NA,NA,NA,NA,NA,NA,NA,NA,NA,NA,NA,NA,NA,NA,"30_moz_ryan_ACES_checkN.xlsx","30_mozambique_various_ACES_clean.csv","2017","https://doi.org/10.1111/j.1744-7429.2010.00713.x",FALSE,NA,0.125663706143592,NA,125.663706143592,45,5,11.9974358974359,7,11.2270933384963,11.9974358974359,7,11.2270933384963,27.63,29.5,12.6569304686756,36.6,37.45,6.3583016600347,39,0,NA,NA,NA,NA,NA,NA,NA,NA,NA,NA,NA,NA,NA,NA,NA,39,39,10,6,2,0,NA,32,32,"Combretum collinum","Terminalia sericea","Indet indet","Diplorhynchus condylocarpon","Crossopteryx febrifuga",0.256410256410256,0.205128205128205,0.179487179487179,0.128205128205128,0.0769230769230769,10,8.39771556389952,1.97094433597423,0.832347140039448,5.96470588235294,39,39,10,6,0.817081910707065,5.76189958599223,5.76189958599223,5.40998943971724,5.0401049242128,0.596470588235294,310.352139029196,310.352139029196,79.5774715459477,47.7464829275686,6.50213125,45.8517400354904,45.8517400354904,43.0513280702976,40.1078806195135,NA,NA,13.1406078926131,1.28430543023922,1.74760005440213,0.144339886840718,FALSE
"MAR_54","MAR_1","SRA_13a","MAR",2015,"MOZ","Ryan C.","Woollen E.; ACES","circle",NA,NA,20,NA,NA,NA,NA,NA,5,NA,FALSE,NA,NA,NA,NA,NA,NA,FALSE,NA,NA,NA,NA,NA,NA,FALSE,NA,NA,NA,NA,NA,NA,FALSE,NA,TRUE,TRUE,TRUE,NA,NA,FALSE,NA,NA,FALSE,NA,NA,NA,36.655885,-15.315685,663.95,NA,NA,NA,NA,FALSE,NA,NA,NA,NA,0,"mirror_densitometer","Densiometer recordings in 4 directions for each plot (standing in the centre, face N, S, E, W). An average is taken of the four readings",NA,FALSE,NA,NA,NA,NA,NA,NA,NA,NA,NA,NA,NA,TRUE,FALSE,NA,NA,TRUE,NA,NA,NA,"stem",NA,TRUE,NA,NA,NA,NA,NA,NA,NA,NA,NA,NA,NA,NA,NA,NA,NA,NA,NA,NA,NA,NA,NA,NA,NA,NA,NA,NA,NA,NA,NA,NA,NA,NA,NA,NA,NA,NA,"30_moz_ryan_ACES_checkN.xlsx","30_mozambique_various_ACES_clean.csv","2017","https://doi.org/10.1111/j.1744-7429.2010.00713.x",FALSE,NA,0.125663706143592,NA,125.663706143592,13.2,5.2,8.2875,8.5,2.79716055006808,8.2875,8.5,2.79716055006808,11.65,11.65,2.1920310216783,NA,NA,NA,8,0,NA,NA,NA,NA,NA,NA,NA,NA,NA,NA,NA,NA,NA,NA,NA,8,8,2,0,0,0,NA,1,1,"Indet indet","Annona senegalensis",NA,NA,NA,0.875,0.125,NA,NA,NA,2,2,0.376770161256437,0.21875,1.28,8,8,2,0,0.047456113226964,0.199210289397047,0.199210289397047,0.103367019333958,0,0.64,63.6619772367581,63.6619772367581,15.9154943091895,0,0.37764375,1.58526511361535,1.58526511361535,0.822568603983748,0,NA,NA,9.23355231197562,3.45616698641025,0.999944090987055,0.939683372581354,FALSE
"MAR_55","MAR_1","SRA_13b","MAR",2015,"MOZ","Ryan C.","Woollen E.; ACES","circle",NA,NA,20,NA,NA,NA,NA,NA,5,NA,FALSE,NA,NA,NA,NA,NA,NA,FALSE,NA,NA,NA,NA,NA,NA,FALSE,NA,NA,NA,NA,NA,NA,FALSE,NA,TRUE,TRUE,TRUE,NA,NA,FALSE,NA,NA,FALSE,NA,NA,NA,36.65592,-15.313887,669.24,NA,NA,NA,NA,FALSE,NA,NA,NA,NA,0,"mirror_densitometer","Densiometer recordings in 4 directions for each plot (standing in the centre, face N, S, E, W). An average is taken of the four readings",NA,FALSE,NA,NA,NA,NA,NA,NA,NA,NA,NA,NA,NA,FALSE,FALSE,NA,NA,TRUE,NA,NA,NA,"stem",NA,TRUE,NA,NA,NA,NA,NA,NA,NA,NA,NA,NA,NA,NA,NA,NA,NA,NA,NA,NA,NA,NA,NA,NA,NA,NA,NA,NA,NA,NA,NA,NA,NA,NA,NA,NA,NA,NA,"30_moz_ryan_ACES_checkN.xlsx","30_mozambique_various_ACES_clean.csv","2017","https://doi.org/10.1111/j.1744-7429.2010.00713.x",FALSE,NA,0.125663706143592,NA,125.663706143592,NA,NA,NA,NA,NA,NA,NA,NA,NA,NA,NA,NA,NA,NA,0,0,NA,NA,NA,NA,NA,NA,NA,NA,NA,NA,NA,NA,NA,NA,NA,0,0,0,0,0,0,NA,0,0,NA,NA,NA,NA,NA,NA,NA,NA,NA,NA,0,NA,NA,NA,NA,0,0,0,0,0,0,0,0,0,NA,0,0,0,0,0,0,0,0,0,NA,NA,NA,NA,NA,NA,FALSE
"MAR_56","MAR_1","SRA_16a","MAR",2015,"MOZ","Ryan C.","Woollen E.; ACES","circle",NA,NA,20,NA,NA,NA,NA,NA,5,NA,FALSE,NA,NA,NA,NA,NA,NA,FALSE,NA,NA,NA,NA,NA,NA,FALSE,NA,NA,NA,NA,NA,NA,FALSE,NA,TRUE,TRUE,TRUE,NA,NA,FALSE,NA,NA,FALSE,NA,NA,NA,36.658705,-15.287222,650.029999999999,NA,NA,NA,NA,FALSE,NA,NA,NA,NA,0.055,"mirror_densitometer","Densiometer recordings in 4 directions for each plot (standing in the centre, face N, S, E, W). An average is taken of the four readings",NA,FALSE,NA,NA,NA,NA,NA,NA,NA,NA,NA,NA,NA,TRUE,FALSE,NA,NA,NA,NA,NA,NA,"stem",NA,TRUE,NA,NA,NA,NA,NA,NA,NA,NA,NA,NA,NA,NA,NA,NA,NA,NA,NA,NA,NA,NA,NA,NA,NA,NA,NA,NA,NA,NA,NA,NA,NA,NA,NA,NA,NA,NA,"30_moz_ryan_ACES_checkN.xlsx","30_mozambique_various_ACES_clean.csv","2017","https://doi.org/10.1111/j.1744-7429.2010.00713.x",FALSE,NA,0.125663706143592,NA,125.663706143592,28.5,5.1,13.3272727272727,12.95,6.3923452599244,13.3272727272727,12.95,6.3923452599244,17.4230769230769,15.2,4.9635595168108,24.7333333333333,22.9,3.26241219549789,22,0,NA,NA,NA,NA,NA,NA,NA,NA,NA,NA,NA,NA,NA,NA,NA,22,22,13,3,0,0,NA,18,18,"Pericopsis angolensis","Sclerocarya birrea","Indet indet","Albizia amara","Combretum collinum",0.363636363636364,0.318181818181818,0.181818181818182,0.0454545454545455,0.0454545454545455,6,6,1.46367514329898,0.727272727272727,3.66666666666667,22,22,13,3,0.374294061137668,1.6982660651779,1.6982660651779,1.55612583049665,0.728544492628706,0.611111111111111,175.070437401085,175.070437401085,103.450713009732,23.8732414637843,2.9785375,13.5143719479143,13.5143719479143,12.3832558998261,5.79757286321177,-9.74056636515026,2.55504264645086,15.1044477639588,2.29426849364428,1.48506305574866,0.375465647756483,FALSE
"MAR_57","MAR_1","SRA_16b","MAR",2015,"MOZ","Ryan C.","Woollen E.; ACES","circle",NA,NA,20,NA,NA,NA,NA,NA,5,NA,FALSE,NA,NA,NA,NA,NA,NA,FALSE,NA,NA,NA,NA,NA,NA,FALSE,NA,NA,NA,NA,NA,NA,FALSE,NA,TRUE,TRUE,TRUE,NA,NA,FALSE,NA,NA,FALSE,NA,NA,NA,36.658726,-15.285396,650.62,NA,NA,NA,NA,FALSE,NA,NA,NA,NA,0.045,"mirror_densitometer","Densiometer recordings in 4 directions for each plot (standing in the centre, face N, S, E, W). An average is taken of the four readings",NA,FALSE,NA,NA,NA,NA,NA,NA,NA,NA,NA,NA,NA,TRUE,FALSE,NA,NA,NA,NA,NA,NA,"stem",NA,TRUE,NA,NA,NA,NA,NA,NA,NA,NA,NA,NA,NA,NA,NA,NA,NA,NA,NA,NA,NA,NA,NA,NA,NA,NA,NA,NA,NA,NA,NA,NA,NA,NA,NA,NA,NA,NA,"30_moz_ryan_ACES_checkN.xlsx","30_mozambique_various_ACES_clean.csv","2017","https://doi.org/10.1111/j.1744-7429.2010.00713.x",FALSE,NA,0.125663706143592,NA,125.663706143592,19.3,5.1,8.7,6.5,5.08035431835222,8.7,6.5,5.08035431835222,14.7,14.7,6.50538238691624,NA,NA,NA,7,0,NA,NA,NA,NA,NA,NA,NA,NA,NA,NA,NA,NA,NA,NA,NA,7,7,2,0,0,0,NA,5,5,"Annona senegalensis","Indet indet",NA,NA,NA,0.714285714285714,0.285714285714286,NA,NA,NA,2,2,0.598269588585257,0.408163265306122,1.68965517241379,7,7,2,0,0.0537754268496599,0.268844369604825,0.268844369604825,0.212708761216675,0,0.844827586206897,55.7042300821634,55.7042300821634,15.9154943091895,0,0.42793125,2.13939551725162,2.13939551725162,1.69268253932938,0,NA,NA,9.89626900253924,2.00493094433505,1.98748830891412,0.542125275296252,FALSE
"MAR_58","MAR_1","MQT_7a","MAR",2015,"MOZ","Ryan C.","Woollen E.; ACES","circle",NA,NA,20,NA,NA,NA,NA,NA,5,NA,FALSE,NA,NA,NA,NA,NA,NA,FALSE,NA,NA,NA,NA,NA,NA,FALSE,NA,NA,NA,NA,NA,NA,FALSE,NA,TRUE,TRUE,TRUE,NA,NA,FALSE,NA,NA,FALSE,NA,NA,NA,36.661331,-15.176882,640.08,NA,NA,NA,NA,FALSE,NA,NA,NA,NA,0,"mirror_densitometer","Densiometer recordings in 4 directions for each plot (standing in the centre, face N, S, E, W). An average is taken of the four readings",NA,FALSE,NA,NA,NA,NA,NA,NA,NA,NA,NA,NA,NA,TRUE,FALSE,NA,NA,NA,NA,NA,NA,"stem",NA,TRUE,NA,NA,NA,NA,NA,NA,NA,NA,NA,NA,NA,NA,NA,NA,NA,NA,NA,NA,NA,NA,NA,NA,NA,NA,NA,NA,NA,NA,NA,NA,NA,NA,NA,NA,NA,NA,"30_moz_ryan_ACES_checkN.xlsx","30_mozambique_various_ACES_clean.csv","2017","https://doi.org/10.1111/j.1744-7429.2010.00713.x",FALSE,NA,0.125663706143592,NA,125.663706143592,30.6,9,16.3789473684211,13.7,5.73279602056198,16.3789473684211,13.7,5.73279602056198,16.5783783783784,13.7,5.67666447128237,24.63,24.6,3.72082726763223,38,0,NA,NA,NA,NA,NA,NA,NA,NA,NA,NA,NA,NA,NA,NA,NA,38,38,37,10,0,0,NA,35,25,"Vernonia indet","Albizia amara","Combretum collinum","Sclerocarya birrea","Indet indet",0.263157894736842,0.236842105263158,0.210526315789474,0.105263157894737,0.0789473684210526,8,7.16121640555868,1.80433055101563,0.808864265927978,5.23188405797101,38,38,37,10,0.896159724788737,4.61054117198213,4.61054117198213,4.58879696578464,2.72220167648433,0.653985507246377,302.394391874601,302.394391874601,294.436644720006,79.5774715459477,7.1314125,36.6895208924828,36.6895208924828,36.5164859974859,21.6625926452763,-8.48020065796852,2.2563840833919,18.3487568677147,3.03004783374946,1.0446650390336,0.359594673789283,FALSE
"MAR_59","MAR_1","SRA_12a","MAR",2015,"MOZ","Ryan C.","Woollen E.; ACES","circle",NA,NA,20,NA,NA,NA,NA,NA,5,NA,FALSE,NA,NA,NA,NA,NA,NA,FALSE,NA,NA,NA,NA,NA,NA,FALSE,NA,NA,NA,NA,NA,NA,FALSE,NA,TRUE,TRUE,TRUE,NA,NA,FALSE,NA,NA,FALSE,NA,NA,NA,36.662298,-15.304241,659.33,NA,NA,NA,NA,FALSE,NA,NA,NA,NA,0.0975,"mirror_densitometer","Densiometer recordings in 4 directions for each plot (standing in the centre, face N, S, E, W). An average is taken of the four readings",NA,FALSE,NA,NA,NA,NA,NA,NA,NA,NA,NA,NA,NA,FALSE,FALSE,NA,NA,NA,NA,NA,NA,"stem",NA,TRUE,NA,NA,NA,NA,NA,NA,NA,NA,NA,NA,NA,NA,NA,NA,NA,NA,NA,NA,NA,NA,NA,NA,NA,NA,NA,NA,NA,NA,NA,NA,NA,NA,NA,NA,NA,NA,"30_moz_ryan_ACES_checkN.xlsx","30_mozambique_various_ACES_clean.csv","2017","https://doi.org/10.1111/j.1744-7429.2010.00713.x",FALSE,NA,0.125663706143592,NA,125.663706143592,19.9,5.1,10.2357142857143,10.05,3.52520749915348,10.2357142857143,10.05,3.52520749915348,12.1375,11.05,3.33592458804795,NA,NA,NA,14,0,NA,NA,NA,NA,NA,NA,NA,NA,NA,NA,NA,NA,NA,NA,NA,14,14,8,0,0,0,NA,8,8,"Indet indet","Annona senegalensis","Pericopsis angolensis","Aloe zebrina","Combretum apiculatum",0.428571428571429,0.214285714285714,0.214285714285714,0.0714285714285714,0.0714285714285714,5,5,1.40032657623119,0.714285714285714,3.5,14,14,8,0,0.127888739140497,0.652263957176896,0.652263957176896,0.537762507693682,0,0.7,111.408460164327,111.408460164327,63.6619772367581,0,1.01770625,5.19055164926916,5.19055164926916,4.27937806544714,0,NA,NA,11.4179359977778,3.04682615188565,1.06396174409734,0.568347293691563,FALSE
"MAR_60","MAR_1","SRA_12b","MAR",2015,"MOZ","Ryan C.","Woollen E.; ACES","circle",NA,NA,20,NA,NA,NA,NA,NA,5,NA,FALSE,NA,NA,NA,NA,NA,NA,FALSE,NA,NA,NA,NA,NA,NA,FALSE,NA,NA,NA,NA,NA,NA,FALSE,NA,TRUE,TRUE,TRUE,NA,NA,FALSE,NA,NA,FALSE,NA,NA,NA,36.662327,-15.302446,655.769999999999,NA,NA,NA,NA,FALSE,NA,NA,NA,NA,0.1825,"mirror_densitometer","Densiometer recordings in 4 directions for each plot (standing in the centre, face N, S, E, W). An average is taken of the four readings",NA,FALSE,NA,NA,NA,NA,NA,NA,NA,NA,NA,NA,NA,TRUE,FALSE,NA,NA,NA,NA,NA,NA,"stem",NA,TRUE,NA,NA,NA,NA,NA,NA,NA,NA,NA,NA,NA,NA,NA,NA,NA,NA,NA,NA,NA,NA,NA,NA,NA,NA,NA,NA,NA,NA,NA,NA,NA,NA,NA,NA,NA,NA,"30_moz_ryan_ACES_checkN.xlsx","30_mozambique_various_ACES_clean.csv","2017","https://doi.org/10.1111/j.1744-7429.2010.00713.x",FALSE,NA,0.125663706143592,NA,125.663706143592,22,5.8,10.6176470588235,10.2,3.29926259789056,10.6176470588235,10.2,3.29926259789056,12.3227272727273,12,2.69159747542179,22,22,NA,34,0,NA,NA,NA,NA,NA,NA,NA,NA,NA,NA,NA,NA,NA,NA,NA,34,34,22,1,0,0,NA,26,26,"Annona senegalensis","Indet indet","Combretum collinum","Piliostigma thonningii","Sclerocarya birrea",0.323529411764706,0.235294117647059,0.0882352941176471,0.0882352941176471,0.0882352941176471,9,8.30013319414124,1.88893465242576,0.807958477508651,5.20720720720721,34,34,22,1,0.329253047263151,1.4244143602776,1.4244143602776,1.24949443577147,0.280956451516136,0.578578578578579,270.563403256222,270.563403256222,175.070437401085,7.95774715459477,2.6201125,11.335129322463,11.335129322463,9.94316079094239,2.23578040261757,-3.1656950116645,2.76522247882965,11.7837645998852,3.30269819897071,0.648835418148043,0.394276638248623,FALSE
"MAR_61","MAR_1","MQT_32a","MAR",2015,"MOZ","Ryan C.","Woollen E.; ACES","circle",NA,NA,20,NA,NA,NA,NA,NA,5,NA,FALSE,NA,NA,NA,NA,NA,NA,FALSE,NA,NA,NA,NA,NA,NA,FALSE,NA,NA,NA,NA,NA,NA,FALSE,NA,TRUE,TRUE,TRUE,NA,NA,FALSE,NA,NA,FALSE,NA,NA,NA,36.665955,-15.175144,661.929999999999,NA,NA,NA,NA,FALSE,NA,NA,NA,NA,NA,"mirror_densitometer","Densiometer recordings in 4 directions for each plot (standing in the centre, face N, S, E, W). An average is taken of the four readings",NA,FALSE,NA,NA,NA,NA,NA,NA,NA,NA,NA,NA,NA,TRUE,FALSE,NA,NA,NA,NA,NA,NA,"stem",NA,TRUE,NA,NA,NA,NA,NA,NA,NA,NA,NA,NA,NA,NA,NA,NA,NA,NA,NA,NA,NA,NA,NA,NA,NA,NA,NA,NA,NA,NA,NA,NA,NA,NA,NA,NA,NA,NA,"30_moz_ryan_ACES_checkN.xlsx","30_mozambique_various_ACES_clean.csv","2017","https://doi.org/10.1111/j.1744-7429.2010.00713.x",FALSE,NA,0.125663706143592,NA,125.663706143592,29,6,13.8333333333333,11,6.90558171507147,13.8333333333333,11,6.90558171507147,16.2846153846154,14.4,6.56567414079293,26.7333333333333,28,3.1005375877956,18,0,NA,NA,NA,NA,NA,NA,NA,NA,NA,NA,NA,NA,NA,NA,NA,18,18,13,3,0,0,NA,17,12,"Cassia abbreviata","Thespesia garckeana","Vernonia indet","Combretum indet","Dichrostachys cinerea",0.222222222222222,0.166666666666667,0.166666666666667,0.111111111111111,0.111111111111111,9,9,2.06206954130016,0.858024691358025,7.04347826086957,18,18,13,3,0.334201055692555,1.93672678484605,1.93672678484605,1.85651451085741,1.15174209581226,0.782608695652174,143.239448782706,143.239448782706,103.450713009732,23.8732414637843,2.6594875,15.4119820613362,15.4119820613362,14.7736730662395,9.16527238577705,-9.2039183148467,5.81500569228098,15.7000192109013,2.20965600904806,1.77825738247942,0.385559054245087,FALSE
"MAR_62","MAR_1","MQT_10","MAR",2015,"MOZ","Ryan C.","Woollen E.; ACES","circle",NA,NA,20,NA,NA,NA,NA,NA,5,NA,FALSE,NA,NA,NA,NA,NA,NA,FALSE,NA,NA,NA,NA,NA,NA,FALSE,NA,NA,NA,NA,NA,NA,FALSE,NA,TRUE,TRUE,TRUE,NA,NA,FALSE,NA,NA,FALSE,NA,NA,NA,36.668777,-15.183121,741.72,NA,NA,NA,NA,FALSE,NA,NA,NA,NA,0,"mirror_densitometer","Densiometer recordings in 4 directions for each plot (standing in the centre, face N, S, E, W). An average is taken of the four readings",NA,FALSE,NA,NA,NA,NA,NA,NA,NA,NA,NA,NA,NA,FALSE,FALSE,NA,NA,NA,NA,NA,NA,"stem",NA,TRUE,NA,NA,NA,NA,NA,NA,NA,NA,NA,NA,NA,NA,NA,NA,NA,NA,NA,NA,NA,NA,NA,NA,NA,NA,NA,NA,NA,NA,NA,NA,NA,NA,NA,NA,NA,NA,"30_moz_ryan_ACES_checkN.xlsx","30_mozambique_various_ACES_clean.csv","2017","https://doi.org/10.1111/j.1744-7429.2010.00713.x",FALSE,NA,0.125663706143592,NA,125.663706143592,41,5.2,16.42,11.5,12.4091185110878,16.42,11.5,12.4091185110878,22.8333333333333,19.5,12.3517879947264,32.6666666666667,34,9.07377172587747,10,0,NA,NA,NA,NA,NA,NA,NA,NA,NA,NA,NA,NA,NA,NA,NA,10,10,6,3,1,0,NA,10,10,"Lannea schweinfurthii","Pterocarpus angolensis",NA,NA,NA,0.9,0.1,NA,NA,NA,2,2,0.325082973391448,0.18,1.21951219512195,10,10,6,3,0.320602671891492,1.38153999380616,1.38153999380616,1.35045271593491,1.23181126313357,0.609756097560976,79.5774715459477,79.5774715459477,47.7464829275686,23.8732414637843,2.551275,10.9939459546698,10.9939459546698,10.7465612576458,9.80244257419897,NA,NA,18.3661267083699,1.50805234775221,4.08938451373302,0.360288996321659,FALSE
"MAR_63","MAR_1","MHO_12a","MAR",2015,"MOZ","Ryan C.","Woollen E.; ACES","circle",NA,NA,20,NA,NA,NA,NA,NA,5,NA,FALSE,NA,NA,NA,NA,NA,NA,FALSE,NA,NA,NA,NA,NA,NA,FALSE,NA,NA,NA,NA,NA,NA,FALSE,NA,TRUE,TRUE,TRUE,NA,NA,FALSE,NA,NA,FALSE,NA,NA,NA,36.671082,-15.151132,634.48,NA,NA,NA,NA,FALSE,NA,NA,NA,NA,0.17,"mirror_densitometer","Densiometer recordings in 4 directions for each plot (standing in the centre, face N, S, E, W). An average is taken of the four readings",NA,FALSE,NA,NA,NA,NA,NA,NA,NA,NA,NA,NA,NA,FALSE,FALSE,NA,NA,NA,NA,NA,NA,"stem",NA,TRUE,NA,NA,NA,NA,NA,NA,NA,NA,NA,NA,NA,NA,NA,NA,NA,NA,NA,NA,NA,NA,NA,NA,NA,NA,NA,NA,NA,NA,NA,NA,NA,NA,NA,NA,NA,NA,"30_moz_ryan_ACES_checkN.xlsx","30_mozambique_various_ACES_clean.csv","2017","https://doi.org/10.1111/j.1744-7429.2010.00713.x",FALSE,NA,0.125663706143592,NA,125.663706143592,47,17.5,33.3428571428571,32.5,10.9189219771394,33.3428571428571,32.5,10.9189219771394,33.3428571428571,32.5,10.9189219771394,35.9833333333333,34.5,9.19247880969364,7,0,NA,NA,NA,NA,NA,NA,NA,NA,NA,NA,NA,NA,NA,NA,NA,7,7,7,6,2,0,NA,6,5,"Brachystegia boehmii","Cussonia indet","Diplorhynchus condylocarpon","Indet indet","Lannea discolor",0.142857142857143,0.142857142857143,0.142857142857143,0.142857142857143,0.142857142857143,7,7,1.94591014905531,0.857142857142857,7,7,7,7,6,0.667396801735962,4.20722651971308,4.20722651971308,4.20722651971308,4.10764575399547,1,55.7042300821634,55.7042300821634,55.7042300821634,47.7464829275686,5.310975,33.4800448659824,33.4800448659824,33.4800448659824,32.6876063109407,NA,NA,37.0397252204606,3.7385618829511,3.95085126800276,1.13315040764073,FALSE
"MAR_64","MAR_1","MHO_12b","MAR",2015,"MOZ","Ryan C.","Woollen E.; ACES","circle",NA,NA,20,NA,NA,NA,NA,NA,5,NA,FALSE,NA,NA,NA,NA,NA,NA,FALSE,NA,NA,NA,NA,NA,NA,FALSE,NA,NA,NA,NA,NA,NA,FALSE,NA,TRUE,TRUE,TRUE,NA,NA,FALSE,NA,NA,FALSE,NA,NA,NA,36.671117,-15.149324,643.539999999999,NA,NA,NA,NA,FALSE,NA,NA,NA,NA,0,"mirror_densitometer","Densiometer recordings in 4 directions for each plot (standing in the centre, face N, S, E, W). An average is taken of the four readings",NA,FALSE,NA,NA,NA,NA,NA,NA,NA,NA,NA,NA,NA,FALSE,FALSE,NA,NA,NA,NA,NA,NA,"stem",NA,TRUE,NA,NA,NA,NA,NA,NA,NA,NA,NA,NA,NA,NA,NA,NA,NA,NA,NA,NA,NA,NA,NA,NA,NA,NA,NA,NA,NA,NA,NA,NA,NA,NA,NA,NA,NA,NA,"30_moz_ryan_ACES_checkN.xlsx","30_mozambique_various_ACES_clean.csv","2017","https://doi.org/10.1111/j.1744-7429.2010.00713.x",FALSE,NA,0.125663706143592,NA,125.663706143592,25,14,18.76,16.3,4.7236638322387,18.76,16.3,4.7236638322387,18.76,16.3,4.7236638322387,23.75,23.75,1.76776695296637,5,0,NA,NA,NA,NA,NA,NA,NA,NA,NA,NA,NA,NA,NA,NA,NA,5,5,5,2,0,0,NA,5,5,"Adansonia digitata","Diplorhynchus condylocarpon","Lannea discolor","Strychnos spinosa","Terminalia sericea",0.2,0.2,0.2,0.2,0.2,5,5,1.6094379124341,0.8,5,5,5,5,2,0.145215408023208,0.662213427053699,0.662213427053699,0.662213427053699,0.428099168867228,1,39.7887357729738,39.7887357729738,39.7887357729738,15.9154943091895,1.1555875,5.26972701487102,5.26972701487102,5.26972701487102,3.40670494293757,NA,NA,20.48602627251,4.86699019458629,1.99642798725626,1.70325811435808,TRUE
"MAR_65","MAR_1","MHO_19a","MAR",2015,"MOZ","Ryan C.","Woollen E.; ACES","circle",NA,NA,20,NA,NA,NA,NA,NA,5,NA,FALSE,NA,NA,NA,NA,NA,NA,FALSE,NA,NA,NA,NA,NA,NA,FALSE,NA,NA,NA,NA,NA,NA,FALSE,NA,TRUE,TRUE,TRUE,NA,NA,FALSE,NA,NA,FALSE,NA,NA,NA,36.673708,-15.155581,629.22,NA,NA,NA,NA,FALSE,NA,NA,NA,NA,0.16,"mirror_densitometer","Densiometer recordings in 4 directions for each plot (standing in the centre, face N, S, E, W). An average is taken of the four readings",NA,FALSE,NA,NA,NA,NA,NA,NA,NA,NA,NA,NA,NA,TRUE,FALSE,NA,NA,NA,NA,NA,NA,"stem",NA,TRUE,NA,NA,NA,NA,NA,NA,NA,NA,NA,NA,NA,NA,NA,NA,NA,NA,NA,NA,NA,NA,NA,NA,NA,NA,NA,NA,NA,NA,NA,NA,NA,NA,NA,NA,NA,NA,"30_moz_ryan_ACES_checkN.xlsx","30_mozambique_various_ACES_clean.csv","2017","https://doi.org/10.1111/j.1744-7429.2010.00713.x",FALSE,NA,0.125663706143592,NA,125.663706143592,26.4,5,12.1545454545455,10.05,7.76829498193825,12.1545454545455,10.05,7.76829498193825,17.0666666666667,13.5,7.4591412293097,25.38,25.1,0.91214034007931,22,0,NA,NA,NA,NA,NA,NA,NA,NA,NA,NA,NA,NA,NA,NA,NA,22,22,12,5,0,0,NA,21,20,"Annona senegalensis","Combretum collinum","Diplorhynchus condylocarpon","Pteleopsis myrtifolia","Adansonia digitata",0.409090909090909,0.136363636363636,0.0909090909090909,0.0909090909090909,0.0454545454545455,10,10,1.91634032680058,0.785123966942149,4.65384615384615,22,22,12,5,0.354795766333163,1.93193092239918,1.93193092239918,1.83740198413285,1.58418295204121,0.465384615384615,175.070437401085,175.070437401085,95.4929658551372,39.7887357729738,2.823375,15.3738178005957,15.3738178005957,14.62158041108,12.6065273789634,-22.2687270492243,3.45340344943672,13.7716614331539,1.74081522033065,1.79240881635654,0.278943358527896,FALSE
"MAR_66","MAR_1","MHO_19b","MAR",2015,"MOZ","Ryan C.","Woollen E.; ACES","circle",NA,NA,20,NA,NA,NA,NA,NA,5,NA,FALSE,NA,NA,NA,NA,NA,NA,FALSE,NA,NA,NA,NA,NA,NA,FALSE,NA,NA,NA,NA,NA,NA,FALSE,NA,TRUE,TRUE,TRUE,NA,NA,FALSE,NA,NA,FALSE,NA,NA,NA,36.673742,-15.153755,640.46,NA,NA,NA,NA,FALSE,NA,NA,NA,NA,0,"mirror_densitometer","Densiometer recordings in 4 directions for each plot (standing in the centre, face N, S, E, W). An average is taken of the four readings",NA,FALSE,NA,NA,NA,NA,NA,NA,NA,NA,NA,NA,NA,FALSE,FALSE,NA,NA,NA,NA,NA,NA,"stem",NA,TRUE,NA,NA,NA,NA,NA,NA,NA,NA,NA,NA,NA,NA,NA,NA,NA,NA,NA,NA,NA,NA,NA,NA,NA,NA,NA,NA,NA,NA,NA,NA,NA,NA,NA,NA,NA,NA,"30_moz_ryan_ACES_checkN.xlsx","30_mozambique_various_ACES_clean.csv","2017","https://doi.org/10.1111/j.1744-7429.2010.00713.x",FALSE,NA,0.125663706143592,NA,125.663706143592,24.2,5,15.6166666666667,18.75,8.4924476251942,15.6166666666667,18.75,8.4924476251942,20.925,20.75,2.73663418575934,23.1,23.1,1.5556349186104,6,0,NA,NA,NA,NA,NA,NA,NA,NA,NA,NA,NA,NA,NA,NA,NA,6,6,4,2,0,0,NA,6,5,"Asparagus africanus","Ficus abutilifolia","Cussonia indet","Diospyros kirkii",NA,0.333333333333333,0.333333333333333,0.166666666666667,0.166666666666667,NA,4,4,1.32966134885476,0.722222222222222,3.6,6,6,4,2,0.143247985623897,0.609899867114589,0.609899867114589,0.601336399769439,0.378520146418986,0.9,47.7464829275686,47.7464829275686,31.8309886183791,15.9154943091895,1.13993125,4.85342893211885,4.85342893211885,4.78528302421951,3.01216761812248,NA,NA,17.6149399197444,2.1317683917409,3.52443016070077,0.772743281777563,FALSE
"MAR_67","MAR_1","NCN_1a","MAR",2015,"MOZ","Ryan C.","Woollen E.; ACES","circle",NA,NA,20,NA,NA,NA,NA,NA,5,NA,FALSE,NA,NA,NA,NA,NA,NA,FALSE,NA,NA,NA,NA,NA,NA,FALSE,NA,NA,NA,NA,NA,NA,FALSE,NA,TRUE,TRUE,TRUE,NA,NA,FALSE,NA,NA,FALSE,NA,NA,NA,36.675191,-15.246798,666.96,NA,NA,NA,NA,FALSE,NA,NA,NA,NA,0.0825,"mirror_densitometer","Densiometer recordings in 4 directions for each plot (standing in the centre, face N, S, E, W). An average is taken of the four readings",NA,FALSE,NA,NA,NA,NA,NA,NA,NA,NA,NA,NA,NA,TRUE,FALSE,NA,NA,NA,NA,NA,NA,"stem",NA,TRUE,NA,NA,NA,NA,NA,NA,NA,NA,NA,NA,NA,NA,NA,NA,NA,NA,NA,NA,NA,NA,NA,NA,NA,NA,NA,NA,NA,NA,NA,NA,NA,NA,NA,NA,NA,NA,"30_moz_ryan_ACES_checkN.xlsx","30_mozambique_various_ACES_clean.csv","2017","https://doi.org/10.1111/j.1744-7429.2010.00713.x",FALSE,NA,0.125663706143592,NA,125.663706143592,31,5,12.7774193548387,10,6.66071616156598,12.7774193548387,10,6.66071616156598,16.5941176470588,14,6.86025423984375,25.6,25,4.77493455452533,31,0,NA,NA,NA,NA,NA,NA,NA,NA,NA,NA,NA,NA,NA,NA,NA,31,31,17,5,0,0,NA,29,28,"Combretum collinum","Albizia adianthifolia","Pterocarpus angolensis","Lannea discolor","Indet indet",0.193548387096774,0.161290322580645,0.161290322580645,0.129032258064516,0.0645161290322581,13,11.5800964577383,2.29970649137454,0.878251821019771,8.21367521367521,31,31,17,5,0.50203357462712,2.32527570585171,2.32527570585171,2.04094955452876,1.29074158052086,0.631821170282709,246.690161792438,246.690161792438,135.281701628111,39.7887357729738,3.99505625,18.5039561318898,18.5039561318898,16.2413605102227,10.271395139707,-9.51603477548542,2.80663174393883,14.5151525048858,2.09280255424353,1.32544700045736,0.2692307067853,FALSE
"MAR_68","MAR_1","NCN_1b","MAR",2015,"MOZ","Ryan C.","Woollen E.; ACES","circle",NA,NA,20,NA,NA,NA,NA,NA,5,NA,FALSE,NA,NA,NA,NA,NA,NA,FALSE,NA,NA,NA,NA,NA,NA,FALSE,NA,NA,NA,NA,NA,NA,FALSE,NA,TRUE,TRUE,TRUE,NA,NA,FALSE,NA,NA,FALSE,NA,NA,NA,36.675229,-15.244971,666.539999999999,NA,NA,NA,NA,FALSE,NA,NA,NA,NA,0.2575,"mirror_densitometer","Densiometer recordings in 4 directions for each plot (standing in the centre, face N, S, E, W). An average is taken of the four readings",NA,FALSE,NA,NA,NA,NA,NA,NA,NA,NA,NA,NA,NA,FALSE,FALSE,NA,NA,NA,NA,NA,NA,"stem",NA,TRUE,NA,NA,NA,NA,NA,NA,NA,NA,NA,NA,NA,NA,NA,NA,NA,NA,NA,NA,NA,NA,NA,NA,NA,NA,NA,NA,NA,NA,NA,NA,NA,NA,NA,NA,NA,NA,"30_moz_ryan_ACES_checkN.xlsx","30_mozambique_various_ACES_clean.csv","2017","https://doi.org/10.1111/j.1744-7429.2010.00713.x",FALSE,NA,0.125663706143592,NA,125.663706143592,21.5,5,13.1178571428571,14,4.76188988092913,13.1178571428571,14,4.76188988092913,15.535,15.4,3.07079194311414,20.75,20.75,1.06066017177982,28,0,NA,NA,NA,NA,NA,NA,NA,NA,NA,NA,NA,NA,NA,NA,NA,28,28,20,2,0,0,NA,25,22,"Combretum collinum","Annona senegalensis","Combretum indet","Indet indet","Kigelia africana",0.357142857142857,0.107142857142857,0.107142857142857,0.107142857142857,0.107142857142857,9,8.67704517704518,1.92131039374799,0.811224489795918,5.2972972972973,28,28,20,2,0.42650497484584,2.68384132559973,2.68384132559973,2.54589855256509,0.495072988141564,0.588588588588589,222.816920328653,222.816920328653,159.154943091895,15.9154943091895,3.39401875,21.3573306721751,21.3573306721751,20.2596169625618,3.93966566270026,-6.02393690064378,4.48557896145457,14.6863202671617,3.19566274895911,0.911764817159483,0.496948174744182,FALSE
"MAR_69","MAR_1","NCN_18a","MAR",2015,"MOZ","Ryan C.","Woollen E.; ACES","circle",NA,NA,20,NA,NA,NA,NA,NA,5,NA,FALSE,NA,NA,NA,NA,NA,NA,FALSE,NA,NA,NA,NA,NA,NA,FALSE,NA,NA,NA,NA,NA,NA,FALSE,NA,TRUE,TRUE,TRUE,NA,NA,FALSE,NA,NA,FALSE,NA,NA,NA,36.679144,-15.261528,656.61,NA,NA,NA,NA,FALSE,NA,NA,NA,NA,0,"mirror_densitometer","Densiometer recordings in 4 directions for each plot (standing in the centre, face N, S, E, W). An average is taken of the four readings",NA,FALSE,NA,NA,NA,NA,NA,NA,NA,NA,NA,NA,NA,FALSE,FALSE,NA,NA,NA,NA,NA,NA,"stem",NA,TRUE,NA,NA,NA,NA,NA,NA,NA,NA,NA,NA,NA,NA,NA,NA,NA,NA,NA,NA,NA,NA,NA,NA,NA,NA,NA,NA,NA,NA,NA,NA,NA,NA,NA,NA,NA,NA,"30_moz_ryan_ACES_checkN.xlsx","30_mozambique_various_ACES_clean.csv","2017","https://doi.org/10.1111/j.1744-7429.2010.00713.x",FALSE,NA,0.125663706143592,NA,125.663706143592,49.5,5,25.8333333333333,18.75,16.4818541175292,25.8333333333333,18.75,16.4818541175292,27.7272727272727,20,15.8577483211893,39.6666666666667,40.75,11.0302614051829,12,0,NA,NA,NA,NA,NA,NA,NA,NA,NA,NA,NA,NA,NA,NA,NA,12,12,11,6,3,0,NA,5,5,"Indet indet","Piliostigma thonningii","Lannea schweinfurthii",NA,NA,0.583333333333333,0.25,0.166666666666667,NA,NA,3,3,0.959614793912049,0.569444444444444,2.32258064516129,12,12,11,6,0.863663090380004,4.35565764763307,4.35565764763307,4.35255632066305,4.1367780707199,0.774193548387097,95.4929658551372,95.4929658551372,87.5352187005424,47.7464829275686,6.8728125,34.661222251841,34.661222251841,34.6365426759698,32.9194339214613,NA,NA,29.0739434404344,1.70272422541068,5.20556189487643,0.396162368168241,FALSE
"MAR_70","MAR_1","NCN_18b","MAR",2015,"MOZ","Ryan C.","Woollen E.; ACES","circle",NA,NA,20,NA,NA,NA,NA,NA,5,NA,FALSE,NA,NA,NA,NA,NA,NA,FALSE,NA,NA,NA,NA,NA,NA,FALSE,NA,NA,NA,NA,NA,NA,FALSE,NA,TRUE,TRUE,TRUE,NA,NA,FALSE,NA,NA,FALSE,NA,NA,NA,36.679166,-15.259711,657.19,NA,NA,NA,NA,FALSE,NA,NA,NA,NA,0,"mirror_densitometer","Densiometer recordings in 4 directions for each plot (standing in the centre, face N, S, E, W). An average is taken of the four readings",NA,FALSE,NA,NA,NA,NA,NA,NA,NA,NA,NA,NA,NA,FALSE,FALSE,NA,NA,NA,NA,NA,NA,"stem",NA,TRUE,NA,NA,NA,NA,NA,NA,NA,NA,NA,NA,NA,NA,NA,NA,NA,NA,NA,NA,NA,NA,NA,NA,NA,NA,NA,NA,NA,NA,NA,NA,NA,NA,NA,NA,NA,NA,"30_moz_ryan_ACES_checkN.xlsx","30_mozambique_various_ACES_clean.csv","2017","https://doi.org/10.1111/j.1744-7429.2010.00713.x",FALSE,NA,0.125663706143592,NA,125.663706143592,8,5,6,6,0.960468635614927,6,6,0.960468635614927,NA,NA,NA,NA,NA,NA,9,0,NA,NA,NA,NA,NA,NA,NA,NA,NA,NA,NA,NA,NA,NA,NA,9,9,0,0,0,0,NA,6,6,"Piliostigma thonningii","Indet indet","Diplorhynchus condylocarpon",NA,NA,0.555555555555556,0.333333333333333,0.111111111111111,NA,NA,3,3,0.936888307539016,0.567901234567901,2.31428571428571,9,9,0,0,0.0260265243386646,0.0757014929126351,0.0757014929126351,0,0,0.771428571428571,71.6197243913529,71.6197243913529,0,0,0.2071125,0.602413339824098,0.602413339824098,0,0,NA,NA,6.40261828221605,6.5274726403419,0.347645153696043,1.55606648995006,FALSE
"MAR_71","MAR_1","NCN_17a","MAR",2015,"MOZ","Ryan C.","Woollen E.; ACES","circle",NA,NA,20,NA,NA,NA,NA,NA,5,NA,FALSE,NA,NA,NA,NA,NA,NA,FALSE,NA,NA,NA,NA,NA,NA,FALSE,NA,NA,NA,NA,NA,NA,FALSE,NA,TRUE,TRUE,TRUE,NA,NA,FALSE,NA,NA,FALSE,NA,NA,NA,36.68744,-15.256741,673.87,NA,NA,NA,NA,FALSE,NA,NA,NA,NA,0,"mirror_densitometer","Densiometer recordings in 4 directions for each plot (standing in the centre, face N, S, E, W). An average is taken of the four readings",NA,FALSE,NA,NA,NA,NA,NA,NA,NA,NA,NA,NA,NA,FALSE,FALSE,NA,NA,NA,NA,NA,NA,"stem",NA,TRUE,NA,NA,NA,NA,NA,NA,NA,NA,NA,NA,NA,NA,NA,NA,NA,NA,NA,NA,NA,NA,NA,NA,NA,NA,NA,NA,NA,NA,NA,NA,NA,NA,NA,NA,NA,NA,"30_moz_ryan_ACES_checkN.xlsx","30_mozambique_various_ACES_clean.csv","2017","https://doi.org/10.1111/j.1744-7429.2010.00713.x",FALSE,NA,0.125663706143592,NA,125.663706143592,22,8.9,12.49,11.5,3.69998498495452,12.49,11.5,3.69998498495452,12.8888888888889,12,3.68932393686311,22,22,NA,10,0,NA,NA,NA,NA,NA,NA,NA,NA,NA,NA,NA,NA,NA,NA,NA,10,10,9,1,0,0,NA,10,8,"Pterocarpus angolensis","Combretum collinum","Combretum indet","Allophylus africanus","Diplorhynchus condylocarpon",0.3,0.2,0.2,0.1,0.1,6,6,1.69574253416963,0.8,5,10,10,9,1,0.132199004261222,0.718901076056023,0.718901076056023,0.696258191789652,0.304182204827746,0.833333333333333,79.5774715459477,79.5774715459477,71.6197243913529,7.95774715459477,1.05200625,5.72083299241994,5.72083299241994,5.5406466445774,2.42060507494636,NA,NA,13.8193127645697,3.41521469252435,1.36547541870655,0.73450632391495,FALSE
"MAR_72","MAR_1","NCN_23a","MAR",2015,"MOZ","Ryan C.","Woollen E.; ACES","circle",NA,NA,20,NA,NA,NA,NA,NA,5,NA,FALSE,NA,NA,NA,NA,NA,NA,FALSE,NA,NA,NA,NA,NA,NA,FALSE,NA,NA,NA,NA,NA,NA,FALSE,NA,TRUE,TRUE,TRUE,NA,NA,FALSE,NA,NA,FALSE,NA,NA,NA,36.69015,-15.257016,676.95,NA,NA,NA,NA,FALSE,NA,NA,NA,NA,0,"mirror_densitometer","Densiometer recordings in 4 directions for each plot (standing in the centre, face N, S, E, W). An average is taken of the four readings",NA,FALSE,NA,NA,NA,NA,NA,NA,NA,NA,NA,NA,NA,FALSE,FALSE,NA,NA,NA,NA,NA,NA,"stem",NA,TRUE,NA,NA,NA,NA,NA,NA,NA,NA,NA,NA,NA,NA,NA,NA,NA,NA,NA,NA,NA,NA,NA,NA,NA,NA,NA,NA,NA,NA,NA,NA,NA,NA,NA,NA,NA,NA,"30_moz_ryan_ACES_checkN.xlsx","30_mozambique_various_ACES_clean.csv","2017","https://doi.org/10.1111/j.1744-7429.2010.00713.x",FALSE,NA,0.125663706143592,NA,125.663706143592,24,17,21,22,3.60555127546399,21,22,3.60555127546399,21,22,3.60555127546399,23,23,1.4142135623731,3,0,NA,NA,NA,NA,NA,NA,NA,NA,NA,NA,NA,NA,NA,NA,NA,3,3,3,2,0,0,NA,3,2,"Combretum collinum","Combretum indet","Piliostigma thonningii",NA,NA,0.333333333333333,0.333333333333333,0.333333333333333,NA,NA,3,3,1.09861228866811,0.666666666666667,3,3,3,3,2,0.105950212242316,0.841507630995809,0.841507630995809,0.841507630995809,0.683239948962922,1,23.8732414637843,23.8732414637843,23.8732414637843,15.9154943091895,0.843125,6.69650495612669,6.69650495612669,6.69650495612669,5.43705075976517,NA,NA,22.2474540265328,9.2400468408247,1.45821457461094,4.56260584777502,FALSE
"MAR_73","MAR_1","NTX_20a","MAR",2015,"MOZ","Ryan C.","Woollen E.; ACES","circle",NA,NA,20,NA,NA,NA,NA,NA,5,NA,FALSE,NA,NA,NA,NA,NA,NA,FALSE,NA,NA,NA,NA,NA,NA,FALSE,NA,NA,NA,NA,NA,NA,FALSE,NA,TRUE,TRUE,TRUE,NA,NA,FALSE,NA,NA,FALSE,NA,NA,NA,36.691894,-15.357022,749.86,NA,NA,NA,NA,FALSE,NA,NA,NA,NA,0.3925,"mirror_densitometer","Densiometer recordings in 4 directions for each plot (standing in the centre, face N, S, E, W). An average is taken of the four readings",NA,FALSE,NA,NA,NA,NA,NA,NA,NA,NA,NA,NA,NA,TRUE,FALSE,NA,NA,NA,NA,NA,NA,"stem",NA,TRUE,NA,NA,NA,NA,NA,NA,NA,NA,NA,NA,NA,NA,NA,NA,NA,NA,NA,NA,NA,NA,NA,NA,NA,NA,NA,NA,NA,NA,NA,NA,NA,NA,NA,NA,NA,NA,"30_moz_ryan_ACES_checkN.xlsx","30_mozambique_various_ACES_clean.csv","2017","https://doi.org/10.1111/j.1744-7429.2010.00713.x",FALSE,NA,0.125663706143592,NA,125.663706143592,42.5,10.3,24.7125,24.95,7.01254827672033,24.7125,24.95,7.01254827672033,24.7125,24.95,7.01254827672033,26.3285714285714,25.45,5.72382719884151,16,0,NA,NA,NA,NA,NA,NA,NA,NA,NA,NA,NA,NA,NA,NA,NA,16,16,16,14,1,0,NA,16,16,"Brachystegia boehmii","Strychnos spinosa","Diplorhynchus condylocarpon","Pseudolachnostylis maprouneifolia","Pterocarpus rotundifolius",0.4375,0.1875,0.125,0.125,0.125,5,5,1.45533303519283,0.7265625,3.65714285714286,16,16,16,14,0.825371788321725,5.81522040041699,5.81522040041699,5.81522040041699,5.66585608210847,0.731428571428571,127.323954473516,127.323954473516,127.323954473516,111.408460164327,6.5681,46.2760535947597,46.2760535947597,46.2760535947597,45.0874501157421,NA,NA,27.2268026909658,3.78648132699642,1.90053755659611,0.68104107787841,FALSE
"MAR_74","MAR_1","NTX_20b","MAR",2015,"MOZ","Ryan C.","Woollen E.; ACES","circle",NA,NA,20,NA,NA,NA,NA,NA,5,NA,FALSE,NA,NA,NA,NA,NA,NA,FALSE,NA,NA,NA,NA,NA,NA,FALSE,NA,NA,NA,NA,NA,NA,FALSE,NA,TRUE,TRUE,TRUE,NA,NA,FALSE,NA,NA,FALSE,NA,NA,NA,36.691923,-15.355247,745.179999999999,NA,NA,NA,NA,FALSE,NA,NA,NA,NA,0.13,"mirror_densitometer","Densiometer recordings in 4 directions for each plot (standing in the centre, face N, S, E, W). An average is taken of the four readings",NA,FALSE,NA,NA,NA,NA,NA,NA,NA,NA,NA,NA,NA,FALSE,FALSE,NA,NA,NA,NA,NA,NA,"stem",NA,TRUE,NA,NA,NA,NA,NA,NA,NA,NA,NA,NA,NA,NA,NA,NA,NA,NA,NA,NA,NA,NA,NA,NA,NA,NA,NA,NA,NA,NA,NA,NA,NA,NA,NA,NA,NA,NA,"30_moz_ryan_ACES_checkN.xlsx","30_mozambique_various_ACES_clean.csv","2017","https://doi.org/10.1111/j.1744-7429.2010.00713.x",FALSE,NA,0.125663706143592,NA,125.663706143592,40.8,10,19.55,15.7,9.09830300919126,19.55,15.7,9.09830300919126,19.55,15.7,9.09830300919126,28.9428571428571,26.4,7.34344540908356,18,0,NA,NA,NA,NA,NA,NA,NA,NA,NA,NA,NA,NA,NA,NA,NA,18,18,18,7,1,0,NA,18,11,"Cussonia indet","Annona senegalensis","Cercidoideae indet","Pterocarpus angolensis","Piliostigma thonningii",0.222222222222222,0.166666666666667,0.166666666666667,0.166666666666667,0.111111111111111,8,8,1.95598384658436,0.845679012345679,6.48,18,18,18,7,0.650850818627668,3.03099058586611,3.03099058586611,3.03099058586611,2.3667103280453,0.81,143.239448782706,143.239448782706,143.239448782706,55.7042300821634,5.17930625,24.1198567102796,24.1198567102796,24.1198567102796,18.8336823787526,-8.01968649639568,5.26567334075795,22.160649598314,2.36213560034226,2.35008916961511,0.409582178802612,FALSE
"MAR_75","MAR_1","MHO_18b","MAR",2015,"MOZ","Ryan C.","Woollen E.; ACES","circle",NA,NA,20,NA,NA,NA,NA,NA,5,NA,FALSE,NA,NA,NA,NA,NA,NA,FALSE,NA,NA,NA,NA,NA,NA,FALSE,NA,NA,NA,NA,NA,NA,FALSE,NA,TRUE,TRUE,TRUE,NA,NA,FALSE,NA,NA,FALSE,NA,NA,NA,36.694566,-15.177789,659.2,NA,NA,NA,NA,FALSE,NA,NA,NA,NA,0,"mirror_densitometer","Densiometer recordings in 4 directions for each plot (standing in the centre, face N, S, E, W). An average is taken of the four readings",NA,FALSE,NA,NA,NA,NA,NA,NA,NA,NA,NA,NA,NA,TRUE,FALSE,NA,NA,NA,NA,NA,NA,"stem",NA,TRUE,NA,NA,NA,NA,NA,NA,NA,NA,NA,NA,NA,NA,NA,NA,NA,NA,NA,NA,NA,NA,NA,NA,NA,NA,NA,NA,NA,NA,NA,NA,NA,NA,NA,NA,NA,NA,"30_moz_ryan_ACES_checkN.xlsx","30_mozambique_various_ACES_clean.csv","2017","https://doi.org/10.1111/j.1744-7429.2010.00713.x",FALSE,NA,0.125663706143592,NA,125.663706143592,18.2,5.4,10.1125,9.5,3.85794634488351,10.1125,9.5,3.85794634488351,13.7454545454545,13.5,2.16442308080635,NA,NA,NA,24,0,NA,NA,NA,NA,NA,NA,NA,NA,NA,NA,NA,NA,NA,NA,NA,24,24,11,0,0,0,NA,18,18,"Pterocarpus angolensis","Indet indet","Combretum collinum","Piliostigma thonningii","Sclerocarya birrea",0.333333333333333,0.25,0.166666666666667,0.166666666666667,0.0416666666666667,6,6,1.57486866210769,0.767361111111111,4.29850746268657,24,24,11,0,0.219646806570221,0.894184472587739,0.894184472587739,0.713757949693316,0,0.716417910447761,190.985931710274,190.985931710274,87.5352187005424,0,1.74789375,7.11569394241791,7.11569394241791,5.67990529324138,0,-4.75792096054097,1.66766864792078,11.376669765986,2.93423723596184,0.837587228495986,0.466997395662501,FALSE
"MAR_76","MAR_1","NTX_7a","MAR",2015,"MOZ","Ryan C.","Woollen E.; ACES","circle",NA,NA,20,NA,NA,NA,NA,NA,5,NA,FALSE,NA,NA,NA,NA,NA,NA,FALSE,NA,NA,NA,NA,NA,NA,FALSE,NA,NA,NA,NA,NA,NA,FALSE,NA,TRUE,TRUE,TRUE,NA,NA,FALSE,NA,NA,FALSE,NA,NA,NA,36.692864,-15.359214,755.86,NA,NA,NA,NA,FALSE,NA,NA,NA,NA,0,"mirror_densitometer","Densiometer recordings in 4 directions for each plot (standing in the centre, face N, S, E, W). An average is taken of the four readings",NA,FALSE,NA,NA,NA,NA,NA,NA,NA,NA,NA,NA,NA,TRUE,FALSE,NA,NA,NA,NA,NA,NA,"stem",NA,TRUE,NA,NA,NA,NA,NA,NA,NA,NA,NA,NA,NA,NA,NA,NA,NA,NA,NA,NA,NA,NA,NA,NA,NA,NA,NA,NA,NA,NA,NA,NA,NA,NA,NA,NA,NA,NA,"30_moz_ryan_ACES_checkN.xlsx","30_mozambique_various_ACES_clean.csv","2017","https://doi.org/10.1111/j.1744-7429.2010.00713.x",FALSE,NA,0.125663706143592,NA,125.663706143592,24,10,18.2,19.7,5.70482252134105,18.2,19.7,5.70482252134105,18.2,19.7,5.70482252134105,23.15,23.15,1.20208152801713,5,0,NA,NA,NA,NA,NA,NA,NA,NA,NA,NA,NA,NA,NA,NA,NA,5,5,5,2,0,0,NA,5,5,"Pseudolachnostylis maprouneifolia","Adansonia digitata","Pericopsis angolensis","Piliostigma thonningii",NA,0.4,0.2,0.2,0.2,NA,4,4,1.33217904021012,0.72,3.57142857142857,5,5,5,2,0.140301957112993,0.747724105301198,0.747724105301198,0.747724105301198,0.525174500000271,0.892857142857143,39.7887357729738,39.7887357729738,39.7887357729738,15.9154943091895,1.1164875,5.95019937138253,5.95019937138253,5.95019937138253,4.17920588304289,NA,NA,20.0851800717299,4.3639009799353,2.15646967014139,1.66451284390579,FALSE
"MAR_77","MAR_1","NTX_7b","MAR",2015,"MOZ","Ryan C.","Woollen E.; ACES","circle",NA,NA,20,NA,NA,NA,NA,NA,5,NA,FALSE,NA,NA,NA,NA,NA,NA,FALSE,NA,NA,NA,NA,NA,NA,FALSE,NA,NA,NA,NA,NA,NA,FALSE,NA,TRUE,TRUE,TRUE,NA,NA,FALSE,NA,NA,FALSE,NA,NA,NA,36.692936,-15.357429,751.539999999999,NA,NA,NA,NA,FALSE,NA,NA,NA,NA,0.09,"mirror_densitometer","Densiometer recordings in 4 directions for each plot (standing in the centre, face N, S, E, W). An average is taken of the four readings",NA,FALSE,NA,NA,NA,NA,NA,NA,NA,NA,NA,NA,NA,FALSE,FALSE,NA,NA,NA,NA,NA,NA,"stem",NA,TRUE,NA,NA,NA,NA,NA,NA,NA,NA,NA,NA,NA,NA,NA,NA,NA,NA,NA,NA,NA,NA,NA,NA,NA,NA,NA,NA,NA,NA,NA,NA,NA,NA,NA,NA,NA,NA,"30_moz_ryan_ACES_checkN.xlsx","30_mozambique_various_ACES_clean.csv","2017","https://doi.org/10.1111/j.1744-7429.2010.00713.x",FALSE,NA,0.125663706143592,NA,125.663706143592,23,7.1,12.5555555555556,10.8,5.70309370234943,12.5555555555556,10.8,5.70309370234943,15.0833333333333,13.3,5.38271926322251,21.55,21.55,2.05060966544099,9,0,NA,NA,NA,NA,NA,NA,NA,NA,NA,NA,NA,NA,NA,NA,NA,9,9,6,2,0,0,NA,9,6,"Adansonia digitata","Cercidoideae indet","Diplorhynchus condylocarpon",NA,NA,0.444444444444444,0.333333333333333,0.222222222222222,NA,NA,3,3,1.06085694715802,0.641975308641975,2.79310344827586,9,9,6,2,0.131866780838105,0.561086572065046,0.561086572065046,0.531870202432867,0.410623842688737,0.931034482758621,71.6197243913529,71.6197243913529,47.7464829275686,15.9154943091895,1.0493625,4.46498507233195,4.46498507233195,4.23248859002389,3.26764071576507,NA,NA,14.2166513899317,2.51003099324375,2.00596532267117,0.628961636376659,TRUE
"MAR_78","MAR_1","MHO_0b","MAR",2015,"MOZ","Ryan C.","Woollen E.; ACES","circle",NA,NA,20,NA,NA,NA,NA,NA,5,NA,FALSE,NA,NA,NA,NA,NA,NA,FALSE,NA,NA,NA,NA,NA,NA,FALSE,NA,NA,NA,NA,NA,NA,FALSE,NA,TRUE,TRUE,TRUE,NA,NA,FALSE,NA,NA,FALSE,NA,NA,NA,36.697231,-15.175335,648.69,NA,NA,NA,NA,FALSE,NA,NA,NA,NA,0.3425,"mirror_densitometer","Densiometer recordings in 4 directions for each plot (standing in the centre, face N, S, E, W). An average is taken of the four readings",NA,FALSE,NA,NA,NA,NA,NA,NA,NA,NA,NA,NA,NA,FALSE,FALSE,NA,NA,NA,NA,NA,NA,"stem",NA,TRUE,NA,NA,NA,NA,NA,NA,NA,NA,NA,NA,NA,NA,NA,NA,NA,NA,NA,NA,NA,NA,NA,NA,NA,NA,NA,NA,NA,NA,NA,NA,NA,NA,NA,NA,NA,NA,"30_moz_ryan_ACES_checkN.xlsx","30_mozambique_various_ACES_clean.csv","2017","https://doi.org/10.1111/j.1744-7429.2010.00713.x",FALSE,NA,0.125663706143592,NA,125.663706143592,39.1,5,18.05,8.3,15.293953053413,18.05,8.3,15.293953053413,35.65,35.75,2.92403830344269,35.65,35.75,2.92403830344269,10,0,NA,NA,NA,NA,NA,NA,NA,NA,NA,NA,NA,NA,NA,NA,NA,10,10,4,4,0,0,NA,1,1,"Indet indet","Terminalia sericea",NA,NA,NA,0.9,0.1,NA,NA,NA,2,2,0.325082973391448,0.18,1.21951219512195,10,10,4,4,0.421222386798829,3.0418869168516,3.0418869168516,2.98106929623139,2.98106929623139,0.609756097560976,79.5774715459477,79.5774715459477,31.8309886183791,31.8309886183791,3.35198125,24.2065669571749,24.2065669571749,23.7225957097352,23.7225957097352,NA,NA,19.4293494386705,1.24116931345288,5.24723867056062,0.312008970932283,FALSE
"MAR_79","MAR_1","MHO_16b","MAR",2015,"MOZ","Ryan C.","Woollen E.; ACES","circle",NA,NA,20,NA,NA,NA,NA,NA,5,NA,FALSE,NA,NA,NA,NA,NA,NA,FALSE,NA,NA,NA,NA,NA,NA,FALSE,NA,NA,NA,NA,NA,NA,FALSE,NA,TRUE,TRUE,TRUE,NA,NA,FALSE,NA,NA,FALSE,NA,NA,NA,36.697958,-15.167381,654.22,NA,NA,NA,NA,FALSE,NA,NA,NA,NA,0.035,"mirror_densitometer","Densiometer recordings in 4 directions for each plot (standing in the centre, face N, S, E, W). An average is taken of the four readings",NA,FALSE,NA,NA,NA,NA,NA,NA,NA,NA,NA,NA,NA,TRUE,FALSE,NA,NA,TRUE,NA,NA,NA,"stem",NA,TRUE,NA,NA,NA,NA,NA,NA,NA,NA,NA,NA,NA,NA,NA,NA,NA,NA,NA,NA,NA,NA,NA,NA,NA,NA,NA,NA,NA,NA,NA,NA,NA,NA,NA,NA,NA,NA,"30_moz_ryan_ACES_checkN.xlsx","30_mozambique_various_ACES_clean.csv","2017","https://doi.org/10.1111/j.1744-7429.2010.00713.x",FALSE,NA,0.125663706143592,NA,125.663706143592,60.5,14.7,21.975,18.5,12.5346157064782,21.975,18.5,12.5346157064782,21.975,18.5,12.5346157064782,27.8666666666667,20.2,16.1789575271915,12,0,NA,NA,NA,NA,NA,NA,NA,NA,NA,NA,NA,NA,NA,NA,NA,12,12,12,6,1,1,NA,12,12,"Mangifera indica","Brachystegia boehmii",NA,NA,NA,0.916666666666667,0.0833333333333333,NA,NA,NA,2,2,0.286835983056161,0.152777777777778,1.18032786885246,12,12,12,6,0.590862106907371,4.04929537705001,4.04929537705001,4.04929537705001,3.54573541317337,0.59016393442623,95.4929658551372,95.4929658551372,95.4929658551372,47.7464829275686,4.70193125,32.2232687648335,32.2232687648335,32.2232687648335,28.2160658951263,NA,NA,24.957200626657,1.97796979376849,3.89234021150058,0.37326739493693,FALSE
"MAR_80","MAR_1","MHO_10b","MAR",2015,"MOZ","Ryan C.","Woollen E.; ACES","circle",NA,NA,20,NA,NA,NA,NA,NA,5,NA,FALSE,NA,NA,NA,NA,NA,NA,FALSE,NA,NA,NA,NA,NA,NA,FALSE,NA,NA,NA,NA,NA,NA,FALSE,NA,TRUE,TRUE,TRUE,NA,NA,FALSE,NA,NA,FALSE,NA,NA,NA,36.698978,-15.162688,664,NA,NA,NA,NA,FALSE,NA,NA,NA,NA,0.49,"mirror_densitometer","Densiometer recordings in 4 directions for each plot (standing in the centre, face N, S, E, W). An average is taken of the four readings",NA,FALSE,NA,NA,NA,NA,NA,NA,NA,NA,NA,NA,NA,TRUE,FALSE,NA,NA,NA,NA,NA,NA,"stem",NA,TRUE,NA,NA,NA,NA,NA,NA,NA,NA,NA,NA,NA,NA,NA,NA,NA,NA,NA,NA,NA,NA,NA,NA,NA,NA,NA,NA,NA,NA,NA,NA,NA,NA,NA,NA,NA,NA,"30_moz_ryan_ACES_checkN.xlsx","30_mozambique_various_ACES_clean.csv","2017","https://doi.org/10.1111/j.1744-7429.2010.00713.x",FALSE,NA,0.125663706143592,NA,125.663706143592,86,5,11.3827586206897,9,14.543360511772,11.3827586206897,9,14.543360511772,18.1545454545455,11,22.5201404807503,86,86,NA,29,0,NA,NA,NA,NA,NA,NA,NA,NA,NA,NA,NA,NA,NA,NA,NA,29,29,11,1,1,1,NA,28,16,"Brachystegia boehmii","Julbernardia globiflora","Terminalia indet","Lannea indet","Adansonia digitata",0.241379310344828,0.241379310344828,0.241379310344828,0.172413793103448,0.0344827586206897,7,6.58620689655172,1.6806991854233,0.791914387633769,4.80571428571429,29,29,11,1,0.760242645621991,6.86727698893148,6.86727698893148,6.63642043269309,6.2354917891836,0.686530612244898,230.774667483248,230.774667483248,87.5352187005424,7.95774715459477,6.04981875,54.6480539184836,54.6480539184836,52.810955814958,49.6204670428748,NA,NA,12.3796284035847,1.21486388781094,2.02106674597964,0.135486728879935,FALSE
"MAR_81","MAR_1","NTX_23b","MAR",2015,"MOZ","Ryan C.","Woollen E.; ACES","circle",NA,NA,20,NA,NA,NA,NA,NA,5,NA,FALSE,NA,NA,NA,NA,NA,NA,FALSE,NA,NA,NA,NA,NA,NA,FALSE,NA,NA,NA,NA,NA,NA,FALSE,NA,TRUE,TRUE,TRUE,NA,NA,FALSE,NA,NA,FALSE,NA,NA,NA,36.697417,-15.359459,767.22,NA,NA,NA,NA,FALSE,NA,NA,NA,NA,0,"mirror_densitometer","Densiometer recordings in 4 directions for each plot (standing in the centre, face N, S, E, W). An average is taken of the four readings",NA,FALSE,NA,NA,NA,NA,NA,NA,NA,NA,NA,NA,NA,TRUE,FALSE,NA,NA,NA,NA,NA,NA,"stem",NA,TRUE,NA,NA,NA,NA,NA,NA,NA,NA,NA,NA,NA,NA,NA,NA,NA,NA,NA,NA,NA,NA,NA,NA,NA,NA,NA,NA,NA,NA,NA,NA,NA,NA,NA,NA,NA,NA,"30_moz_ryan_ACES_checkN.xlsx","30_mozambique_various_ACES_clean.csv","2017","https://doi.org/10.1111/j.1744-7429.2010.00713.x",FALSE,NA,0.125663706143592,NA,125.663706143592,9.7,9.7,9.7,9.7,NA,9.7,9.7,NA,NA,NA,NA,NA,NA,NA,1,0,NA,NA,NA,NA,NA,NA,NA,NA,NA,NA,NA,NA,NA,NA,NA,1,1,0,0,0,0,NA,1,1,"Diplorhynchus condylocarpon",NA,NA,NA,NA,1,NA,NA,NA,NA,1,1,0,0,1,1,1,0,0,0.00738981131940659,0.0303954138825014,0.0303954138825014,0,0,1,7.95774715459477,7.95774715459477,0,0,0.05880625,0.241879018336205,0.241879018336205,0,0,NA,NA,NA,NA,NA,NA,FALSE
"MAR_82","MAR_1","NCN_10a","MAR",2015,"MOZ","Ryan C.","Woollen E.; ACES","circle",NA,NA,20,NA,NA,NA,NA,NA,5,NA,FALSE,NA,NA,NA,NA,NA,NA,FALSE,NA,NA,NA,NA,NA,NA,FALSE,NA,NA,NA,NA,NA,NA,FALSE,NA,TRUE,TRUE,TRUE,NA,NA,FALSE,NA,NA,FALSE,NA,NA,NA,36.699374,-15.232401,670.799999999999,NA,NA,NA,NA,FALSE,NA,NA,NA,NA,0,"mirror_densitometer","Densiometer recordings in 4 directions for each plot (standing in the centre, face N, S, E, W). An average is taken of the four readings",NA,FALSE,NA,NA,NA,NA,NA,NA,NA,NA,NA,NA,NA,FALSE,FALSE,NA,NA,NA,NA,NA,NA,"stem",NA,TRUE,NA,NA,NA,NA,NA,NA,NA,NA,NA,NA,NA,NA,NA,NA,NA,NA,NA,NA,NA,NA,NA,NA,NA,NA,NA,NA,NA,NA,NA,NA,NA,NA,NA,NA,NA,NA,"30_moz_ryan_ACES_checkN.xlsx","30_mozambique_various_ACES_clean.csv","2017","https://doi.org/10.1111/j.1744-7429.2010.00713.x",FALSE,NA,0.125663706143592,NA,125.663706143592,NA,NA,NA,NA,NA,NA,NA,NA,NA,NA,NA,NA,NA,NA,0,0,NA,NA,NA,NA,NA,NA,NA,NA,NA,NA,NA,NA,NA,NA,NA,0,0,0,0,0,0,NA,0,0,NA,NA,NA,NA,NA,NA,NA,NA,NA,NA,0,NA,NA,NA,NA,0,0,0,0,0,0,0,0,0,NA,0,0,0,0,0,0,0,0,0,NA,NA,NA,NA,NA,NA,FALSE
"MAR_83","MAR_1","NCN_10b","MAR",2015,"MOZ","Ryan C.","Woollen E.; ACES","circle",NA,NA,20,NA,NA,NA,NA,NA,5,NA,FALSE,NA,NA,NA,NA,NA,NA,FALSE,NA,NA,NA,NA,NA,NA,FALSE,NA,NA,NA,NA,NA,NA,FALSE,NA,TRUE,TRUE,TRUE,NA,NA,FALSE,NA,NA,FALSE,NA,NA,NA,36.699405,-15.230611,666.09,NA,NA,NA,NA,FALSE,NA,NA,NA,NA,0,"mirror_densitometer","Densiometer recordings in 4 directions for each plot (standing in the centre, face N, S, E, W). An average is taken of the four readings",NA,FALSE,NA,NA,NA,NA,NA,NA,NA,NA,NA,NA,NA,FALSE,FALSE,NA,NA,NA,NA,NA,NA,"stem",NA,TRUE,NA,NA,NA,NA,NA,NA,NA,NA,NA,NA,NA,NA,NA,NA,NA,NA,NA,NA,NA,NA,NA,NA,NA,NA,NA,NA,NA,NA,NA,NA,NA,NA,NA,NA,NA,NA,"30_moz_ryan_ACES_checkN.xlsx","30_mozambique_various_ACES_clean.csv","2017","https://doi.org/10.1111/j.1744-7429.2010.00713.x",FALSE,NA,0.125663706143592,NA,125.663706143592,NA,NA,NA,NA,NA,NA,NA,NA,NA,NA,NA,NA,NA,NA,0,0,NA,NA,NA,NA,NA,NA,NA,NA,NA,NA,NA,NA,NA,NA,NA,0,0,0,0,0,0,NA,0,0,NA,NA,NA,NA,NA,NA,NA,NA,NA,NA,0,NA,NA,NA,NA,0,0,0,0,0,0,0,0,0,NA,0,0,0,0,0,0,0,0,0,NA,NA,NA,NA,NA,NA,FALSE
"MAR_84","MAR_1","NCN_3a","MAR",2015,"MOZ","Ryan C.","Woollen E.; ACES","circle",NA,NA,20,NA,NA,NA,NA,NA,5,NA,FALSE,NA,NA,NA,NA,NA,NA,FALSE,NA,NA,NA,NA,NA,NA,FALSE,NA,NA,NA,NA,NA,NA,FALSE,NA,TRUE,TRUE,TRUE,NA,NA,FALSE,NA,NA,FALSE,NA,NA,NA,36.699615,-15.266153,659.94,NA,NA,NA,NA,FALSE,NA,NA,NA,NA,0.4325,"mirror_densitometer","Densiometer recordings in 4 directions for each plot (standing in the centre, face N, S, E, W). An average is taken of the four readings",NA,FALSE,NA,NA,NA,NA,NA,NA,NA,NA,NA,NA,NA,FALSE,FALSE,NA,NA,NA,NA,NA,NA,"stem",NA,TRUE,NA,NA,NA,NA,NA,NA,NA,NA,NA,NA,NA,NA,NA,NA,NA,NA,NA,NA,NA,NA,NA,NA,NA,NA,NA,NA,NA,NA,NA,NA,NA,NA,NA,NA,NA,NA,"30_moz_ryan_ACES_checkN.xlsx","30_mozambique_various_ACES_clean.csv","2017","https://doi.org/10.1111/j.1744-7429.2010.00713.x",FALSE,NA,0.125663706143592,NA,125.663706143592,33,6.9,17.6,14.5,9.78570385818005,17.6,14.5,9.78570385818005,19.3833333333333,15.35,9.39136127867875,31.15,31.15,2.61629509039023,7,0,NA,NA,NA,NA,NA,NA,NA,NA,NA,NA,NA,NA,NA,NA,NA,7,7,6,2,0,0,NA,7,7,"Diplorhynchus condylocarpon","Dalbergia melanoxylon","Pseudolachnostylis maprouneifolia","Strychnos spinosa","Terminalia sericea",0.428571428571429,0.142857142857143,0.142857142857143,0.142857142857143,0.142857142857143,5,5,1.47507631105469,0.73469387755102,3.76923076923077,7,7,6,2,0.215425291441959,1.40463168273682,1.40463168273682,1.38661430301273,1.0964576868551,0.753846153846154,55.7042300821634,55.7042300821634,47.7464829275686,15.9154943091895,1.7143,11.1777037765525,11.1777037765525,11.03432602432,8.72533303770471,NA,NA,19.9991265623059,2.09737694135936,3.82162522462564,0.610118711139896,FALSE
"MAR_85","MAR_1","NCN_3b","MAR",2015,"MOZ","Ryan C.","Woollen E.; ACES","circle",NA,NA,20,NA,NA,NA,NA,NA,5,NA,FALSE,NA,NA,NA,NA,NA,NA,FALSE,NA,NA,NA,NA,NA,NA,FALSE,NA,NA,NA,NA,NA,NA,FALSE,NA,TRUE,TRUE,TRUE,NA,NA,FALSE,NA,NA,FALSE,NA,NA,NA,36.699651,-15.264351,665.62,NA,NA,NA,NA,FALSE,NA,NA,NA,NA,0.1875,"mirror_densitometer","Densiometer recordings in 4 directions for each plot (standing in the centre, face N, S, E, W). An average is taken of the four readings",NA,FALSE,NA,NA,NA,NA,NA,NA,NA,NA,NA,NA,NA,FALSE,FALSE,NA,NA,NA,NA,NA,NA,"stem",NA,TRUE,NA,NA,NA,NA,NA,NA,NA,NA,NA,NA,NA,NA,NA,NA,NA,NA,NA,NA,NA,NA,NA,NA,NA,NA,NA,NA,NA,NA,NA,NA,NA,NA,NA,NA,NA,NA,"30_moz_ryan_ACES_checkN.xlsx","30_mozambique_various_ACES_clean.csv","2017","https://doi.org/10.1111/j.1744-7429.2010.00713.x",FALSE,NA,0.125663706143592,NA,125.663706143592,13,5,6.95,5.65,2.6774890043511,6.95,5.65,2.6774890043511,12.3333333333333,12,0.577350269189626,NA,NA,NA,20,0,NA,NA,NA,NA,NA,NA,NA,NA,NA,NA,NA,NA,NA,NA,NA,20,20,3,0,0,0,NA,20,20,"Dalbergia nitidula","Pteleopsis myrtifolia","Bobgunnia madagascariensis","Brachystegia bussei","Combretum collinum",0.15,0.15,0.1,0.1,0.1,11,11,2.31957499667359,0.895,9.52380952380952,20,20,3,0,0.0865712979586471,0.340032461581414,0.340032461581414,0.180416423534326,0,0.865800865800866,159.154943091895,159.154943091895,23.8732414637843,0,0.6889125,2.70589235361935,2.70589235361935,1.43570828102245,0,NA,NA,7.82207569165854,2.78211721214468,0.669711318524019,0.450097786865616,FALSE
"MAR_86","MAR_1","NTX_9a","MAR",2015,"MOZ","Ryan C.","Woollen E.; ACES","circle",NA,NA,20,NA,NA,NA,NA,NA,5,NA,FALSE,NA,NA,NA,NA,NA,NA,FALSE,NA,NA,NA,NA,NA,NA,FALSE,NA,NA,NA,NA,NA,NA,FALSE,NA,TRUE,TRUE,TRUE,NA,NA,FALSE,NA,NA,FALSE,NA,NA,NA,36.703872,-15.358264,751.38,NA,NA,NA,NA,FALSE,NA,NA,NA,NA,0,"mirror_densitometer","Densiometer recordings in 4 directions for each plot (standing in the centre, face N, S, E, W). An average is taken of the four readings",NA,FALSE,NA,NA,NA,NA,NA,NA,NA,NA,NA,NA,NA,FALSE,FALSE,NA,NA,NA,NA,NA,NA,"stem",NA,TRUE,NA,NA,NA,NA,NA,NA,NA,NA,NA,NA,NA,NA,NA,NA,NA,NA,NA,NA,NA,NA,NA,NA,NA,NA,NA,NA,NA,NA,NA,NA,NA,NA,NA,NA,NA,NA,"30_moz_ryan_ACES_checkN.xlsx","30_mozambique_various_ACES_clean.csv","2017","https://doi.org/10.1111/j.1744-7429.2010.00713.x",FALSE,NA,0.125663706143592,NA,125.663706143592,NA,NA,NA,NA,NA,NA,NA,NA,NA,NA,NA,NA,NA,NA,0,0,NA,NA,NA,NA,NA,NA,NA,NA,NA,NA,NA,NA,NA,NA,NA,0,0,0,0,0,0,NA,0,0,NA,NA,NA,NA,NA,NA,NA,NA,NA,NA,0,NA,NA,NA,NA,0,0,0,0,0,0,0,0,0,NA,0,0,0,0,0,0,0,0,0,NA,NA,NA,NA,NA,NA,FALSE
"MAR_87","MAR_1","NTX_0a","MAR",2015,"MOZ","Ryan C.","Woollen E.; ACES","circle",NA,NA,20,NA,NA,NA,NA,NA,5,NA,FALSE,NA,NA,NA,NA,NA,NA,FALSE,NA,NA,NA,NA,NA,NA,FALSE,NA,NA,NA,NA,NA,NA,FALSE,NA,TRUE,TRUE,TRUE,NA,NA,FALSE,NA,NA,FALSE,NA,NA,NA,36.704231,-15.363889,742.529999999999,NA,NA,NA,NA,FALSE,NA,NA,NA,NA,0.095,"mirror_densitometer","Densiometer recordings in 4 directions for each plot (standing in the centre, face N, S, E, W). An average is taken of the four readings",NA,FALSE,NA,NA,NA,NA,NA,NA,NA,NA,NA,NA,NA,FALSE,FALSE,NA,NA,NA,NA,NA,NA,"stem",NA,TRUE,NA,NA,NA,NA,NA,NA,NA,NA,NA,NA,NA,NA,NA,NA,NA,NA,NA,NA,NA,NA,NA,NA,NA,NA,NA,NA,NA,NA,NA,NA,NA,NA,NA,NA,NA,NA,"30_moz_ryan_ACES_checkN.xlsx","30_mozambique_various_ACES_clean.csv","2017","https://doi.org/10.1111/j.1744-7429.2010.00713.x",FALSE,NA,0.125663706143592,NA,125.663706143592,25.5,5.3,12.8571428571429,12.5,6.12519566854986,12.8571428571429,12.5,6.12519566854986,16.9625,15.5,4.75332590328679,24.25,24.25,1.76776695296637,14,0,NA,NA,NA,NA,NA,NA,NA,NA,NA,NA,NA,NA,NA,NA,NA,14,14,8,2,0,0,NA,5,5,"Indet indet","Brachystegia boehmii","Asparagus africanus","Combretum collinum","Julbernardia globiflora",0.642857142857143,0.142857142857143,0.0714285714285714,0.0714285714285714,0.0714285714285714,5,5,1.12753478981913,0.551020408163265,2.22727272727273,14,14,8,2,0.220070136180292,1.35859553659534,1.35859553659534,1.25100968210317,0.648605218258918,0.445454545454545,111.408460164327,111.408460164327,63.6619772367581,15.9154943091895,1.7512625,10.8113597655867,10.8113597655867,9.955218738127,5.16143633005522,-3.28435236993038,8.37944662411355,14.5707811210343,2.34450191989257,1.75887808564322,0.478525245511268,FALSE
"MAR_88","MAR_1","NTX_14b","MAR",2015,"MOZ","Ryan C.","Woollen E.; ACES","circle",NA,NA,20,NA,NA,NA,NA,NA,5,NA,FALSE,NA,NA,NA,NA,NA,NA,FALSE,NA,NA,NA,NA,NA,NA,FALSE,NA,NA,NA,NA,NA,NA,FALSE,NA,TRUE,TRUE,TRUE,NA,NA,FALSE,NA,NA,FALSE,NA,NA,NA,36.705191,-15.36192,743.74,NA,NA,NA,NA,FALSE,NA,NA,NA,NA,0.7875,"mirror_densitometer","Densiometer recordings in 4 directions for each plot (standing in the centre, face N, S, E, W). An average is taken of the four readings",NA,FALSE,NA,NA,NA,NA,NA,NA,NA,NA,NA,NA,NA,FALSE,FALSE,NA,NA,NA,NA,NA,NA,"stem",NA,TRUE,NA,NA,NA,NA,NA,NA,NA,NA,NA,NA,NA,NA,NA,NA,NA,NA,NA,NA,NA,NA,NA,NA,NA,NA,NA,NA,NA,NA,NA,NA,NA,NA,NA,NA,NA,NA,"30_moz_ryan_ACES_checkN.xlsx","30_mozambique_various_ACES_clean.csv","2017","https://doi.org/10.1111/j.1744-7429.2010.00713.x",FALSE,NA,0.125663706143592,NA,125.663706143592,35.6,12,22.7166666666667,22.25,7.69342497713391,22.7166666666667,22.25,7.69342497713391,22.7166666666667,22.25,7.69342497713391,26.7875,26.25,5.51347375591313,12,0,NA,NA,NA,NA,NA,NA,NA,NA,NA,NA,NA,NA,NA,NA,NA,12,12,12,8,0,0,NA,12,10,"Brachystegia boehmii","Lannea indet","Lannea discolor","Moringa ovalifolia","Pseudolachnostylis maprouneifolia",0.5,0.166666666666667,0.0833333333333333,0.0833333333333333,0.0833333333333333,6,6,1.47350238508065,0.694444444444444,3.27272727272727,12,12,12,8,0.537498228695331,3.21596033945693,3.21596033945693,3.21596033945693,2.92261505829517,0.545454545454545,95.4929658551372,95.4929658551372,95.4929658551372,63.6619772367581,4.277275,25.591799240603,25.591799240603,25.591799240603,23.2574316641242,NA,NA,25.3318951958368,3.44752440077271,2.23837064375465,0.787095693146607,FALSE
"MAR_89","MAR_1","NTX_14a","MAR",2015,"MOZ","Ryan C.","Woollen E.; ACES","circle",NA,NA,20,NA,NA,NA,NA,NA,5,NA,FALSE,NA,NA,NA,NA,NA,NA,FALSE,NA,NA,NA,NA,NA,NA,FALSE,NA,NA,NA,NA,NA,NA,FALSE,NA,TRUE,TRUE,TRUE,NA,NA,FALSE,NA,NA,FALSE,NA,NA,NA,36.705209,-15.363713,743.62,NA,NA,NA,NA,FALSE,NA,NA,NA,NA,0.4775,"mirror_densitometer","Densiometer recordings in 4 directions for each plot (standing in the centre, face N, S, E, W). An average is taken of the four readings",NA,FALSE,NA,NA,NA,NA,NA,NA,NA,NA,NA,NA,NA,TRUE,FALSE,NA,NA,NA,NA,NA,NA,"stem",NA,TRUE,NA,NA,NA,NA,NA,NA,NA,NA,NA,NA,NA,NA,NA,NA,NA,NA,NA,NA,NA,NA,NA,NA,NA,NA,NA,NA,NA,NA,NA,NA,NA,NA,NA,NA,NA,NA,"30_moz_ryan_ACES_checkN.xlsx","30_mozambique_various_ACES_clean.csv","2017","https://doi.org/10.1111/j.1744-7429.2010.00713.x",FALSE,NA,0.125663706143592,NA,125.663706143592,35.8,5,25.0947368421053,26.4,6.88875683706675,25.0947368421053,26.4,6.88875683706675,26.2111111111111,26.45,5.01736852624008,27.39375,26.8,3.75436967634604,19,0,NA,NA,NA,NA,NA,NA,NA,NA,NA,NA,NA,NA,NA,NA,NA,19,19,18,16,0,0,NA,19,18,"Brachystegia boehmii","Diplorhynchus condylocarpon","Burkea africana","Julbernardia globiflora","Lannea indet",0.631578947368421,0.157894736842105,0.0526315789473684,0.0526315789473684,0.0526315789473684,6,6,1.20155915477379,0.565096952908587,2.29936305732484,19,19,18,16,1.00683017999307,7.11857458961931,7.11857458961931,7.11343796486931,6.92333644858308,0.383227176220807,151.197195937301,151.197195937301,143.239448782706,127.323954473516,8.0121,56.6478166853137,56.6478166853137,56.6069407243251,55.0941609240143,NA,NA,27.3274615393953,4.62775385255615,1.40123855140337,0.885624268449476,FALSE
"MAR_90","MAR_1","NCN_2b","MAR",2015,"MOZ","Ryan C.","Woollen E.; ACES","circle",NA,NA,20,NA,NA,NA,NA,NA,5,NA,FALSE,NA,NA,NA,NA,NA,NA,FALSE,NA,NA,NA,NA,NA,NA,FALSE,NA,NA,NA,NA,NA,NA,FALSE,NA,TRUE,TRUE,TRUE,NA,NA,FALSE,NA,NA,FALSE,NA,NA,NA,36.707569,-15.25975,683,NA,NA,NA,NA,FALSE,NA,NA,NA,NA,0.07,"mirror_densitometer","Densiometer recordings in 4 directions for each plot (standing in the centre, face N, S, E, W). An average is taken of the four readings",NA,FALSE,NA,NA,NA,NA,NA,NA,NA,NA,NA,NA,NA,FALSE,FALSE,NA,NA,NA,NA,NA,NA,"stem",NA,TRUE,NA,NA,NA,NA,NA,NA,NA,NA,NA,NA,NA,NA,NA,NA,NA,NA,NA,NA,NA,NA,NA,NA,NA,NA,NA,NA,NA,NA,NA,NA,NA,NA,NA,NA,NA,NA,"30_moz_ryan_ACES_checkN.xlsx","30_mozambique_various_ACES_clean.csv","2017","https://doi.org/10.1111/j.1744-7429.2010.00713.x",FALSE,NA,0.125663706143592,NA,125.663706143592,13.5,5,7.71428571428571,6,3.13391585264004,7.71428571428571,6,3.13391585264004,13.5,13.5,NA,NA,NA,NA,7,0,NA,NA,NA,NA,NA,NA,NA,NA,NA,NA,NA,NA,NA,NA,NA,7,7,1,0,0,0,NA,6,6,"Stereospermum kunthianum","Combretum collinum","Dichrostachys cinerea","Indet indet","Piliostigma thonningii",0.285714285714286,0.142857142857143,0.142857142857143,0.142857142857143,0.142857142857143,6,6,1.74786809746676,0.816326530612245,5.44444444444444,7,7,1,0,0.0373456826695487,0.156970665830709,0.156970665830709,0.0728956016954681,0,0.907407407407407,55.7042300821634,55.7042300821634,7.95774715459477,0,0.2971875,1.24913286936917,1.24913286936917,0.580084766974585,0,NA,NA,8.68379719932426,2.82698663367536,1.2340433771801,0.794547154041193,FALSE
"MAR_91","MAR_1","NCN_2a","MAR",2015,"MOZ","Ryan C.","Woollen E.; ACES","circle",NA,NA,20,NA,NA,NA,NA,NA,5,NA,FALSE,NA,NA,NA,NA,NA,NA,FALSE,NA,NA,NA,NA,NA,NA,FALSE,NA,NA,NA,NA,NA,NA,FALSE,NA,TRUE,TRUE,TRUE,NA,NA,FALSE,NA,NA,FALSE,NA,NA,NA,36.707556,-15.261564,676.509999999999,NA,NA,NA,NA,FALSE,NA,NA,NA,NA,0.1625,"mirror_densitometer","Densiometer recordings in 4 directions for each plot (standing in the centre, face N, S, E, W). An average is taken of the four readings",NA,FALSE,NA,NA,NA,NA,NA,NA,NA,NA,NA,NA,NA,TRUE,FALSE,NA,NA,NA,NA,NA,NA,"stem",NA,TRUE,NA,NA,NA,NA,NA,NA,NA,NA,NA,NA,NA,NA,NA,NA,NA,NA,NA,NA,NA,NA,NA,NA,NA,NA,NA,NA,NA,NA,NA,NA,NA,NA,NA,NA,NA,NA,"30_moz_ryan_ACES_checkN.xlsx","30_mozambique_various_ACES_clean.csv","2017","https://doi.org/10.1111/j.1744-7429.2010.00713.x",FALSE,NA,0.125663706143592,NA,125.663706143592,72,9,28.05,24.7,20.920734759017,28.05,24.7,20.920734759017,30.7714285714286,29,21.0118787265453,38.68,36,19.7005583677215,8,0,NA,NA,NA,NA,NA,NA,NA,NA,NA,NA,NA,NA,NA,NA,NA,8,8,7,5,1,1,NA,7,5,"Combretum collinum","Combretum indet","Pterocarpus angolensis","Indet indet",NA,0.375,0.25,0.25,0.125,NA,4,4,1.32088834314932,0.71875,3.55555555555556,8,8,7,5,0.734988167677947,6.21494718215479,6.21494718215479,6.1838093281956,6.07719927618226,0.888888888888889,63.6619772367581,63.6619772367581,55.7042300821634,39.7887357729738,5.84885,49.456978254749,49.456978254749,49.2091910860051,48.3608152479447,NA,NA,31.4289776677312,1.54129892834872,7.6463444006361,0.411277148622122,FALSE
"MAR_92","MAR_1","NTX_18b","MAR",2015,"MOZ","Ryan C.","Woollen E.; ACES","circle",NA,NA,20,NA,NA,NA,NA,NA,5,NA,FALSE,NA,NA,NA,NA,NA,NA,FALSE,NA,NA,NA,NA,NA,NA,FALSE,NA,NA,NA,NA,NA,NA,FALSE,NA,TRUE,TRUE,TRUE,NA,NA,FALSE,NA,NA,FALSE,NA,NA,NA,36.708697,-15.348655,724.809999999999,NA,NA,NA,NA,FALSE,NA,NA,NA,NA,0.5625,"mirror_densitometer","Densiometer recordings in 4 directions for each plot (standing in the centre, face N, S, E, W). An average is taken of the four readings",NA,FALSE,NA,NA,NA,NA,NA,NA,NA,NA,NA,NA,NA,TRUE,FALSE,NA,NA,NA,NA,NA,NA,"stem",NA,TRUE,NA,NA,NA,NA,NA,NA,NA,NA,NA,NA,NA,NA,NA,NA,NA,NA,NA,NA,NA,NA,NA,NA,NA,NA,NA,NA,NA,NA,NA,NA,NA,NA,NA,NA,NA,NA,"30_moz_ryan_ACES_checkN.xlsx","30_mozambique_various_ACES_clean.csv","2017","https://doi.org/10.1111/j.1744-7429.2010.00713.x",FALSE,NA,0.125663706143592,NA,125.663706143592,49.2,5,16.5457142857143,10.2,11.6961366888977,16.5457142857143,10.2,11.6961366888977,21.7454545454545,19.75,11.9881182157576,30.7454545454545,26.1,10.4587153739227,35,0,NA,NA,NA,NA,NA,NA,NA,NA,NA,NA,NA,NA,NA,NA,NA,35,35,22,11,2,0,NA,30,20,"Cercidoideae indet","Indet indet","Brachystegia boehmii","Julbernardia globiflora","Piliostigma thonningii",0.142857142857143,0.142857142857143,0.114285714285714,0.0857142857142857,0.0857142857142857,14,12.4940548066734,2.49614107259475,0.907755102040816,10.8407079646018,35,35,22,11,1.11784228339848,8.23587795284835,8.23587795284835,8.03409965433916,7.30360036298712,0.774336283185841,278.521150410817,278.521150410817,175.070437401085,87.5352187005424,8.89550625,65.5390343448687,65.5390343448687,63.9333336640482,58.120205006858,-19.1508118521321,3.68042750093587,18.620482062664,1.57898526096581,2.11874585772708,0.195922724905835,FALSE
"MAR_93","MAR_1","NTX_6a","MAR",2015,"MOZ","Ryan C.","Woollen E.; ACES","circle",NA,NA,20,NA,NA,NA,NA,NA,5,NA,FALSE,NA,NA,NA,NA,NA,NA,FALSE,NA,NA,NA,NA,NA,NA,FALSE,NA,NA,NA,NA,NA,NA,FALSE,NA,TRUE,TRUE,TRUE,NA,NA,FALSE,NA,NA,FALSE,NA,NA,NA,36.710659,-15.358737,724.049999999999,NA,NA,NA,NA,FALSE,NA,NA,NA,NA,0,"mirror_densitometer","Densiometer recordings in 4 directions for each plot (standing in the centre, face N, S, E, W). An average is taken of the four readings",NA,FALSE,NA,NA,NA,NA,NA,NA,NA,NA,NA,NA,NA,TRUE,FALSE,NA,NA,NA,NA,NA,NA,"stem",NA,TRUE,NA,NA,NA,NA,NA,NA,NA,NA,NA,NA,NA,NA,NA,NA,NA,NA,NA,NA,NA,NA,NA,NA,NA,NA,NA,NA,NA,NA,NA,NA,NA,NA,NA,NA,NA,NA,"30_moz_ryan_ACES_checkN.xlsx","30_mozambique_various_ACES_clean.csv","2017","https://doi.org/10.1111/j.1744-7429.2010.00713.x",FALSE,NA,0.125663706143592,NA,125.663706143592,21.6,12,16.3,16.35,3.23375058672478,16.3,16.35,3.23375058672478,16.3,16.35,3.23375058672478,21.6,21.6,NA,8,0,NA,NA,NA,NA,NA,NA,NA,NA,NA,NA,NA,NA,NA,NA,NA,8,8,8,1,0,0,NA,8,7,"Julbernardia globiflora","Brachystegia boehmii","Brachystegia spiciformis","Lannea discolor","Pericopsis angolensis",0.375,0.125,0.125,0.125,0.125,6,6,1.66746193342929,0.78125,4.57142857142857,8,8,8,1,0.172687064982524,0.99795929613669,0.99795929613669,0.99795929613669,0.269938207805707,0.761904761904762,63.6619772367581,63.6619772367581,63.6619772367581,7.95774715459477,1.3742,7.94150774923314,7.94150774923314,7.94150774923314,2.14810000508228,NA,NA,17.5736223965734,5.9146848432475,1.11223940457411,1.60785510165961,FALSE
"MAR_94","MAR_1","NTX_6b","MAR",2015,"MOZ","Ryan C.","Woollen E.; ACES","circle",NA,NA,20,NA,NA,NA,NA,NA,5,NA,FALSE,NA,NA,NA,NA,NA,NA,FALSE,NA,NA,NA,NA,NA,NA,FALSE,NA,NA,NA,NA,NA,NA,FALSE,NA,TRUE,TRUE,TRUE,NA,NA,FALSE,NA,NA,FALSE,NA,NA,NA,36.710691,-15.356734,728.34,NA,NA,NA,NA,FALSE,NA,NA,NA,NA,0.1525,"mirror_densitometer","Densiometer recordings in 4 directions for each plot (standing in the centre, face N, S, E, W). An average is taken of the four readings",NA,FALSE,NA,NA,NA,NA,NA,NA,NA,NA,NA,NA,NA,TRUE,FALSE,NA,NA,NA,NA,NA,NA,"stem",NA,TRUE,NA,NA,NA,NA,NA,NA,NA,NA,NA,NA,NA,NA,NA,NA,NA,NA,NA,NA,NA,NA,NA,NA,NA,NA,NA,NA,NA,NA,NA,NA,NA,NA,NA,NA,NA,NA,"30_moz_ryan_ACES_checkN.xlsx","30_mozambique_various_ACES_clean.csv","2017","https://doi.org/10.1111/j.1744-7429.2010.00713.x",FALSE,NA,0.125663706143592,NA,125.663706143592,40,10,19.5916666666667,17.5,9.58933672304184,19.5916666666667,17.5,9.58933672304184,19.5916666666667,17.5,9.58933672304184,27.8,25.95,6.26130976713339,12,0,NA,NA,NA,NA,NA,NA,NA,NA,NA,NA,NA,NA,NA,NA,NA,12,12,12,6,1,0,NA,12,11,"Julbernardia globiflora","Pseudolachnostylis maprouneifolia","Asparagus africanus","Brachystegia boehmii","Cercidoideae indet",0.416666666666667,0.166666666666667,0.0833333333333333,0.0833333333333333,0.0833333333333333,7,7,1.6987829895138,0.763888888888889,4.23529411764706,12,12,12,6,0.44119820368668,3.29479389555363,3.29479389555363,3.29479389555363,3.00212223868811,0.605042016806723,95.4929658551372,95.4929658551372,95.4929658551372,47.7464829275686,3.51094375,26.2191367473181,26.2191367473181,26.2191367473181,23.890129702666,NA,NA,22.2342725556865,2.30644560435331,2.949790205037,0.509590174026775,FALSE
"MAR_95","MAR_1","PLK_18a","MAR",2015,"MOZ","Ryan C.","Woollen E.; ACES","circle",NA,NA,20,NA,NA,NA,NA,NA,5,NA,FALSE,NA,NA,NA,NA,NA,NA,FALSE,NA,NA,NA,NA,NA,NA,FALSE,NA,NA,NA,NA,NA,NA,FALSE,NA,FALSE,TRUE,TRUE,NA,NA,FALSE,NA,NA,FALSE,NA,NA,NA,36.73206,-15.231452,NA,NA,NA,NA,NA,FALSE,NA,NA,NA,NA,NA,"mirror_densitometer","Densiometer recordings in 4 directions for each plot (standing in the centre, face N, S, E, W). An average is taken of the four readings",NA,FALSE,NA,NA,NA,NA,NA,NA,NA,NA,NA,NA,NA,FALSE,FALSE,NA,NA,NA,NA,NA,NA,"stem",NA,TRUE,NA,NA,NA,NA,NA,NA,NA,NA,NA,NA,NA,NA,NA,NA,NA,NA,NA,NA,NA,NA,NA,NA,NA,NA,NA,NA,NA,NA,NA,NA,NA,NA,NA,NA,NA,NA,"30_moz_ryan_ACES_checkN.xlsx","30_mozambique_various_ACES_clean.csv","2017","https://doi.org/10.1111/j.1744-7429.2010.00713.x",FALSE,NA,0.125663706143592,NA,125.663706143592,NA,NA,NA,NA,NA,NA,NA,NA,NA,NA,NA,NA,NA,NA,0,0,NA,NA,NA,NA,NA,NA,NA,NA,NA,NA,NA,NA,NA,NA,NA,0,0,0,0,0,0,NA,0,0,NA,NA,NA,NA,NA,NA,NA,NA,NA,NA,0,NA,NA,NA,NA,0,0,0,0,0,0,0,0,0,NA,0,0,0,0,0,0,0,0,0,NA,NA,NA,NA,NA,NA,FALSE
"MAR_96","MAR_1","PLK_18b","MAR",2015,"MOZ","Ryan C.","Woollen E.; ACES","circle",NA,NA,20,NA,NA,NA,NA,NA,5,NA,FALSE,NA,NA,NA,NA,NA,NA,FALSE,NA,NA,NA,NA,NA,NA,FALSE,NA,NA,NA,NA,NA,NA,FALSE,NA,FALSE,TRUE,TRUE,NA,NA,FALSE,NA,NA,FALSE,NA,NA,NA,36.732083,-15.229652,NA,NA,NA,NA,NA,FALSE,NA,NA,NA,NA,0,"mirror_densitometer","Densiometer recordings in 4 directions for each plot (standing in the centre, face N, S, E, W). An average is taken of the four readings",NA,FALSE,NA,NA,NA,NA,NA,NA,NA,NA,NA,NA,NA,FALSE,FALSE,NA,NA,TRUE,NA,NA,NA,"stem",NA,TRUE,NA,NA,NA,NA,NA,NA,NA,NA,NA,NA,NA,NA,NA,NA,NA,NA,NA,NA,NA,NA,NA,NA,NA,NA,NA,NA,NA,NA,NA,NA,NA,NA,NA,NA,NA,NA,"30_moz_ryan_ACES_checkN.xlsx","30_mozambique_various_ACES_clean.csv","2017","https://doi.org/10.1111/j.1744-7429.2010.00713.x",FALSE,NA,0.125663706143592,NA,125.663706143592,NA,NA,NA,NA,NA,NA,NA,NA,NA,NA,NA,NA,NA,NA,0,0,NA,NA,NA,NA,NA,NA,NA,NA,NA,NA,NA,NA,NA,NA,NA,0,0,0,0,0,0,NA,0,0,NA,NA,NA,NA,NA,NA,NA,NA,NA,NA,0,NA,NA,NA,NA,0,0,0,0,0,0,0,0,0,NA,0,0,0,0,0,0,0,0,0,NA,NA,NA,NA,NA,NA,FALSE
"MAR_97","MAR_1","PLK_4a","MAR",2015,"MOZ","Ryan C.","Woollen E.; ACES","circle",NA,NA,20,NA,NA,NA,NA,NA,5,NA,FALSE,NA,NA,NA,NA,NA,NA,FALSE,NA,NA,NA,NA,NA,NA,FALSE,NA,NA,NA,NA,NA,NA,FALSE,NA,TRUE,TRUE,TRUE,NA,NA,FALSE,NA,NA,FALSE,NA,NA,NA,36.754705,-15.253377,NA,NA,NA,NA,NA,FALSE,NA,NA,NA,NA,0,"mirror_densitometer","Densiometer recordings in 4 directions for each plot (standing in the centre, face N, S, E, W). An average is taken of the four readings",NA,FALSE,NA,NA,NA,NA,NA,NA,NA,NA,NA,NA,NA,FALSE,FALSE,NA,NA,NA,NA,NA,NA,"stem",NA,TRUE,NA,NA,NA,NA,NA,NA,NA,NA,NA,NA,NA,NA,NA,NA,NA,NA,NA,NA,NA,NA,NA,NA,NA,NA,NA,NA,NA,NA,NA,NA,NA,NA,NA,NA,NA,NA,"30_moz_ryan_ACES_checkN.xlsx","30_mozambique_various_ACES_clean.csv","2017","https://doi.org/10.1111/j.1744-7429.2010.00713.x",FALSE,NA,0.125663706143592,NA,125.663706143592,40.1,6,22.27,24.65,12.4517780970341,22.27,24.65,12.4517780970341,28.7857142857143,25,8.15667999687548,30.5833333333333,27.55,7.25904034061436,10,0,NA,NA,NA,NA,NA,NA,NA,NA,NA,NA,NA,NA,NA,NA,NA,10,10,7,6,1,0,NA,7,6,"Diplorhynchus condylocarpon","Indet indet","Annona senegalensis","Cussonia indet",NA,0.5,0.3,0.1,0.1,NA,4,4,1.16828245017656,0.64,2.77777777777778,10,10,7,6,0.499116605848261,3.46542686055144,3.46542686055144,3.43575190492479,3.29653288166888,0.694444444444444,79.5774715459477,79.5774715459477,55.7042300821634,47.7464829275686,3.97184375,27.5769907390095,27.5769907390095,27.3408449453088,26.2329751591286,NA,NA,25.1215225554191,1.96383635483327,4.24682637555553,0.518789033425125,FALSE
"MAR_98","MAR_1","PLK_4b","MAR",2015,"MOZ","Ryan C.","Woollen E.; ACES","circle",NA,NA,20,NA,NA,NA,NA,NA,5,NA,FALSE,NA,NA,NA,NA,NA,NA,FALSE,NA,NA,NA,NA,NA,NA,FALSE,NA,NA,NA,NA,NA,NA,FALSE,NA,FALSE,TRUE,TRUE,NA,NA,FALSE,NA,NA,FALSE,NA,NA,NA,36.754744,-15.25156,NA,NA,NA,NA,NA,FALSE,NA,NA,NA,NA,0,"mirror_densitometer","Densiometer recordings in 4 directions for each plot (standing in the centre, face N, S, E, W). An average is taken of the four readings",NA,FALSE,NA,NA,NA,NA,NA,NA,NA,NA,NA,NA,NA,FALSE,FALSE,NA,NA,NA,NA,NA,NA,"stem",NA,TRUE,NA,NA,NA,NA,NA,NA,NA,NA,NA,NA,NA,NA,NA,NA,NA,NA,NA,NA,NA,NA,NA,NA,NA,NA,NA,NA,NA,NA,NA,NA,NA,NA,NA,NA,NA,NA,"30_moz_ryan_ACES_checkN.xlsx","30_mozambique_various_ACES_clean.csv","2017","https://doi.org/10.1111/j.1744-7429.2010.00713.x",FALSE,NA,0.125663706143592,NA,125.663706143592,9,6,8.14,8.7,1.26412024744484,8.14,8.7,1.26412024744484,NA,NA,NA,NA,NA,NA,5,0,NA,NA,NA,NA,NA,NA,NA,NA,NA,NA,NA,NA,NA,NA,NA,5,5,0,0,0,0,NA,5,4,"Bobgunnia madagascariensis","Burkea africana","Combretum collinum","Vernonia indet",NA,0.4,0.2,0.2,0.2,NA,4,4,1.33217904021012,0.72,3.57142857142857,5,5,0,0,0.0265221105797684,0.111228153316226,0.111228153316226,0,0,0.892857142857143,39.7887357729738,39.7887357729738,0,0,0.21105625,0.885125520563027,0.885125520563027,0,0,NA,NA,8.58417392920659,10.9706611414798,0.362334368989363,4.45239679090251,FALSE
"MAR_99","MAR_1","PLK_14a","MAR",2015,"MOZ","Ryan C.","Woollen E.; ACES","circle",NA,NA,20,NA,NA,NA,NA,NA,5,NA,FALSE,NA,NA,NA,NA,NA,NA,FALSE,NA,NA,NA,NA,NA,NA,FALSE,NA,NA,NA,NA,NA,NA,FALSE,NA,TRUE,TRUE,TRUE,NA,NA,FALSE,NA,NA,FALSE,NA,NA,NA,36.755998,-15.222133,NA,NA,NA,NA,NA,FALSE,NA,NA,NA,NA,0.205,"mirror_densitometer","Densiometer recordings in 4 directions for each plot (standing in the centre, face N, S, E, W). An average is taken of the four readings",NA,FALSE,NA,NA,NA,NA,NA,NA,NA,NA,NA,NA,NA,FALSE,FALSE,NA,NA,NA,NA,NA,NA,"stem",NA,TRUE,NA,NA,NA,NA,NA,NA,NA,NA,NA,NA,NA,NA,NA,NA,NA,NA,NA,NA,NA,NA,NA,NA,NA,NA,NA,NA,NA,NA,NA,NA,NA,NA,NA,NA,NA,NA,"30_moz_ryan_ACES_checkN.xlsx","30_mozambique_various_ACES_clean.csv","2017","https://doi.org/10.1111/j.1744-7429.2010.00713.x",FALSE,NA,0.125663706143592,NA,125.663706143592,29,5.6,15.975,13.45,7.23090589068894,15.975,13.45,7.23090589068894,17.1857142857143,15.05,6.86628968700958,25.06,25,3.8869010792661,16,0,NA,NA,NA,NA,NA,NA,NA,NA,NA,NA,NA,NA,NA,NA,NA,16,16,14,5,0,0,NA,14,12,"Combretum collinum","Indet indet","Vernonia indet","Piliostigma thonningii",NA,0.6875,0.125,0.125,0.0625,NA,4,4,0.950748927050915,0.4921875,1.96923076923077,16,16,14,5,0.382292556033708,2.98701827409775,2.98701827409775,2.94333785884942,2.18007487715584,0.492307692307692,127.323954473516,127.323954473516,111.408460164327,39.7887357729738,3.0421875,23.7699361714239,23.7699361714239,23.42233847127,17.3484846504904,-1.78356086391229,10.1128152130402,18.0881387163406,2.46625993948322,1.94231960181206,0.474780377865122,FALSE
"MAR_100","MAR_1","PLK_14b","MAR",2015,"MOZ","Ryan C.","Woollen E.; ACES","circle",NA,NA,20,NA,NA,NA,NA,NA,5,NA,FALSE,NA,NA,NA,NA,NA,NA,FALSE,NA,NA,NA,NA,NA,NA,FALSE,NA,NA,NA,NA,NA,NA,FALSE,NA,TRUE,TRUE,TRUE,NA,NA,FALSE,NA,NA,FALSE,NA,NA,NA,36.75603,-15.220336,NA,NA,NA,NA,NA,FALSE,NA,NA,NA,NA,0.12,"mirror_densitometer","Densiometer recordings in 4 directions for each plot (standing in the centre, face N, S, E, W). An average is taken of the four readings",NA,FALSE,NA,NA,NA,NA,NA,NA,NA,NA,NA,NA,NA,FALSE,FALSE,NA,NA,NA,NA,NA,NA,"stem",NA,TRUE,NA,NA,NA,NA,NA,NA,NA,NA,NA,NA,NA,NA,NA,NA,NA,NA,NA,NA,NA,NA,NA,NA,NA,NA,NA,NA,NA,NA,NA,NA,NA,NA,NA,NA,NA,NA,"30_moz_ryan_ACES_checkN.xlsx","30_mozambique_various_ACES_clean.csv","2017","https://doi.org/10.1111/j.1744-7429.2010.00713.x",FALSE,NA,0.125663706143592,NA,125.663706143592,36,10.1,18.34,15,10.5639954562656,18.34,15,10.5639954562656,18.34,15,10.5639954562656,36,36,NA,5,0,NA,NA,NA,NA,NA,NA,NA,NA,NA,NA,NA,NA,NA,NA,NA,5,5,5,1,0,0,NA,2,2,"Indet indet","Asparagus africanus","Combretum collinum",NA,NA,0.6,0.2,0.2,NA,NA,3,3,0.950270539233235,0.56,2.27272727272727,5,5,5,1,0.167146080939755,1.47345964808987,1.47345964808987,1.47345964808987,1.03575494159359,0.757575757575758,39.7887357729738,39.7887357729738,39.7887357729738,7.95774715459477,1.33010625,11.7254193219974,11.7254193219974,11.7254193219974,8.24227593932383,NA,NA,20.8642285159217,2.09920906017634,4.72916679065356,0.694031008101436,FALSE
"MAR_101","MAR_1","PLK_23b","MAR",2015,"MOZ","Ryan C.","Woollen E.; ACES","circle",NA,NA,20,NA,NA,NA,NA,NA,5,NA,FALSE,NA,NA,NA,NA,NA,NA,FALSE,NA,NA,NA,NA,NA,NA,FALSE,NA,NA,NA,NA,NA,NA,FALSE,NA,TRUE,TRUE,TRUE,NA,NA,FALSE,NA,NA,FALSE,NA,NA,NA,36.764545,-15.231747,NA,NA,NA,NA,NA,FALSE,NA,NA,NA,NA,0,"mirror_densitometer","Densiometer recordings in 4 directions for each plot (standing in the centre, face N, S, E, W). An average is taken of the four readings",NA,FALSE,NA,NA,NA,NA,NA,NA,NA,NA,NA,NA,NA,FALSE,FALSE,NA,NA,NA,NA,NA,NA,"stem",NA,TRUE,NA,NA,NA,NA,NA,NA,NA,NA,NA,NA,NA,NA,NA,NA,NA,NA,NA,NA,NA,NA,NA,NA,NA,NA,NA,NA,NA,NA,NA,NA,NA,NA,NA,NA,NA,NA,"30_moz_ryan_ACES_checkN.xlsx","30_mozambique_various_ACES_clean.csv","2017","https://doi.org/10.1111/j.1744-7429.2010.00713.x",FALSE,NA,0.125663706143592,NA,125.663706143592,NA,NA,NA,NA,NA,NA,NA,NA,NA,NA,NA,NA,NA,NA,0,0,NA,NA,NA,NA,NA,NA,NA,NA,NA,NA,NA,NA,NA,NA,NA,0,0,0,0,0,0,NA,0,0,NA,NA,NA,NA,NA,NA,NA,NA,NA,NA,0,NA,NA,NA,NA,0,0,0,0,0,0,0,0,0,NA,0,0,0,0,0,0,0,0,0,NA,NA,NA,NA,NA,NA,FALSE
"MAR_102","MAR_1","PLK_23a","MAR",2015,"MOZ","Ryan C.","Woollen E.; ACES","circle",NA,NA,20,NA,NA,NA,NA,NA,5,NA,FALSE,NA,NA,NA,NA,NA,NA,FALSE,NA,NA,NA,NA,NA,NA,FALSE,NA,NA,NA,NA,NA,NA,FALSE,NA,TRUE,TRUE,TRUE,NA,NA,FALSE,NA,NA,FALSE,NA,NA,NA,36.764527,-15.233552,NA,NA,NA,NA,NA,FALSE,NA,NA,NA,NA,0,"mirror_densitometer","Densiometer recordings in 4 directions for each plot (standing in the centre, face N, S, E, W). An average is taken of the four readings",NA,FALSE,NA,NA,NA,NA,NA,NA,NA,NA,NA,NA,NA,FALSE,FALSE,NA,NA,NA,NA,NA,NA,"stem",NA,TRUE,NA,NA,NA,NA,NA,NA,NA,NA,NA,NA,NA,NA,NA,NA,NA,NA,NA,NA,NA,NA,NA,NA,NA,NA,NA,NA,NA,NA,NA,NA,NA,NA,NA,NA,NA,NA,"30_moz_ryan_ACES_checkN.xlsx","30_mozambique_various_ACES_clean.csv","2017","https://doi.org/10.1111/j.1744-7429.2010.00713.x",FALSE,NA,0.125663706143592,NA,125.663706143592,43,5,13.7142857142857,10.1,11.0237146967021,13.7142857142857,10.1,11.0237146967021,20.0909090909091,16,12.0930107537746,32.225,32.45,12.3909577246205,21,0,NA,NA,NA,NA,NA,NA,NA,NA,NA,NA,NA,NA,NA,NA,NA,21,21,11,4,2,0,NA,21,20,"Combretum collinum","Pericopsis angolensis","Brachystegia boehmii","Brachystegia spiciformis","Burkea africana",0.238095238095238,0.238095238095238,0.0952380952380952,0.0952380952380952,0.0952380952380952,9,9,2.01406736301768,0.843537414965986,6.39130434782609,21,21,11,4,0.501096594618186,3.54629206206855,3.54629206206855,3.41268680103629,2.90020058168195,0.710144927536232,167.11269024649,167.11269024649,87.5352187005424,31.8309886183791,3.9876,28.220495566288,28.220495566288,27.1572986804696,23.0790629266336,-13.1164260923811,7.45790159671922,15.3083041433683,1.44873048536619,2.45402859738844,0.225423740027212,FALSE
"MAR_103","MAR_1","NMP_14a","MAR",2015,"MOZ","Ryan C.","Woollen E.; ACES","circle",NA,NA,20,NA,NA,NA,NA,NA,5,NA,FALSE,NA,NA,NA,NA,NA,NA,FALSE,NA,NA,NA,NA,NA,NA,FALSE,NA,NA,NA,NA,NA,NA,FALSE,NA,TRUE,TRUE,TRUE,NA,NA,FALSE,NA,NA,FALSE,NA,NA,NA,36.76431,-15.258702,727.11,NA,NA,NA,NA,FALSE,NA,NA,NA,NA,0.165,"mirror_densitometer","Densiometer recordings in 4 directions for each plot (standing in the centre, face N, S, E, W). An average is taken of the four readings",NA,FALSE,NA,NA,NA,NA,NA,NA,NA,NA,NA,NA,NA,TRUE,FALSE,NA,NA,NA,NA,NA,NA,"stem",NA,TRUE,NA,NA,NA,NA,NA,NA,NA,NA,NA,NA,NA,NA,NA,NA,NA,NA,NA,NA,NA,NA,NA,NA,NA,NA,NA,NA,NA,NA,NA,NA,NA,NA,NA,NA,NA,NA,"30_moz_ryan_ACES_checkN.xlsx","30_mozambique_various_ACES_clean.csv","2017","https://doi.org/10.1111/j.1744-7429.2010.00713.x",FALSE,NA,0.125663706143592,NA,125.663706143592,32.2,5,18.0566666666667,20,8.54209387773817,18.0566666666667,20,8.54209387773817,21.55,23,7.1913804224886,25.76,23.8,3.77696022899746,30,0,NA,NA,NA,NA,NA,NA,NA,NA,NA,NA,NA,NA,NA,NA,NA,30,30,22,15,0,0,NA,30,29,"Mangifera indica","Diospyros kirkii","Terminalia sericea","Brachystegia bussei","Terminalia indet",0.666666666666667,0.133333333333333,0.1,0.0666666666666667,0.0333333333333333,5,4.8076993249407,1.0631322435727,0.522222222222222,2.09302325581395,30,30,22,15,0.934415683929663,5.11447472980655,5.11447472980655,4.94930251306911,4.56452762369641,0.418604651162791,238.732414637843,238.732414637843,175.070437401085,119.366207318921,7.43584375,40.6996967283649,40.6996967283649,39.3852979906045,36.3233567095394,-13.4932056373306,7.00347841681999,20.465076585073,2.34489267421114,1.68036780848982,0.348712852082025,FALSE
"MAR_104","MAR_1","NMP_22b","MAR",2015,"MOZ","Ryan C.","Woollen E.; ACES","circle",NA,NA,20,NA,NA,NA,NA,NA,5,NA,FALSE,NA,NA,NA,NA,NA,NA,FALSE,NA,NA,NA,NA,NA,NA,FALSE,NA,NA,NA,NA,NA,NA,FALSE,NA,TRUE,TRUE,TRUE,NA,NA,FALSE,NA,NA,FALSE,NA,NA,NA,36.766693,-15.257606,722.799999999999,NA,NA,NA,NA,FALSE,NA,NA,NA,NA,0,"mirror_densitometer","Densiometer recordings in 4 directions for each plot (standing in the centre, face N, S, E, W). An average is taken of the four readings",NA,FALSE,NA,NA,NA,NA,NA,NA,NA,NA,NA,NA,NA,FALSE,FALSE,NA,NA,NA,NA,NA,NA,"stem",NA,TRUE,NA,NA,NA,NA,NA,NA,NA,NA,NA,NA,NA,NA,NA,NA,NA,NA,NA,NA,NA,NA,NA,NA,NA,NA,NA,NA,NA,NA,NA,NA,NA,NA,NA,NA,NA,NA,"30_moz_ryan_ACES_checkN.xlsx","30_mozambique_various_ACES_clean.csv","2017","https://doi.org/10.1111/j.1744-7429.2010.00713.x",FALSE,NA,0.125663706143592,NA,125.663706143592,16.3,5,9,9.3,4.06078810084939,9,9.3,4.06078810084939,12.65,12.1,2.75983091269496,NA,NA,NA,9,0,NA,NA,NA,NA,NA,NA,NA,NA,NA,NA,NA,NA,NA,NA,NA,9,9,4,0,0,0,NA,9,9,"Piliostigma thonningii","Mangifera indica",NA,NA,NA,0.555555555555556,0.444444444444444,NA,NA,NA,2,2,0.686961576597323,0.493827160493827,1.97560975609756,9,9,4,0,0.0676164986832131,0.238413126967183,0.238413126967183,0.198555602789762,0,0.98780487804878,71.6197243913529,71.6197243913529,31.8309886183791,0,0.538075,1.89723138274114,1.89723138274114,1.58005528312908,0,NA,NA,10.1865576840019,2.5566701338221,1.40710171348646,0.659982027317207,FALSE
"MAR_105","MAR_1","NMP_10b","MAR",2015,"MOZ","Ryan C.","Woollen E.; ACES","circle",NA,NA,20,NA,NA,NA,NA,NA,5,NA,FALSE,NA,NA,NA,NA,NA,NA,FALSE,NA,NA,NA,NA,NA,NA,FALSE,NA,NA,NA,NA,NA,NA,FALSE,NA,TRUE,TRUE,TRUE,NA,NA,FALSE,NA,NA,FALSE,NA,NA,NA,36.767228,-15.257087,725.269999999999,NA,NA,NA,NA,FALSE,NA,NA,NA,NA,NA,"mirror_densitometer","Densiometer recordings in 4 directions for each plot (standing in the centre, face N, S, E, W). An average is taken of the four readings",NA,FALSE,NA,NA,NA,NA,NA,NA,NA,NA,NA,NA,NA,FALSE,FALSE,NA,NA,NA,NA,NA,NA,"stem",NA,TRUE,NA,NA,NA,NA,NA,NA,NA,NA,NA,NA,NA,NA,NA,NA,NA,NA,NA,NA,NA,NA,NA,NA,NA,NA,NA,NA,NA,NA,NA,NA,NA,NA,NA,NA,NA,NA,"30_moz_ryan_ACES_checkN.xlsx","30_mozambique_various_ACES_clean.csv","2017","https://doi.org/10.1111/j.1744-7429.2010.00713.x",FALSE,NA,0.125663706143592,NA,125.663706143592,12,5.9,9.54444444444444,10,2.32975916733421,9.54444444444444,10,2.32975916733421,11.2,11,0.836660026534076,NA,NA,NA,9,0,NA,NA,NA,NA,NA,NA,NA,NA,NA,NA,NA,NA,NA,NA,NA,9,9,5,0,0,0,NA,9,9,"Annona senegalensis","Piliostigma thonningii",NA,NA,NA,0.555555555555556,0.444444444444444,NA,NA,NA,2,2,0.686961576597323,0.493827160493827,1.97560975609756,9,9,5,0,0.0678026380479383,0.297723415370916,0.297723415370916,0.228669208343705,0,0.98780487804878,71.6197243913529,71.6197243913529,39.7887357729738,0,0.53955625,2.36920766152414,2.36920766152414,1.81969174204055,0,NA,NA,10.3958657246528,5.49654447371815,0.660077276249974,1.56585381220098,FALSE
"MAR_106","MAR_1","PLK_5a","MAR",2015,"MOZ","Ryan C.","Woollen E.; ACES","circle",NA,NA,20,NA,NA,NA,NA,NA,5,NA,FALSE,NA,NA,NA,NA,NA,NA,FALSE,NA,NA,NA,NA,NA,NA,FALSE,NA,NA,NA,NA,NA,NA,FALSE,NA,TRUE,TRUE,TRUE,NA,NA,FALSE,NA,NA,FALSE,NA,NA,NA,36.767823,-15.241373,NA,NA,NA,NA,NA,FALSE,NA,NA,NA,NA,0,"mirror_densitometer","Densiometer recordings in 4 directions for each plot (standing in the centre, face N, S, E, W). An average is taken of the four readings",NA,FALSE,NA,NA,NA,NA,NA,NA,NA,NA,NA,NA,NA,FALSE,FALSE,NA,NA,NA,NA,NA,NA,"stem",NA,TRUE,NA,NA,NA,NA,NA,NA,NA,NA,NA,NA,NA,NA,NA,NA,NA,NA,NA,NA,NA,NA,NA,NA,NA,NA,NA,NA,NA,NA,NA,NA,NA,NA,NA,NA,NA,NA,"30_moz_ryan_ACES_checkN.xlsx","30_mozambique_various_ACES_clean.csv","2017","https://doi.org/10.1111/j.1744-7429.2010.00713.x",FALSE,NA,0.125663706143592,NA,125.663706143592,11,5,7.17333333333333,6.2,2.30417839917791,7.17333333333333,6.2,2.30417839917791,10.6666666666667,11,0.577350269189626,NA,NA,NA,15,0,NA,NA,NA,NA,NA,NA,NA,NA,NA,NA,NA,NA,NA,NA,NA,15,15,3,0,0,0,NA,15,12,"Stereospermum kunthianum","Lannea indet","Pseudolachnostylis maprouneifolia","Brachystegia bussei","Asparagus africanus",0.266666666666667,0.2,0.2,0.133333333333333,0.0666666666666667,7,7,1.80650716526167,0.817777777777778,5.48780487804878,15,15,3,0,0.0664588217903653,0.188401508771691,0.188401508771691,0.0841156782028399,0,0.78397212543554,119.366207318921,119.366207318921,23.8732414637843,0,0.5288625,1.49925157034929,1.49925157034929,0.669371298875458,0,NA,NA,7.99404173723261,3.45630745257805,0.6345810097126,0.680707807659514,FALSE
"MAR_107","MAR_1","PLK_5b","MAR",2015,"MOZ","Ryan C.","Woollen E.; ACES","circle",NA,NA,20,NA,NA,NA,NA,NA,5,NA,FALSE,NA,NA,NA,NA,NA,NA,FALSE,NA,NA,NA,NA,NA,NA,FALSE,NA,NA,NA,NA,NA,NA,FALSE,NA,TRUE,TRUE,TRUE,NA,NA,FALSE,NA,NA,FALSE,NA,NA,NA,36.767845,-15.23956,NA,NA,NA,NA,NA,FALSE,NA,NA,NA,NA,0,"mirror_densitometer","Densiometer recordings in 4 directions for each plot (standing in the centre, face N, S, E, W). An average is taken of the four readings",NA,FALSE,NA,NA,NA,NA,NA,NA,NA,NA,NA,NA,NA,FALSE,FALSE,NA,NA,NA,NA,NA,NA,"stem",NA,TRUE,NA,NA,NA,NA,NA,NA,NA,NA,NA,NA,NA,NA,NA,NA,NA,NA,NA,NA,NA,NA,NA,NA,NA,NA,NA,NA,NA,NA,NA,NA,NA,NA,NA,NA,NA,NA,"30_moz_ryan_ACES_checkN.xlsx","30_mozambique_various_ACES_clean.csv","2017","https://doi.org/10.1111/j.1744-7429.2010.00713.x",FALSE,NA,0.125663706143592,NA,125.663706143592,15.2,5.2,9.30714285714286,9.2,2.81847320526401,9.30714285714286,9.2,2.81847320526401,11.65,10.2,2.38474317275467,NA,NA,NA,14,0,NA,NA,NA,NA,NA,NA,NA,NA,NA,NA,NA,NA,NA,NA,NA,14,14,6,0,0,0,NA,14,13,"Brachystegia bussei","Asparagus africanus","Piliostigma thonningii","Pteleopsis myrtifolia","Afzelia quanzensis",0.214285714285714,0.142857142857143,0.142857142857143,0.142857142857143,0.0714285714285714,9,9,2.10657733323212,0.86734693877551,7.53846153846154,14,14,6,0,0.103357612904941,0.378292449938559,0.378292449938559,0.257464366777016,0,0.837606837606838,111.408460164327,111.408460164327,47.7464829275686,0,0.82249375,3.01035566710325,3.01035566710325,2.04883633212934,0,NA,NA,10.3133856568298,3.6086999218288,0.809736491455124,0.712156720161718,FALSE
"MAR_108","MAR_1","NMP_4b","MAR",2015,"MOZ","Ryan C.","Woollen E.; ACES","circle",NA,NA,20,NA,NA,NA,NA,NA,5,NA,FALSE,NA,NA,NA,NA,NA,NA,FALSE,NA,NA,NA,NA,NA,NA,FALSE,NA,NA,NA,NA,NA,NA,FALSE,NA,TRUE,TRUE,TRUE,NA,NA,FALSE,NA,NA,FALSE,NA,NA,NA,36.768535,-15.256002,736.049999999999,NA,NA,NA,NA,FALSE,NA,NA,NA,NA,0,"mirror_densitometer","Densiometer recordings in 4 directions for each plot (standing in the centre, face N, S, E, W). An average is taken of the four readings",NA,FALSE,NA,NA,NA,NA,NA,NA,NA,NA,NA,NA,NA,TRUE,FALSE,NA,NA,NA,NA,NA,NA,"stem",NA,TRUE,NA,NA,NA,NA,NA,NA,NA,NA,NA,NA,NA,NA,NA,NA,NA,NA,NA,NA,NA,NA,NA,NA,NA,NA,NA,NA,NA,NA,NA,NA,NA,NA,NA,NA,NA,NA,"30_moz_ryan_ACES_checkN.xlsx","30_mozambique_various_ACES_clean.csv","2017","https://doi.org/10.1111/j.1744-7429.2010.00713.x",FALSE,NA,0.125663706143592,NA,125.663706143592,NA,NA,NA,NA,NA,NA,NA,NA,NA,NA,NA,NA,NA,NA,0,0,NA,NA,NA,NA,NA,NA,NA,NA,NA,NA,NA,NA,NA,NA,NA,0,0,0,0,0,0,NA,0,0,NA,NA,NA,NA,NA,NA,NA,NA,NA,NA,0,NA,NA,NA,NA,0,0,0,0,0,0,0,0,0,NA,0,0,0,0,0,0,0,0,0,NA,NA,NA,NA,NA,NA,FALSE
"MAR_109","MAR_1","NMP_4a","MAR",2015,"MOZ","Ryan C.","Woollen E.; ACES","circle",NA,NA,20,NA,NA,NA,NA,NA,5,NA,FALSE,NA,NA,NA,NA,NA,NA,FALSE,NA,NA,NA,NA,NA,NA,FALSE,NA,NA,NA,NA,NA,NA,FALSE,NA,TRUE,TRUE,TRUE,NA,NA,FALSE,NA,NA,FALSE,NA,NA,NA,36.768517,-15.257786,730.639999999999,NA,NA,NA,NA,FALSE,NA,NA,NA,NA,0.145,"mirror_densitometer","Densiometer recordings in 4 directions for each plot (standing in the centre, face N, S, E, W). An average is taken of the four readings",NA,FALSE,NA,NA,NA,NA,NA,NA,NA,NA,NA,NA,NA,FALSE,FALSE,NA,NA,NA,NA,NA,NA,"stem",NA,TRUE,NA,NA,NA,NA,NA,NA,NA,NA,NA,NA,NA,NA,NA,NA,NA,NA,NA,NA,NA,NA,NA,NA,NA,NA,NA,NA,NA,NA,NA,NA,NA,NA,NA,NA,NA,NA,"30_moz_ryan_ACES_checkN.xlsx","30_mozambique_various_ACES_clean.csv","2017","https://doi.org/10.1111/j.1744-7429.2010.00713.x",FALSE,NA,0.125663706143592,NA,125.663706143592,25,5,9.18235294117647,8.6,4.23481033085597,9.18235294117647,8.6,4.23481033085597,12.8333333333333,12,3.71246292269444,25,25,NA,34,0,NA,NA,NA,NA,NA,NA,NA,NA,NA,NA,NA,NA,NA,NA,NA,34,34,15,1,0,0,NA,34,27,"Adansonia digitata","Lannea indet","Piliostigma thonningii","Brachystegia bussei","Annona senegalensis",0.176470588235294,0.176470588235294,0.176470588235294,0.147058823529412,0.117647058823529,11,9.60894234830144,2.13723311832572,0.863321799307958,7.31645569620253,34,34,15,1,0.271633096403661,1.0724115409421,1.0724115409421,0.925201195119832,0.42630517825672,0.665132336018412,270.563403256222,270.563403256222,119.366207318921,7.95774715459477,2.1615875,8.53397988848661,8.53397988848661,7.36251717789252,3.39242881926143,-3.97760041961451,1.3589610613203,10.3867592023374,2.30854578161533,0.819391578106852,0.277913297105665,FALSE
"MAR_110","MAR_1","NMP_23a","MAR",2015,"MOZ","Ryan C.","Woollen E.; ACES","circle",NA,NA,20,NA,NA,NA,NA,NA,5,NA,FALSE,NA,NA,NA,NA,NA,NA,FALSE,NA,NA,NA,NA,NA,NA,FALSE,NA,NA,NA,NA,NA,NA,FALSE,NA,TRUE,TRUE,TRUE,NA,NA,FALSE,NA,NA,FALSE,NA,NA,NA,36.769656,-15.268177,727.409999999999,NA,NA,NA,NA,FALSE,NA,NA,NA,NA,0,"mirror_densitometer","Densiometer recordings in 4 directions for each plot (standing in the centre, face N, S, E, W). An average is taken of the four readings",NA,FALSE,NA,NA,NA,NA,NA,NA,NA,NA,NA,NA,NA,FALSE,FALSE,NA,NA,NA,NA,NA,NA,"stem",NA,TRUE,NA,NA,NA,NA,NA,NA,NA,NA,NA,NA,NA,NA,NA,NA,NA,NA,NA,NA,NA,NA,NA,NA,NA,NA,NA,NA,NA,NA,NA,NA,NA,NA,NA,NA,NA,NA,"30_moz_ryan_ACES_checkN.xlsx","30_mozambique_various_ACES_clean.csv","2017","https://doi.org/10.1111/j.1744-7429.2010.00713.x",FALSE,NA,0.125663706143592,NA,125.663706143592,6.1,5,5.7,6,0.608276253029822,5.7,6,0.608276253029822,NA,NA,NA,NA,NA,NA,3,0,NA,NA,NA,NA,NA,NA,NA,NA,NA,NA,NA,NA,NA,NA,NA,3,3,0,0,0,0,NA,3,3,"Aloe zebrina",NA,NA,NA,NA,1,NA,NA,NA,NA,1,1,0,0,1,3,3,0,0,0.00771339536272634,0.0236439767993568,0.0236439767993568,0,0,1,23.8732414637843,23.8732414637843,0,0,0.06138125,0.188152789098386,0.188152789098386,0,0,NA,NA,5.9137106543914,16.4844042205312,0.216001907451325,8.60687824747705,FALSE
"MAR_111","MAR_1","NMP_23b","MAR",2015,"MOZ","Ryan C.","Woollen E.; ACES","circle",NA,NA,20,NA,NA,NA,NA,NA,5,NA,FALSE,NA,NA,NA,NA,NA,NA,FALSE,NA,NA,NA,NA,NA,NA,FALSE,NA,NA,NA,NA,NA,NA,FALSE,NA,TRUE,TRUE,TRUE,NA,NA,FALSE,NA,NA,FALSE,NA,NA,NA,36.769682,-15.266368,729.25,NA,NA,NA,NA,FALSE,NA,NA,NA,NA,0,"mirror_densitometer","Densiometer recordings in 4 directions for each plot (standing in the centre, face N, S, E, W). An average is taken of the four readings",NA,FALSE,NA,NA,NA,NA,NA,NA,NA,NA,NA,NA,NA,FALSE,FALSE,NA,NA,TRUE,NA,NA,NA,"stem",NA,TRUE,NA,NA,NA,NA,NA,NA,NA,NA,NA,NA,NA,NA,NA,NA,NA,NA,NA,NA,NA,NA,NA,NA,NA,NA,NA,NA,NA,NA,NA,NA,NA,NA,NA,NA,NA,NA,"30_moz_ryan_ACES_checkN.xlsx","30_mozambique_various_ACES_clean.csv","2017","https://doi.org/10.1111/j.1744-7429.2010.00713.x",FALSE,NA,0.125663706143592,NA,125.663706143592,23.1,5,7.88333333333333,5.95,4.00593762206603,7.88333333333333,5.95,4.00593762206603,12.7333333333333,10.6,5.13484826130887,23.1,23.1,NA,24,0,NA,NA,NA,NA,NA,NA,NA,NA,NA,NA,NA,NA,NA,NA,NA,24,24,6,1,0,0,NA,24,24,"Annona senegalensis","Piliostigma thonningii","Combretum collinum","Lannea schweinfurthii","Julbernardia globiflora",0.291666666666667,0.291666666666667,0.166666666666667,0.125,0.0833333333333333,6,6,1.61680171541552,0.777777777777778,4.5,24,24,6,1,0.146132753078056,0.69784793824081,0.69784793824081,0.497117536716243,0.279721710440477,0.75,190.985931710274,190.985931710274,47.7464829275686,7.95774715459477,1.1628875,5.55329744487563,5.55329744487563,3.95593566330284,2.22595464533609,NA,NA,8.93280596731945,2.11848466108925,0.916980717511961,0.288768888347127,FALSE
"MAR_112","MAR_1","NMP_20a","MAR",2015,"MOZ","Ryan C.","Woollen E.; ACES","circle",NA,NA,20,NA,NA,NA,NA,NA,5,NA,FALSE,NA,NA,NA,NA,NA,NA,FALSE,NA,NA,NA,NA,NA,NA,FALSE,NA,NA,NA,NA,NA,NA,FALSE,NA,TRUE,TRUE,TRUE,NA,NA,FALSE,NA,NA,FALSE,NA,NA,NA,36.774633,-15.261056,731.039999999999,NA,NA,NA,NA,FALSE,NA,NA,NA,NA,0,"mirror_densitometer","Densiometer recordings in 4 directions for each plot (standing in the centre, face N, S, E, W). An average is taken of the four readings",NA,FALSE,NA,NA,NA,NA,NA,NA,NA,NA,NA,NA,NA,FALSE,FALSE,NA,NA,NA,NA,NA,NA,"stem",NA,TRUE,NA,NA,NA,NA,NA,NA,NA,NA,NA,NA,NA,NA,NA,NA,NA,NA,NA,NA,NA,NA,NA,NA,NA,NA,NA,NA,NA,NA,NA,NA,NA,NA,NA,NA,NA,NA,"30_moz_ryan_ACES_checkN.xlsx","30_mozambique_various_ACES_clean.csv","2017","https://doi.org/10.1111/j.1744-7429.2010.00713.x",FALSE,NA,0.125663706143592,NA,125.663706143592,6.5,5,5.44285714285714,5.2,0.607884700846969,5.44285714285714,5.2,0.607884700846969,NA,NA,NA,NA,NA,NA,7,0,NA,NA,NA,NA,NA,NA,NA,NA,NA,NA,NA,NA,NA,NA,NA,7,7,0,0,0,0,NA,7,7,"Annona senegalensis","Combretum collinum","Brachystegia bussei",NA,NA,0.571428571428571,0.285714285714286,0.142857142857143,NA,NA,3,3,0.955699891112534,0.571428571428571,2.33333333333333,7,7,0,0,0.0164611601066471,0.052776922815544,0.052776922815544,0,0,0.777777777777778,55.7042300821634,55.7042300821634,0,0,0.13099375,0.419985407363663,0.419985407363663,0,0,NA,NA,5.71206213356903,9.42693380202168,0.243895576104498,2.62326807482452,FALSE
"MAR_113","MAR_1","NMP_20b","MAR",2015,"MOZ","Ryan C.","Woollen E.; ACES","circle",NA,NA,20,NA,NA,NA,NA,NA,5,NA,FALSE,NA,NA,NA,NA,NA,NA,FALSE,NA,NA,NA,NA,NA,NA,FALSE,NA,NA,NA,NA,NA,NA,FALSE,NA,TRUE,TRUE,TRUE,NA,NA,FALSE,NA,NA,FALSE,NA,NA,NA,36.774661,-15.259267,740.679999999999,NA,NA,NA,NA,FALSE,NA,NA,NA,NA,0.485,"mirror_densitometer","Densiometer recordings in 4 directions for each plot (standing in the centre, face N, S, E, W). An average is taken of the four readings",NA,FALSE,NA,NA,NA,NA,NA,NA,NA,NA,NA,NA,NA,TRUE,FALSE,NA,NA,NA,NA,NA,NA,"stem",NA,TRUE,NA,NA,NA,NA,NA,NA,NA,NA,NA,NA,NA,NA,NA,NA,NA,NA,NA,NA,NA,NA,NA,NA,NA,NA,NA,NA,NA,NA,NA,NA,NA,NA,NA,NA,NA,NA,"30_moz_ryan_ACES_checkN.xlsx","30_mozambique_various_ACES_clean.csv","2017","https://doi.org/10.1111/j.1744-7429.2010.00713.x",FALSE,NA,0.125663706143592,NA,125.663706143592,29.8,5,11.60625,8.55,8.16810616565023,11.60625,8.55,8.16810616565023,17.9875,16.6,7.05376039529879,28.35,28.35,2.05060966544099,16,0,NA,NA,NA,NA,NA,NA,NA,NA,NA,NA,NA,NA,NA,NA,NA,16,16,8,2,0,0,NA,15,15,"Piliostigma thonningii","Combretum collinum","Dichrostachys cinerea","Indet indet","Terminalia sericea",0.625,0.125,0.125,0.0625,0.0625,5,5,1.16018624397852,0.5703125,2.32727272727273,16,16,8,2,0.247875587359052,1.82024659639774,1.82024659639774,1.76482730190644,1.10917426166977,0.465454545454545,127.323954473516,127.323954473516,63.6619772367581,15.9154943091895,1.97253125,14.4850621731449,14.4850621731449,14.0440494400971,8.82652832475237,-12.5938047257786,5.0494350038035,13.0587788135215,1.59018113489058,2.1802779680238,0.299739308313769,FALSE
"MAR_114","MAR_1","NMP_19b","MAR",2015,"MOZ","Ryan C.","Woollen E.; ACES","circle",NA,NA,20,NA,NA,NA,NA,NA,5,NA,FALSE,NA,NA,NA,NA,NA,NA,FALSE,NA,NA,NA,NA,NA,NA,FALSE,NA,NA,NA,NA,NA,NA,FALSE,NA,TRUE,TRUE,TRUE,NA,NA,FALSE,NA,NA,FALSE,NA,NA,NA,36.777802,-15.272768,742.88,NA,NA,NA,NA,FALSE,NA,NA,NA,NA,0.135,"mirror_densitometer","Densiometer recordings in 4 directions for each plot (standing in the centre, face N, S, E, W). An average is taken of the four readings",NA,FALSE,NA,NA,NA,NA,NA,NA,NA,NA,NA,NA,NA,FALSE,FALSE,NA,NA,NA,NA,NA,NA,"stem",NA,TRUE,NA,NA,NA,NA,NA,NA,NA,NA,NA,NA,NA,NA,NA,NA,NA,NA,NA,NA,NA,NA,NA,NA,NA,NA,NA,NA,NA,NA,NA,NA,NA,NA,NA,NA,NA,NA,"30_moz_ryan_ACES_checkN.xlsx","30_mozambique_various_ACES_clean.csv","2017","https://doi.org/10.1111/j.1744-7429.2010.00713.x",FALSE,NA,0.125663706143592,NA,125.663706143592,25,5.1,10.77,11,6.15179287326512,10.77,11,6.15179287326512,14.3333333333333,12,5.46504040851179,25,25,NA,10,0,NA,NA,NA,NA,NA,NA,NA,NA,NA,NA,NA,NA,NA,NA,NA,10,10,6,1,0,0,NA,10,10,"Combretum collinum","Terminalia sericea","Piliostigma thonningii",NA,NA,0.5,0.3,0.2,NA,NA,3,3,1.02965301406457,0.62,2.63157894736842,10,10,6,1,0.117851350612277,0.664638746991014,0.664638746991014,0.631447649798409,0.317005883617435,0.87719298245614,79.5774715459477,79.5774715459477,47.7464829275686,7.95774715459477,0.93783125,5.28902709770117,5.28902709770117,5.02490073845884,2.52265266834644,NA,NA,12.2286533951847,1.98600744217202,2.06678704003365,0.46263254242222,FALSE
"MAR_115","MAR_1","NMP_3a","MAR",2015,"MOZ","Ryan C.","Woollen E.; ACES","circle",NA,NA,20,NA,NA,NA,NA,NA,5,NA,FALSE,NA,NA,NA,NA,NA,NA,FALSE,NA,NA,NA,NA,NA,NA,FALSE,NA,NA,NA,NA,NA,NA,FALSE,NA,TRUE,TRUE,TRUE,NA,NA,FALSE,NA,NA,FALSE,NA,NA,NA,36.778351,-15.272791,744.429999999999,NA,NA,NA,NA,FALSE,NA,NA,NA,NA,0,"mirror_densitometer","Densiometer recordings in 4 directions for each plot (standing in the centre, face N, S, E, W). An average is taken of the four readings",NA,FALSE,NA,NA,NA,NA,NA,NA,NA,NA,NA,NA,NA,FALSE,FALSE,NA,NA,NA,NA,NA,NA,"stem",NA,TRUE,NA,NA,NA,NA,NA,NA,NA,NA,NA,NA,NA,NA,NA,NA,NA,NA,NA,NA,NA,NA,NA,NA,NA,NA,NA,NA,NA,NA,NA,NA,NA,NA,NA,NA,NA,NA,"30_moz_ryan_ACES_checkN.xlsx","30_mozambique_various_ACES_clean.csv","2017","https://doi.org/10.1111/j.1744-7429.2010.00713.x",FALSE,NA,0.125663706143592,NA,125.663706143592,NA,NA,NA,NA,NA,NA,NA,NA,NA,NA,NA,NA,NA,NA,0,0,NA,NA,NA,NA,NA,NA,NA,NA,NA,NA,NA,NA,NA,NA,NA,0,0,0,0,0,0,NA,0,0,NA,NA,NA,NA,NA,NA,NA,NA,NA,NA,0,NA,NA,NA,NA,0,0,0,0,0,0,0,0,0,NA,0,0,0,0,0,0,0,0,0,NA,NA,NA,NA,NA,NA,FALSE
"MAR_116","MAR_1","NMP_3b","MAR",2015,"MOZ","Ryan C.","Woollen E.; ACES","circle",NA,NA,20,NA,NA,NA,NA,NA,5,NA,FALSE,NA,NA,NA,NA,NA,NA,FALSE,NA,NA,NA,NA,NA,NA,FALSE,NA,NA,NA,NA,NA,NA,FALSE,NA,TRUE,TRUE,TRUE,NA,NA,FALSE,NA,NA,FALSE,NA,NA,NA,36.778372,-15.270986,741.94,NA,NA,NA,NA,FALSE,NA,NA,NA,NA,0,"mirror_densitometer","Densiometer recordings in 4 directions for each plot (standing in the centre, face N, S, E, W). An average is taken of the four readings",NA,FALSE,NA,NA,NA,NA,NA,NA,NA,NA,NA,NA,NA,FALSE,FALSE,NA,NA,NA,NA,NA,NA,"stem",NA,TRUE,NA,NA,NA,NA,NA,NA,NA,NA,NA,NA,NA,NA,NA,NA,NA,NA,NA,NA,NA,NA,NA,NA,NA,NA,NA,NA,NA,NA,NA,NA,NA,NA,NA,NA,NA,NA,"30_moz_ryan_ACES_checkN.xlsx","30_mozambique_various_ACES_clean.csv","2017","https://doi.org/10.1111/j.1744-7429.2010.00713.x",FALSE,NA,0.125663706143592,NA,125.663706143592,NA,NA,NA,NA,NA,NA,NA,NA,NA,NA,NA,NA,NA,NA,0,0,NA,NA,NA,NA,NA,NA,NA,NA,NA,NA,NA,NA,NA,NA,NA,0,0,0,0,0,0,NA,0,0,NA,NA,NA,NA,NA,NA,NA,NA,NA,NA,0,NA,NA,NA,NA,0,0,0,0,0,0,0,0,0,NA,0,0,0,0,0,0,0,0,0,NA,NA,NA,NA,NA,NA,FALSE
"MAR_117","MAR_1","PLK_15b","MAR",2015,"MOZ","Ryan C.","Woollen E.; ACES","circle",NA,NA,20,NA,NA,NA,NA,NA,5,NA,FALSE,NA,NA,NA,NA,NA,NA,FALSE,NA,NA,NA,NA,NA,NA,FALSE,NA,NA,NA,NA,NA,NA,FALSE,NA,TRUE,TRUE,TRUE,NA,NA,FALSE,NA,NA,FALSE,NA,NA,NA,36.78072,-15.227946,NA,NA,NA,NA,NA,FALSE,NA,NA,NA,NA,0,"mirror_densitometer","Densiometer recordings in 4 directions for each plot (standing in the centre, face N, S, E, W). An average is taken of the four readings",NA,FALSE,NA,NA,NA,NA,NA,NA,NA,NA,NA,NA,NA,FALSE,FALSE,NA,NA,NA,NA,NA,NA,"stem",NA,TRUE,NA,NA,NA,NA,NA,NA,NA,NA,NA,NA,NA,NA,NA,NA,NA,NA,NA,NA,NA,NA,NA,NA,NA,NA,NA,NA,NA,NA,NA,NA,NA,NA,NA,NA,NA,NA,"30_moz_ryan_ACES_checkN.xlsx","30_mozambique_various_ACES_clean.csv","2017","https://doi.org/10.1111/j.1744-7429.2010.00713.x",FALSE,NA,0.125663706143592,NA,125.663706143592,11.1,11,11.05,11.05,0.0707106781186545,11.05,11.05,0.0707106781186545,11.05,11.05,0.0707106781186545,NA,NA,NA,2,0,NA,NA,NA,NA,NA,NA,NA,NA,NA,NA,NA,NA,NA,NA,NA,2,2,2,0,0,0,NA,2,2,"Piliostigma thonningii",NA,NA,NA,NA,1,NA,NA,NA,NA,1,1,0,0,1,2,2,2,0,0.0191802085483291,0.106069909320026,0.106069909320026,0.106069909320026,0,1,15.9154943091895,15.9154943091895,15.9154943091895,0,0.15263125,0.84407751907956,0.84407751907956,0.84407751907956,0,NA,NA,NA,NA,NA,NA,FALSE
"MAR_118","MAR_1","PLK_15a","MAR",2015,"MOZ","Ryan C.","Woollen E.; ACES","circle",NA,NA,20,NA,NA,NA,NA,NA,5,NA,FALSE,NA,NA,NA,NA,NA,NA,FALSE,NA,NA,NA,NA,NA,NA,FALSE,NA,NA,NA,NA,NA,NA,FALSE,NA,TRUE,TRUE,TRUE,NA,NA,FALSE,NA,NA,FALSE,NA,NA,NA,36.780715,-15.22976,NA,NA,NA,NA,NA,FALSE,NA,NA,NA,NA,0,"mirror_densitometer","Densiometer recordings in 4 directions for each plot (standing in the centre, face N, S, E, W). An average is taken of the four readings",NA,FALSE,NA,NA,NA,NA,NA,NA,NA,NA,NA,NA,NA,FALSE,FALSE,NA,NA,NA,NA,NA,NA,"stem",NA,TRUE,NA,NA,NA,NA,NA,NA,NA,NA,NA,NA,NA,NA,NA,NA,NA,NA,NA,NA,NA,NA,NA,NA,NA,NA,NA,NA,NA,NA,NA,NA,NA,NA,NA,NA,NA,NA,"30_moz_ryan_ACES_checkN.xlsx","30_mozambique_various_ACES_clean.csv","2017","https://doi.org/10.1111/j.1744-7429.2010.00713.x",FALSE,NA,0.125663706143592,NA,125.663706143592,15,5,9.39,7.75,4.28263937309692,9.39,7.75,4.28263937309692,14,15,2,NA,NA,NA,10,0,NA,NA,NA,NA,NA,NA,NA,NA,NA,NA,NA,NA,NA,NA,NA,10,10,4,0,0,0,NA,8,8,"Combretum collinum","Indet indet","Pseudolachnostylis maprouneifolia",NA,NA,0.6,0.2,0.2,NA,NA,3,3,0.950270539233235,0.56,2.27272727272727,10,10,4,0,0.0822146943462815,0.483189429808856,0.483189429808856,0.401692545294396,0,0.757575757575758,79.5774715459477,79.5774715459477,31.8309886183791,0,0.65424375,3.84509931019169,3.84509931019169,3.19656770933841,0,NA,NA,10.6427688691971,2.5344180856105,1.40720651411673,0.63247476064647,FALSE
"MAR_119","MAR_1","UKA_21a","MAR",2015,"MOZ","Ryan C.","Woollen E.; ACES","circle",NA,NA,20,NA,NA,NA,NA,NA,5,NA,FALSE,NA,NA,NA,NA,NA,NA,FALSE,NA,NA,NA,NA,NA,NA,FALSE,NA,NA,NA,NA,NA,NA,FALSE,NA,TRUE,TRUE,TRUE,NA,NA,FALSE,NA,NA,FALSE,NA,NA,NA,36.99339,-15.063113,663.7,NA,NA,NA,NA,FALSE,NA,NA,NA,NA,0.01,"mirror_densitometer","Densiometer recordings in 4 directions for each plot (standing in the centre, face N, S, E, W). An average is taken of the four readings",NA,FALSE,NA,NA,NA,NA,NA,NA,NA,NA,NA,NA,NA,FALSE,FALSE,NA,NA,NA,NA,NA,NA,"stem",NA,TRUE,NA,NA,NA,NA,NA,NA,NA,NA,NA,NA,NA,NA,NA,NA,NA,NA,NA,NA,NA,NA,NA,NA,NA,NA,NA,NA,NA,NA,NA,NA,NA,NA,NA,NA,NA,NA,"30_moz_ryan_ACES_checkN.xlsx","30_mozambique_various_ACES_clean.csv","2017","https://doi.org/10.1111/j.1744-7429.2010.00713.x",FALSE,NA,0.125663706143592,NA,125.663706143592,29.9,5,8.94520547945205,7.3,5.42576264726112,8.94520547945205,7.3,5.42576264726112,18.2307692307692,17,7.35882515706874,26.3,28,3.62077339804633,73,0,NA,NA,NA,NA,NA,NA,NA,NA,NA,NA,NA,NA,NA,NA,NA,73,73,13,5,0,0,NA,73,63,"Diplorhynchus condylocarpon","Terminalia sericea","Pseudolachnostylis maprouneifolia","Cercidoideae indet","Julbernardia globiflora",0.246575342465753,0.232876712328767,0.136986301369863,0.123287671232877,0.0684931506849315,13,8.68407083105403,2.08132671716445,0.839932445111653,6.24736225087925,73,73,13,5,0.625241340713767,2.93401378289651,2.93401378289651,2.22038004844998,1.68591847677866,0.480566326990712,580.915542285418,580.915542285418,103.450713009732,39.7887357729738,4.9755125,23.3481398323865,23.3481398323865,17.6692230126718,13.4161129614641,-4.36196974042909,1.97773518032177,10.1607648822951,1.83722200626688,0.690839778117389,0.142698012198177,FALSE
"MAR_120","MAR_1","UKA_21b","MAR",2015,"MOZ","Ryan C.","Woollen E.; ACES","circle",NA,NA,20,NA,NA,NA,NA,NA,5,NA,FALSE,NA,NA,NA,NA,NA,NA,FALSE,NA,NA,NA,NA,NA,NA,FALSE,NA,NA,NA,NA,NA,NA,FALSE,NA,TRUE,TRUE,TRUE,NA,NA,FALSE,NA,NA,FALSE,NA,NA,NA,36.993413,-15.061309,655.2,NA,NA,NA,NA,FALSE,NA,NA,NA,NA,0.2625,"mirror_densitometer","Densiometer recordings in 4 directions for each plot (standing in the centre, face N, S, E, W). An average is taken of the four readings",NA,FALSE,NA,NA,NA,NA,NA,NA,NA,NA,NA,NA,NA,TRUE,FALSE,NA,NA,NA,NA,NA,NA,"stem",NA,TRUE,NA,NA,NA,NA,NA,NA,NA,NA,NA,NA,NA,NA,NA,NA,NA,NA,NA,NA,NA,NA,NA,NA,NA,NA,NA,NA,NA,NA,NA,NA,NA,NA,NA,NA,NA,NA,"30_moz_ryan_ACES_checkN.xlsx","30_mozambique_various_ACES_clean.csv","2017","https://doi.org/10.1111/j.1744-7429.2010.00713.x",FALSE,NA,0.125663706143592,NA,125.663706143592,30,5,11.7029411764706,9.3,5.86909361631634,11.7029411764706,9.3,5.86909361631634,17.1366666666667,16.35,4.69838441296091,23.0444444444444,22.2,2.85793243058295,68,0,NA,NA,NA,NA,NA,NA,NA,NA,NA,NA,NA,NA,NA,NA,NA,68,68,30,9,0,0,NA,68,43,"Diplorhynchus condylocarpon","Cercidoideae indet","Julbernardia globiflora","Pseudolachnostylis maprouneifolia","Strychnos indet",0.25,0.132352941176471,0.132352941176471,0.117647058823529,0.0882352941176471,16,10.6618403363615,2.34836638802459,0.872404844290657,7.83728813559322,68,68,30,9,0.912719059665809,4.52902023263839,4.52902023263839,3.98585527819265,2.21443983833869,0.489830508474576,541.126806512444,541.126806512444,238.732414637843,71.6197243913529,7.2631875,36.0407978693803,36.0407978693803,31.7184284986641,17.621952322561,-8.1450820845578,2.8044881970135,13.2926356791526,2.16049890829643,0.792176667550369,0.195003811409791,FALSE
"MAR_121","MAR_1","UKA_16a","MAR",2015,"MOZ","Ryan C.","Woollen E.; ACES","circle",NA,NA,20,NA,NA,NA,NA,NA,5,NA,FALSE,NA,NA,NA,NA,NA,NA,FALSE,NA,NA,NA,NA,NA,NA,FALSE,NA,NA,NA,NA,NA,NA,FALSE,NA,TRUE,TRUE,TRUE,NA,NA,FALSE,NA,NA,FALSE,NA,NA,NA,36.995054,-15.095333,674.96,NA,NA,NA,NA,FALSE,NA,NA,NA,NA,0.3725,"mirror_densitometer","Densiometer recordings in 4 directions for each plot (standing in the centre, face N, S, E, W). An average is taken of the four readings",NA,FALSE,NA,NA,NA,NA,NA,NA,NA,NA,NA,NA,NA,TRUE,FALSE,NA,NA,NA,NA,NA,NA,"stem",NA,TRUE,NA,NA,NA,NA,NA,NA,NA,NA,NA,NA,NA,NA,NA,NA,NA,NA,NA,NA,NA,NA,NA,NA,NA,NA,NA,NA,NA,NA,NA,NA,NA,NA,NA,NA,NA,NA,"30_moz_ryan_ACES_checkN.xlsx","30_mozambique_various_ACES_clean.csv","2017","https://doi.org/10.1111/j.1744-7429.2010.00713.x",FALSE,NA,0.125663706143592,NA,125.663706143592,33.1,5.1,11.9860810810811,10,6.51816698697173,11.9860810810811,10,6.51816698697173,17.0045945945946,15.1,5.71204409539595,25.3966666666667,24.2,5.1192382245799,74,0,NA,NA,NA,NA,NA,NA,NA,NA,NA,NA,NA,NA,NA,NA,NA,74,74,37,9,0,0,NA,63,55,"Julbernardia globiflora","Indet indet","Pseudolachnostylis maprouneifolia","Diplorhynchus condylocarpon","Dalbergia indet",0.216216216216216,0.148648648648649,0.135135135135135,0.108108108108108,0.0810810810810811,16,10.798651314078,2.39414281787951,0.883126369612856,8.55625,74,74,37,9,1.07857228883481,6.13477539123639,6.13477539123639,5.66551462977295,3.39818519837149,0.534765625,588.873289440013,588.873289440013,294.436644720006,71.6197243913529,8.5830055625,48.8189914136894,48.8189914136894,45.0847329243907,27.0418985931268,-7.77205429726152,0.70580531654324,13.6118645461495,1.99352959032905,0.84302728471229,0.168724561489953,FALSE
"MAR_122","MAR_1","UKA_17a","MAR",2015,"MOZ","Ryan C.","Woollen E.; ACES","circle",NA,NA,20,NA,NA,NA,NA,NA,5,NA,FALSE,NA,NA,NA,NA,NA,NA,FALSE,NA,NA,NA,NA,NA,NA,FALSE,NA,NA,NA,NA,NA,NA,FALSE,NA,TRUE,TRUE,TRUE,NA,NA,FALSE,NA,NA,FALSE,NA,NA,NA,37.006439,-15.092912,656.82,NA,NA,NA,NA,FALSE,NA,NA,NA,NA,0.5075,"mirror_densitometer","Densiometer recordings in 4 directions for each plot (standing in the centre, face N, S, E, W). An average is taken of the four readings",NA,FALSE,NA,NA,NA,NA,NA,NA,NA,NA,NA,NA,NA,TRUE,FALSE,NA,NA,NA,NA,NA,NA,"stem",NA,TRUE,NA,NA,NA,NA,NA,NA,NA,NA,NA,NA,NA,NA,NA,NA,NA,NA,NA,NA,NA,NA,NA,NA,NA,NA,NA,NA,NA,NA,NA,NA,NA,NA,NA,NA,NA,NA,"30_moz_ryan_ACES_checkN.xlsx","30_mozambique_various_ACES_clean.csv","2017","https://doi.org/10.1111/j.1744-7429.2010.00713.x",FALSE,NA,0.125663706143592,NA,125.663706143592,39.8,5,11.5084507042254,9.5,6.76893632662945,11.5084507042254,9.5,6.76893632662945,16.9181818181818,15.4,6.42536256493819,26.9142857142857,24.7,6.11839537009189,71,0,NA,NA,NA,NA,NA,NA,NA,NA,NA,NA,NA,NA,NA,NA,NA,71,71,33,7,0,0,NA,71,67,"Julbernardia globiflora","Vachellia robusta","Uapaca nitida","Dichrostachys cinerea","Diospyros kirkii",0.352112676056338,0.197183098591549,0.169014084507042,0.0563380281690141,0.0563380281690141,13,8.32203765066657,1.94723820787261,0.797857567942869,4.94700686947988,71,71,33,7,0.990453842888071,5.61235860721459,5.61235860721459,5.1358509084858,2.91665027164644,0.380538989959991,565.000047976228,565.000047976228,262.605656101627,55.7042300821634,7.88178125,44.6617307371274,44.6617307371274,40.8698029534258,23.2099654001425,-6.63168362699427,1.07621967895957,13.0598729406524,1.86012907547561,0.885565095681447,0.157876099473839,FALSE
"MAR_123","MAR_123","NKP_7a","MAR",2015,"MOZ","Ryan C.","Woollen E.; ACES","circle",NA,NA,20,NA,NA,NA,NA,NA,5,NA,FALSE,NA,NA,NA,NA,NA,NA,FALSE,NA,NA,NA,NA,NA,NA,FALSE,NA,NA,NA,NA,NA,NA,FALSE,NA,TRUE,TRUE,TRUE,NA,NA,FALSE,NA,NA,FALSE,NA,NA,NA,37.383515,-13.408128,751.69,NA,NA,NA,NA,FALSE,NA,NA,NA,NA,0.6775,"mirror_densitometer","Densiometer recordings in 4 directions for each plot (standing in the centre, face N, S, E, W). An average is taken of the four readings",NA,FALSE,NA,NA,NA,NA,NA,NA,NA,NA,NA,NA,NA,TRUE,FALSE,NA,NA,NA,NA,NA,NA,"stem",NA,TRUE,NA,NA,NA,NA,NA,NA,NA,NA,NA,NA,NA,NA,NA,NA,NA,NA,NA,NA,NA,NA,NA,NA,NA,NA,NA,NA,NA,NA,NA,NA,NA,NA,NA,NA,NA,NA,"30_moz_ryan_ACES_checkN.xlsx","30_mozambique_various_ACES_clean.csv","2017","https://doi.org/10.1111/j.1744-7429.2010.00713.x",FALSE,NA,0.125663706143592,NA,125.663706143592,29,5,9.8621052631579,8.2,4.65456887557081,9.8621052631579,8.2,4.65456887557081,14.8142857142857,13.7,4.09064984434849,23.2,22.5,2.95876422079991,190,0,NA,NA,NA,NA,NA,NA,NA,NA,NA,NA,NA,NA,NA,NA,NA,190,190,70,8,0,0,NA,179,160,"Diplorhynchus condylocarpon","Brachystegia spiciformis","Brachystegia boehmii","Julbernardia globiflora","Indet indet",0.152631578947368,0.105263157894737,0.0736842105263158,0.0631578947368421,0.0578947368421053,34,14.7725891682799,3.07578290527137,0.93590027700831,15.6006914433881,190,190,70,8,1.7729813759983,8.18780999689255,8.18780999689255,6.58838204187435,2.03320671510078,0.458843865982002,1511.97195937301,1511.97195937301,557.042300821634,63.6619772367581,14.1089375,65.1565217051342,65.1565217051342,52.4286784471089,16.1797449517962,-4.90873288471184,0.201690738040031,11.1834501055712,2.2568366029149,0.382321489407164,0.117065068772058,FALSE
"MAR_124","MAR_123","NKP_0a","MAR",2015,"MOZ","Ryan C.","Woollen E.; ACES","circle",NA,NA,20,NA,NA,NA,NA,NA,5,NA,FALSE,NA,NA,NA,NA,NA,NA,FALSE,NA,NA,NA,NA,NA,NA,FALSE,NA,NA,NA,NA,NA,NA,FALSE,NA,TRUE,TRUE,TRUE,NA,NA,FALSE,NA,NA,FALSE,NA,NA,NA,37.400956,-13.407528,728.5,NA,NA,NA,NA,FALSE,NA,NA,NA,NA,0.3675,"mirror_densitometer","Densiometer recordings in 4 directions for each plot (standing in the centre, face N, S, E, W). An average is taken of the four readings",NA,FALSE,NA,NA,NA,NA,NA,NA,NA,NA,NA,NA,NA,TRUE,FALSE,NA,NA,NA,NA,NA,NA,"stem",NA,TRUE,NA,NA,NA,NA,NA,NA,NA,NA,NA,NA,NA,NA,NA,NA,NA,NA,NA,NA,NA,NA,NA,NA,NA,NA,NA,NA,NA,NA,NA,NA,NA,NA,NA,NA,NA,NA,"30_moz_ryan_ACES_checkN.xlsx","30_mozambique_various_ACES_clean.csv","2017","https://doi.org/10.1111/j.1744-7429.2010.00713.x",FALSE,NA,0.125663706143592,NA,125.663706143592,30.2,5.3,9.42816901408451,8.5,4.5775596461306,9.42816901408451,8.5,4.5775596461306,14,12.15,5.15355512581195,29.15,29.15,1.48492424049175,71,0,NA,NA,NA,NA,NA,NA,NA,NA,NA,NA,NA,NA,NA,NA,NA,71,71,24,2,0,0,NA,64,47,"Hymenocardia acida","Uapaca indet","Indet indet","Brachystegia boehmii","Pseudolachnostylis maprouneifolia",0.267605633802817,0.211267605633803,0.0985915492957746,0.0845070422535211,0.0704225352112676,14,9.81568391197938,2.20911377217887,0.851815116048403,6.74832663989291,71,71,24,2,0.610882691490535,2.80752931688585,2.80752931688585,2.16928392174752,0.894381571597935,0.482023331420922,565.000047976228,565.000047976228,190.985931710274,15.9154943091895,4.86125,22.3416084328898,22.3416084328898,17.2626129557945,7.11726240650546,-3.99371444196123,0.509379097163022,10.6694362466304,2.16537772047164,0.622630795298808,0.170596761318984,FALSE
"MAR_125","MAR_123","NKP_7b","MAR",2015,"MOZ","Ryan C.","Woollen E.; ACES","circle",NA,NA,20,NA,NA,NA,NA,NA,5,NA,FALSE,NA,NA,NA,NA,NA,NA,FALSE,NA,NA,NA,NA,NA,NA,FALSE,NA,NA,NA,NA,NA,NA,FALSE,NA,TRUE,TRUE,TRUE,NA,NA,FALSE,NA,NA,FALSE,NA,NA,NA,37.385143,-13.405948,779.35,NA,NA,NA,NA,FALSE,NA,NA,NA,NA,0.8975,"mirror_densitometer","Densiometer recordings in 4 directions for each plot (standing in the centre, face N, S, E, W). An average is taken of the four readings",NA,FALSE,NA,NA,NA,NA,NA,NA,NA,NA,NA,NA,NA,TRUE,FALSE,NA,NA,NA,NA,NA,NA,"stem",NA,TRUE,NA,NA,NA,NA,NA,NA,NA,NA,NA,NA,NA,NA,NA,NA,NA,NA,NA,NA,NA,NA,NA,NA,NA,NA,NA,NA,NA,NA,NA,NA,NA,NA,NA,NA,NA,NA,"30_moz_ryan_ACES_checkN.xlsx","30_mozambique_various_ACES_clean.csv","2017","https://doi.org/10.1111/j.1744-7429.2010.00713.x",FALSE,NA,0.125663706143592,NA,125.663706143592,29.2,5,10.7447058823529,9.6,4.93751502749214,10.7447058823529,9.6,4.93751502749214,14.8353658536585,14.05,4.00451510454429,23.0333333333333,22.1,2.61629509039023,170,0,NA,NA,NA,NA,NA,NA,NA,NA,NA,NA,NA,NA,NA,NA,NA,170,170,82,9,0,0,NA,166,125,"Brachystegia spiciformis","Uapaca indet","Julbernardia globiflora","Pseudolachnostylis maprouneifolia","Uapaca kirkiana",0.294117647058824,0.241176470588235,0.0764705882352941,0.0470588235294118,0.0470588235294118,21,10.350540574839,2.32613210631532,0.838269896193772,6.18314077877621,170,170,82,9,1.86503318234114,9.07054893744692,9.07054893744692,7.95874051121277,2.44754495978033,0.294435275179819,1352.81701628111,1352.81701628111,652.535266676771,71.6197243913529,14.8414625,72.1811349975808,72.1811349975808,63.3336446572615,19.4769439394346,-6.20961233135889,0.711510395347382,12.1781187573936,2.33264621605269,0.424964740692312,0.132245197553056,FALSE
"MAR_126","MAR_123","NKP_0b","MAR",2015,"MOZ","Ryan C.","Woollen E.; ACES","circle",NA,NA,20,NA,NA,NA,NA,NA,5,NA,FALSE,NA,NA,NA,NA,NA,NA,FALSE,NA,NA,NA,NA,NA,NA,FALSE,NA,NA,NA,NA,NA,NA,FALSE,NA,TRUE,TRUE,TRUE,NA,NA,FALSE,NA,NA,FALSE,NA,NA,NA,37.402568,-13.405359,731.57,NA,NA,NA,NA,FALSE,NA,NA,NA,NA,0.6,"mirror_densitometer","Densiometer recordings in 4 directions for each plot (standing in the centre, face N, S, E, W). An average is taken of the four readings",NA,FALSE,NA,NA,NA,NA,NA,NA,NA,NA,NA,NA,NA,TRUE,FALSE,NA,NA,NA,NA,NA,NA,"stem",NA,TRUE,NA,NA,NA,NA,NA,NA,NA,NA,NA,NA,NA,NA,NA,NA,NA,NA,NA,NA,NA,NA,NA,NA,NA,NA,NA,NA,NA,NA,NA,NA,NA,NA,NA,NA,NA,NA,"30_moz_ryan_ACES_checkN.xlsx","30_mozambique_various_ACES_clean.csv","2017","https://doi.org/10.1111/j.1744-7429.2010.00713.x",FALSE,NA,0.125663706143592,NA,125.663706143592,47.9,5.2,13.6816513761468,12.7,7.17721659060441,13.6816513761468,12.7,7.17721659060441,17.1774647887324,15,6.56947915272042,25.8052631578947,23.6,6.61038523706872,109,0,NA,NA,NA,NA,NA,NA,NA,NA,NA,NA,NA,NA,NA,NA,NA,109,109,71,19,1,0,NA,109,107,"Brachystegia spiciformis","Julbernardia globiflora","Brachystegia boehmii","Uapaca nitida","Uapaca kirkiana",0.256880733944954,0.174311926605505,0.110091743119266,0.055045871559633,0.0458715596330275,21,11.5905035217581,2.50558017941526,0.876188872990489,8.07681849082257,109,109,71,19,2.03942691753272,11.814240893679,11.814240893679,11.2990713222722,7.11837078942259,0.384610404324884,867.394439850829,867.394439850829,565.000047976228,151.197195937301,16.22924375,94.0147418553709,94.0147418553709,89.9151526643747,56.6461948948781,-7.71046167402419,0.877847825464516,15.514560999991,2.04330469373974,0.771732489607618,0.139545120736265,FALSE
"MAR_127","MAR_123","NKP_16a","MAR",2015,"MOZ","Ryan C.","Woollen E.; ACES","circle",NA,NA,20,NA,NA,NA,NA,NA,5,NA,FALSE,NA,NA,NA,NA,NA,NA,FALSE,NA,NA,NA,NA,NA,NA,FALSE,NA,NA,NA,NA,NA,NA,FALSE,NA,TRUE,TRUE,TRUE,NA,NA,FALSE,NA,NA,FALSE,NA,NA,NA,37.39837,-13.394995,762.11,NA,NA,NA,NA,FALSE,NA,NA,NA,NA,0.8775,"mirror_densitometer","Densiometer recordings in 4 directions for each plot (standing in the centre, face N, S, E, W). An average is taken of the four readings",NA,FALSE,NA,NA,NA,NA,NA,NA,NA,NA,NA,NA,NA,TRUE,FALSE,NA,NA,NA,NA,NA,NA,"stem",NA,TRUE,NA,NA,NA,NA,NA,NA,NA,NA,NA,NA,NA,NA,NA,NA,NA,NA,NA,NA,NA,NA,NA,NA,NA,NA,NA,NA,NA,NA,NA,NA,NA,NA,NA,NA,NA,NA,"30_moz_ryan_ACES_checkN.xlsx","30_mozambique_various_ACES_clean.csv","2017","https://doi.org/10.1111/j.1744-7429.2010.00713.x",FALSE,NA,0.125663706143592,NA,125.663706143592,31.1,5,9.56994535519126,8.1,4.22085657382216,9.56994535519126,8.1,4.22085657382216,13.6736111111111,12.4,3.85088221300864,25.625,24.15,3.76419535447706,183,0,NA,NA,NA,NA,NA,NA,NA,NA,NA,NA,NA,NA,NA,NA,NA,183,183,72,4,0,0,NA,180,164,"Julbernardia globiflora","Brachystegia spiciformis","Brachystegia boehmii","Uapaca indet","Diplorhynchus condylocarpon",0.278688524590164,0.191256830601093,0.109289617486339,0.0655737704918033,0.0546448087431694,23,10.6616762924326,2.42212688506135,0.859386664277823,7.11170099808877,183,183,72,4,1.57097618297431,7.33079503217974,7.33079503217974,5.83042136571428,1.34750233095289,0.309204391221251,1456.26772929084,1456.26772929084,572.957795130823,31.8309886183791,12.50143125,58.3366133082458,58.3366133082458,46.3970190331014,10.7230828399502,-3.59582415225376,0.575310837039591,10.8147619501717,2.36833026203577,0.358837078993913,0.121390027525917,FALSE
"MAR_128","MAR_123","NKP_16b","MAR",2015,"MOZ","Ryan C.","Woollen E.; ACES","circle",NA,NA,20,NA,NA,NA,NA,NA,5,NA,FALSE,NA,NA,NA,NA,NA,NA,FALSE,NA,NA,NA,NA,NA,NA,FALSE,NA,NA,NA,NA,NA,NA,FALSE,NA,TRUE,TRUE,TRUE,NA,NA,FALSE,NA,NA,FALSE,NA,NA,NA,37.399996,-13.392806,767.61,NA,NA,NA,NA,FALSE,NA,NA,NA,NA,NA,"mirror_densitometer","Densiometer recordings in 4 directions for each plot (standing in the centre, face N, S, E, W). An average is taken of the four readings",NA,FALSE,NA,NA,NA,NA,NA,NA,NA,NA,NA,NA,NA,TRUE,FALSE,NA,NA,NA,NA,NA,NA,"stem",NA,TRUE,NA,NA,NA,NA,NA,NA,NA,NA,NA,NA,NA,NA,NA,NA,NA,NA,NA,NA,NA,NA,NA,NA,NA,NA,NA,NA,NA,NA,NA,NA,NA,NA,NA,NA,NA,NA,"30_moz_ryan_ACES_checkN.xlsx","30_mozambique_various_ACES_clean.csv","2017","https://doi.org/10.1111/j.1744-7429.2010.00713.x",FALSE,NA,0.125663706143592,NA,125.663706143592,34.9,5.2,11.9327868852459,9.4,6.39845594265324,11.9327868852459,9.4,6.39845594265324,16.6466666666667,14.05,6.16365692318016,25.66875,25.8,3.73768533542708,122,0,NA,NA,NA,NA,NA,NA,NA,NA,NA,NA,NA,NA,NA,NA,NA,122,122,60,16,0,0,NA,119,116,"Brachystegia boehmii","Boscia angustifolia","Diplorhynchus condylocarpon","Dalbergia melanoxylon","Julbernardia globiflora",0.30327868852459,0.147540983606557,0.0983606557377049,0.0819672131147541,0.0573770491803279,25,11.2023320909472,2.47216145813539,0.859312012899758,7.10792741165234,122,122,60,16,1.7534422404893,10.5473170018385,10.5473170018385,9.56939948547062,6.21366600085139,0.284317096466094,970.845152860561,970.845152860561,477.464829275686,127.323954473516,13.95345,83.9328818599897,83.9328818599897,76.1508615266845,49.4467829378774,-7.72083164701162,1.70912392285137,13.5585158749677,2.01913005213523,0.646662753162259,0.13131204366142,FALSE
"MAR_129","MAR_123","NKP_17a","MAR",2015,"MOZ","Ryan C.","Woollen E.; ACES","circle",NA,NA,20,NA,NA,NA,NA,NA,5,NA,FALSE,NA,NA,NA,NA,NA,NA,FALSE,NA,NA,NA,NA,NA,NA,FALSE,NA,NA,NA,NA,NA,NA,FALSE,NA,TRUE,TRUE,TRUE,NA,NA,FALSE,NA,NA,FALSE,NA,NA,NA,37.414367,-13.389484,737.49,NA,NA,NA,NA,FALSE,NA,NA,NA,NA,0.85,"mirror_densitometer","Densiometer recordings in 4 directions for each plot (standing in the centre, face N, S, E, W). An average is taken of the four readings",NA,FALSE,NA,NA,NA,NA,NA,NA,NA,NA,NA,NA,NA,FALSE,FALSE,NA,NA,NA,NA,NA,NA,"stem",NA,TRUE,NA,NA,NA,NA,NA,NA,NA,NA,NA,NA,NA,NA,NA,NA,NA,NA,NA,NA,NA,NA,NA,NA,NA,NA,NA,NA,NA,NA,NA,NA,NA,NA,NA,NA,NA,NA,"30_moz_ryan_ACES_checkN.xlsx","30_mozambique_various_ACES_clean.csv","2017","https://doi.org/10.1111/j.1744-7429.2010.00713.x",FALSE,NA,0.125663706143592,NA,125.663706143592,36.2,5.3,15.1571428571429,14.75,7.7862783067477,15.1571428571429,14.75,7.7862783067477,19.8852941176471,17.65,6.44562959065787,26.3928571428571,25.3,4.38852775132798,56,0,NA,NA,NA,NA,NA,NA,NA,NA,NA,NA,NA,NA,NA,NA,NA,56,56,34,14,0,0,NA,56,54,"Brachystegia spiciformis","Pseudolachnostylis maprouneifolia","Brachystegia boehmii","Diplorhynchus condylocarpon","Julbernardia globiflora",0.196428571428571,0.178571428571429,0.125,0.125,0.0892857142857143,15,10.6180867419345,2.33969649238682,0.879464285714286,8.2962962962963,56,56,34,14,1.27233088753693,7.76922883666884,7.76922883666884,7.35328875656805,5.43789337803982,0.553086419753086,445.633840657307,445.633840657307,270.563403256222,111.408460164327,10.1248875,61.8255586683971,61.8255586683971,58.5156126794931,43.2733805560861,-10.1239809951197,2.55680803623345,17.2118095128467,2.11402077686755,1.15307060869554,0.215173139529425,FALSE
"MAR_130","MAR_123","NKP_17b","MAR",2015,"MOZ","Ryan C.","Woollen E.; ACES","circle",NA,NA,20,NA,NA,NA,NA,NA,5,NA,FALSE,NA,NA,NA,NA,NA,NA,FALSE,NA,NA,NA,NA,NA,NA,FALSE,NA,NA,NA,NA,NA,NA,FALSE,NA,TRUE,TRUE,TRUE,NA,NA,FALSE,NA,NA,FALSE,NA,NA,NA,37.416009,-13.38732,742.48,NA,NA,NA,NA,FALSE,NA,NA,NA,NA,0.31,"mirror_densitometer","Densiometer recordings in 4 directions for each plot (standing in the centre, face N, S, E, W). An average is taken of the four readings",NA,FALSE,NA,NA,NA,NA,NA,NA,NA,NA,NA,NA,NA,TRUE,FALSE,NA,NA,NA,NA,NA,NA,"stem",NA,TRUE,NA,NA,NA,NA,NA,NA,NA,NA,NA,NA,NA,NA,NA,NA,NA,NA,NA,NA,NA,NA,NA,NA,NA,NA,NA,NA,NA,NA,NA,NA,NA,NA,NA,NA,NA,NA,"30_moz_ryan_ACES_checkN.xlsx","30_mozambique_various_ACES_clean.csv","2017","https://doi.org/10.1111/j.1744-7429.2010.00713.x",FALSE,NA,0.125663706143592,NA,125.663706143592,26.2,5,11.1048192771084,10,4.9015404152726,11.1048192771084,10,4.9015404152726,14.7952380952381,12.85,4.18370546350273,24.02,24.3,1.81438694880668,83,0,NA,NA,NA,NA,NA,NA,NA,NA,NA,NA,NA,NA,NA,NA,NA,83,83,42,5,0,0,NA,83,69,"Julbernardia globiflora","Pseudolachnostylis maprouneifolia","Monotes engleri","Terminalia indet","Brachystegia boehmii",0.349397590361446,0.132530120481928,0.120481927710843,0.120481927710843,0.072289156626506,17,9.28109567005969,2.13363940230114,0.821019015822325,5.58718572587186,83,83,42,5,0.958607518158631,4.96519183009214,4.96519183009214,4.30572195023907,1.40706508293641,0.328657983874815,660.493013831366,660.493013831366,334.22538049298,39.7887357729738,7.62835625,39.5117411579329,39.5117411579329,34.2638465979912,11.1970681600669,-5.91818104031785,0.594455782815059,12.5628665634353,2.41472995643812,0.606179831150192,0.193033635545525,FALSE
"MAR_131","MAR_123","NKP_4a","MAR",2015,"MOZ","Ryan C.","Woollen E.; ACES","circle",NA,NA,20,NA,NA,NA,NA,NA,5,NA,FALSE,NA,NA,NA,NA,NA,NA,FALSE,NA,NA,NA,NA,NA,NA,FALSE,NA,NA,NA,NA,NA,NA,FALSE,NA,TRUE,TRUE,TRUE,NA,NA,FALSE,NA,NA,FALSE,NA,NA,NA,37.380545,-13.378111,772.519999999999,NA,NA,NA,NA,FALSE,NA,NA,NA,NA,0.4275,"mirror_densitometer","Densiometer recordings in 4 directions for each plot (standing in the centre, face N, S, E, W). An average is taken of the four readings",NA,FALSE,NA,NA,NA,NA,NA,NA,NA,NA,NA,NA,NA,TRUE,FALSE,NA,NA,NA,NA,NA,NA,"stem",NA,TRUE,NA,NA,NA,NA,NA,NA,NA,NA,NA,NA,NA,NA,NA,NA,NA,NA,NA,NA,NA,NA,NA,NA,NA,NA,NA,NA,NA,NA,NA,NA,NA,NA,NA,NA,NA,NA,"30_moz_ryan_ACES_checkN.xlsx","30_mozambique_various_ACES_clean.csv","2017","https://doi.org/10.1111/j.1744-7429.2010.00713.x",FALSE,NA,0.125663706143592,NA,125.663706143592,24.5,5,10.3868852459016,8.5,5.21796497400523,10.3868852459016,8.5,5.21796497400523,15.525,13.6,4.76757617754511,22.45,21.95,1.52676127799994,61,0,NA,NA,NA,NA,NA,NA,NA,NA,NA,NA,NA,NA,NA,NA,NA,61,61,24,6,0,0,NA,61,58,"Monotes engleri","Faurea rochetiana","Parinari curatellifolia","Brachystegia boehmii","Pseudolachnostylis maprouneifolia",0.344262295081967,0.163934426229508,0.114754098360656,0.0819672131147541,0.0655737704918033,14,9.51977857066164,2.10837340080777,0.822897070679925,5.6464339908953,61,61,24,6,0.645185741675082,3.2642382154202,3.2642382154202,2.72877125572575,1.36240822383802,0.403316713635378,485.422576430281,485.422576430281,190.985931710274,47.7464829275686,5.134225,25.9759823706796,25.9759823706796,21.7148716957916,10.8417001666435,-6.44302691998469,2.08825495054538,11.8004551911267,2.15421000573761,0.746114884311162,0.200126433291328,FALSE
"MAR_132","MAR_123","NKP_4b","MAR",2015,"MOZ","Ryan C.","Woollen E.; ACES","circle",NA,NA,20,NA,NA,NA,NA,NA,5,NA,FALSE,NA,NA,NA,NA,NA,NA,FALSE,NA,NA,NA,NA,NA,NA,FALSE,NA,NA,NA,NA,NA,NA,FALSE,NA,TRUE,TRUE,TRUE,NA,NA,FALSE,NA,NA,FALSE,NA,NA,NA,37.382164,-13.375935,788.73,NA,NA,NA,NA,FALSE,NA,NA,NA,NA,0.69,"mirror_densitometer","Densiometer recordings in 4 directions for each plot (standing in the centre, face N, S, E, W). An average is taken of the four readings",NA,FALSE,NA,NA,NA,NA,NA,NA,NA,NA,NA,NA,NA,TRUE,FALSE,NA,NA,NA,NA,NA,NA,"stem",NA,TRUE,NA,NA,NA,NA,NA,NA,NA,NA,NA,NA,NA,NA,NA,NA,NA,NA,NA,NA,NA,NA,NA,NA,NA,NA,NA,NA,NA,NA,NA,NA,NA,NA,NA,NA,NA,NA,"30_moz_ryan_ACES_checkN.xlsx","30_mozambique_various_ACES_clean.csv","2017","https://doi.org/10.1111/j.1744-7429.2010.00713.x",FALSE,NA,0.125663706143592,NA,125.663706143592,40.3,5.4,14.6971830985915,13,7.17577217011692,14.6971830985915,13,7.17577217011692,16.9703703703704,14.35,6.74449124281354,26.4214285714286,24.1,6.16044186370133,71,0,NA,NA,NA,NA,NA,NA,NA,NA,NA,NA,NA,NA,NA,NA,NA,71,71,54,14,1,0,NA,66,62,"Uapaca kirkiana","Brachystegia spiciformis","Diplorhynchus condylocarpon","Indet indet","Parinari curatellifolia",0.352112676056338,0.140845070422535,0.0845070422535211,0.0704225352112676,0.0563380281690141,16,10.4644691136128,2.23258967093552,0.830787542154334,5.90973036342321,71,71,54,14,1.48761716350396,8.59954653928726,8.59954653928726,8.33525876142916,5.49393071178365,0.369358147713951,565.000047976228,565.000047976228,429.718346348117,111.408460164327,11.83808125,68.4330170038185,68.4330170038185,66.329881691574,43.7193114892371,-8.50862191887997,2.33458942857287,16.6608503901306,2.19057063446017,0.958518973462376,0.18653707208487,FALSE
"MAR_133","MAR_123","CCS_1a","MAR",2015,"MOZ","Ryan C.","Woollen E.; ACES","circle",NA,NA,20,NA,NA,NA,NA,NA,5,NA,FALSE,NA,NA,NA,NA,NA,NA,FALSE,NA,NA,NA,NA,NA,NA,FALSE,NA,NA,NA,NA,NA,NA,FALSE,NA,TRUE,TRUE,TRUE,NA,NA,FALSE,NA,NA,FALSE,NA,NA,NA,37.406821,-13.374807,768.639999999999,NA,NA,NA,NA,FALSE,NA,NA,NA,NA,0.3775,"mirror_densitometer","Densiometer recordings in 4 directions for each plot (standing in the centre, face N, S, E, W). An average is taken of the four readings",NA,FALSE,NA,NA,NA,NA,NA,NA,NA,NA,NA,NA,NA,TRUE,FALSE,NA,NA,NA,NA,NA,NA,"stem",NA,TRUE,NA,NA,NA,NA,NA,NA,NA,NA,NA,NA,NA,NA,NA,NA,NA,NA,NA,NA,NA,NA,NA,NA,NA,NA,NA,NA,NA,NA,NA,NA,NA,NA,NA,NA,NA,NA,"30_moz_ryan_ACES_checkN.xlsx","30_mozambique_various_ACES_clean.csv","2017","https://doi.org/10.1111/j.1744-7429.2010.00713.x",FALSE,NA,0.125663706143592,NA,125.663706143592,38.7,5,9.22121212121212,7.3,5.32443870237622,9.22121212121212,7.3,5.32443870237622,15.351724137931,14.1,6.24423280713922,26.06,24.7,7.43659868488276,99,0,NA,NA,NA,NA,NA,NA,NA,NA,NA,NA,NA,NA,NA,NA,NA,99,99,29,5,0,0,NA,98,83,"Brachystegia boehmii","Pseudolachnostylis maprouneifolia","Pterocarpus angolensis","Strychnos indet","Parinari curatellifolia",0.333333333333333,0.0909090909090909,0.0606060606060606,0.0606060606060606,0.0505050505050505,25,12.6849943039025,2.59092530272455,0.859912253851648,7.13838310269483,99,99,29,5,0.879356131082848,4.40503775013533,4.40503775013533,3.59248236556467,1.94829171371722,0.285535324107793,787.816968304882,787.816968304882,230.774667483248,39.7887357729738,6.99769375,35.0541766220219,35.0541766220219,28.5880663225041,15.5040128411538,-4.4866506160498,0.579250179065108,10.4633027416877,1.89444110672515,0.5912332235058,0.127073997405419,FALSE
"MAR_134","MAR_123","CCS_13a","MAR",2015,"MOZ","Ryan C.","Woollen E.; ACES","circle",NA,NA,20,NA,NA,NA,NA,NA,5,NA,FALSE,NA,NA,NA,NA,NA,NA,FALSE,NA,NA,NA,NA,NA,NA,FALSE,NA,NA,NA,NA,NA,NA,FALSE,NA,TRUE,TRUE,TRUE,NA,NA,FALSE,NA,NA,FALSE,NA,NA,NA,37.410778,-13.373121,755.37,NA,NA,NA,NA,FALSE,NA,NA,NA,NA,0.0625,"mirror_densitometer","Densiometer recordings in 4 directions for each plot (standing in the centre, face N, S, E, W). An average is taken of the four readings",NA,FALSE,NA,NA,NA,NA,NA,NA,NA,NA,NA,NA,NA,TRUE,FALSE,NA,NA,NA,NA,NA,NA,"stem",NA,TRUE,NA,NA,NA,NA,NA,NA,NA,NA,NA,NA,NA,NA,NA,NA,NA,NA,NA,NA,NA,NA,NA,NA,NA,NA,NA,NA,NA,NA,NA,NA,NA,NA,NA,NA,NA,NA,"30_moz_ryan_ACES_checkN.xlsx","30_mozambique_various_ACES_clean.csv","2017","https://doi.org/10.1111/j.1744-7429.2010.00713.x",FALSE,NA,0.125663706143592,NA,125.663706143592,25.6,5.2,11.8166666666667,10.65,5.32483501383172,11.8166666666667,10.65,5.32483501383172,14.9606060606061,13.1,4.44360069326803,21.8,21,2.10792156716832,54,0,NA,NA,NA,NA,NA,NA,NA,NA,NA,NA,NA,NA,NA,NA,NA,54,54,33,7,0,0,NA,54,51,"Bobgunnia madagascariensis","Brachystegia spiciformis","Burkea africana","Vachellia amythethophylla","Brachystegia boehmii",0.148148148148148,0.12962962962963,0.111111111111111,0.0925925925925926,0.0740740740740741,16,12.4118823911549,2.57341480761665,0.912208504801097,11.390625,54,54,33,7,0.710233202965822,3.6075098029929,3.6075098029929,3.33192295217818,1.51850713494821,0.7119140625,429.718346348117,429.718346348117,262.605656101627,55.7042300821634,5.65185625,28.7076508699395,28.7076508699395,26.5146003920249,12.083895832366,-7.12298564868756,2.98669661279596,13.3862030589806,2.40670127077148,0.802575116642332,0.247145992169977,FALSE
"MAR_135","MAR_123","CCS_6a","MAR",2015,"MOZ","Ryan C.","Woollen E.; ACES","circle",NA,NA,20,NA,NA,NA,NA,NA,5,NA,FALSE,NA,NA,NA,NA,NA,NA,FALSE,NA,NA,NA,NA,NA,NA,FALSE,NA,NA,NA,NA,NA,NA,FALSE,NA,TRUE,TRUE,TRUE,NA,NA,FALSE,NA,NA,FALSE,NA,NA,NA,37.410883,-13.371005,768.259999999999,NA,NA,NA,NA,FALSE,NA,NA,NA,NA,0.04,"mirror_densitometer","Densiometer recordings in 4 directions for each plot (standing in the centre, face N, S, E, W). An average is taken of the four readings",NA,FALSE,NA,NA,NA,NA,NA,NA,NA,NA,NA,NA,NA,TRUE,FALSE,NA,NA,NA,NA,NA,NA,"stem",NA,TRUE,NA,NA,NA,NA,NA,NA,NA,NA,NA,NA,NA,NA,NA,NA,NA,NA,NA,NA,NA,NA,NA,NA,NA,NA,NA,NA,NA,NA,NA,NA,NA,NA,NA,NA,NA,NA,"30_moz_ryan_ACES_checkN.xlsx","30_mozambique_various_ACES_clean.csv","2017","https://doi.org/10.1111/j.1744-7429.2010.00713.x",FALSE,NA,0.125663706143592,NA,125.663706143592,33.5,5,10.1166666666667,8.1,6.4901904000246,10.1166666666667,8.1,6.4901904000246,15.8928571428571,12.7,7.16481405477912,26.7333333333333,26.7,6.75006172811281,36,0,NA,NA,NA,NA,NA,NA,NA,NA,NA,NA,NA,NA,NA,NA,NA,36,36,14,3,0,0,NA,36,35,"Brachystegia boehmii","Bobgunnia madagascariensis","Hymenocardia acida","Brachystegia spiciformis","Monotes engleri",0.416666666666667,0.166666666666667,0.138888888888889,0.0555555555555556,0.0555555555555556,10,8.51441033402608,1.81748053630523,0.766975308641975,4.29139072847682,36,36,14,3,0.405169633737149,2.18046075502369,2.18046075502369,1.93430646928897,1.14238879591587,0.429139072847682,286.478897565412,286.478897565412,111.408460164327,23.8732414637843,3.2242375,17.3515553689953,17.3515553689953,15.3927218020986,9.09084119014045,-5.01859746654413,0.044749638766108,11.4762583523912,1.75342112941869,1.16187027458359,0.20364573156797,FALSE
"MAR_136","MAR_123","CCS_13b","MAR",2015,"MOZ","Ryan C.","Woollen E.; ACES","circle",NA,NA,20,NA,NA,NA,NA,NA,5,NA,FALSE,NA,NA,NA,NA,NA,NA,FALSE,NA,NA,NA,NA,NA,NA,FALSE,NA,NA,NA,NA,NA,NA,FALSE,NA,TRUE,TRUE,TRUE,NA,NA,FALSE,NA,NA,FALSE,NA,NA,NA,37.410789,-13.370005,769.96,NA,NA,NA,NA,FALSE,NA,NA,NA,NA,0.02,"mirror_densitometer","Densiometer recordings in 4 directions for each plot (standing in the centre, face N, S, E, W). An average is taken of the four readings",NA,FALSE,NA,NA,NA,NA,NA,NA,NA,NA,NA,NA,NA,TRUE,FALSE,NA,NA,NA,NA,NA,NA,"stem",NA,TRUE,NA,NA,NA,NA,NA,NA,NA,NA,NA,NA,NA,NA,NA,NA,NA,NA,NA,NA,NA,NA,NA,NA,NA,NA,NA,NA,NA,NA,NA,NA,NA,NA,NA,NA,NA,NA,"30_moz_ryan_ACES_checkN.xlsx","30_mozambique_various_ACES_clean.csv","2017","https://doi.org/10.1111/j.1744-7429.2010.00713.x",FALSE,NA,0.125663706143592,NA,125.663706143592,20,5,10,9.8,3.46711256887015,10,9.8,3.46711256887015,12.7826086956522,12.2,2.59819030969163,20,20,NA,47,0,NA,NA,NA,NA,NA,NA,NA,NA,NA,NA,NA,NA,NA,NA,NA,47,47,23,1,0,0,NA,44,44,"Brachystegia boehmii","Pseudolachnostylis maprouneifolia","Burkea africana","Brachystegia spiciformis","Hymenocardia acida",0.297872340425532,0.106382978723404,0.0851063829787234,0.0638297872340425,0.0638297872340425,14,11.4216227400643,2.33573830310059,0.865550022634676,7.43771043771044,47,47,23,1,0.412566513640026,1.78962687906362,1.78962687906362,1.43476081314754,0.153107428626415,0.531265031265031,374.014116265954,374.014116265954,183.02818455568,7.95774715459477,3.2831,14.2413982046548,14.2413982046548,11.4174637783489,1.21839020449918,-4.83787576409206,1.89622172489289,11.1879928074638,3.10065372032105,0.557717177800722,0.336276408851684,FALSE
"MAR_137","MAR_123","CCS_19a","MAR",2015,"MOZ","Ryan C.","Woollen E.; ACES","circle",NA,NA,20,NA,NA,NA,NA,NA,5,NA,FALSE,NA,NA,NA,NA,NA,NA,FALSE,NA,NA,NA,NA,NA,NA,FALSE,NA,NA,NA,NA,NA,NA,FALSE,NA,TRUE,TRUE,TRUE,NA,NA,FALSE,NA,NA,FALSE,NA,NA,NA,37.427826,-13.369503,803.72,NA,NA,NA,NA,FALSE,NA,NA,NA,NA,0.61,"mirror_densitometer","Densiometer recordings in 4 directions for each plot (standing in the centre, face N, S, E, W). An average is taken of the four readings",NA,FALSE,NA,NA,NA,NA,NA,NA,NA,NA,NA,NA,NA,FALSE,FALSE,NA,NA,NA,NA,NA,NA,"stem",NA,TRUE,NA,NA,NA,NA,NA,NA,NA,NA,NA,NA,NA,NA,NA,NA,NA,NA,NA,NA,NA,NA,NA,NA,NA,NA,NA,NA,NA,NA,NA,NA,NA,NA,NA,NA,NA,NA,"30_moz_ryan_ACES_checkN.xlsx","30_mozambique_various_ACES_clean.csv","2017","https://doi.org/10.1111/j.1744-7429.2010.00713.x",FALSE,NA,0.125663706143592,NA,125.663706143592,35,5,9.84102564102564,7.9,5.01049164505829,9.84102564102564,7.9,5.01049164505829,15.0441860465116,13.9,4.7321243757344,24.0833333333333,22.55,5.50723766208311,117,0,NA,NA,NA,NA,NA,NA,NA,NA,NA,NA,NA,NA,NA,NA,NA,117,117,43,6,0,0,NA,116,108,"Uapaca kirkiana","Syzygium guineense","Julbernardia globiflora","Berchemia zeyheri","Bobgunnia madagascariensis",0.256410256410256,0.188034188034188,0.0854700854700855,0.0769230769230769,0.0769230769230769,16,10.0579946441397,2.30736475552764,0.86565855796625,7.44371941272431,117,117,43,6,1.11865359970127,5.41129083049438,5.41129083049438,4.48945884782953,1.7969442663575,0.465232463295269,931.056417087588,931.056417087588,342.183127647575,47.7464829275686,8.9019625,43.0616842090514,43.0616842090514,35.7259783719857,14.2996281225718,-5.34553713890451,0.456960566370708,11.1645809372568,2.1001572725065,0.522728824144983,0.134974897558905,FALSE
"MAR_138","MAR_123","CCS_3a","MAR",2015,"MOZ","Ryan C.","Woollen E.; ACES","circle",NA,NA,20,NA,NA,NA,NA,NA,5,NA,FALSE,NA,NA,NA,NA,NA,NA,FALSE,NA,NA,NA,NA,NA,NA,FALSE,NA,NA,NA,NA,NA,NA,FALSE,NA,TRUE,TRUE,TRUE,NA,NA,FALSE,NA,NA,FALSE,NA,NA,NA,37.414477,-13.367764,761.309999999999,NA,NA,NA,NA,FALSE,NA,NA,NA,NA,0.4925,"mirror_densitometer","Densiometer recordings in 4 directions for each plot (standing in the centre, face N, S, E, W). An average is taken of the four readings",NA,FALSE,NA,NA,NA,NA,NA,NA,NA,NA,NA,NA,NA,TRUE,FALSE,NA,NA,NA,NA,NA,NA,"stem",NA,TRUE,NA,NA,NA,NA,NA,NA,NA,NA,NA,NA,NA,NA,NA,NA,NA,NA,NA,NA,NA,NA,NA,NA,NA,NA,NA,NA,NA,NA,NA,NA,NA,NA,NA,NA,NA,NA,"30_moz_ryan_ACES_checkN.xlsx","30_mozambique_various_ACES_clean.csv","2017","https://doi.org/10.1111/j.1744-7429.2010.00713.x",FALSE,NA,0.125663706143592,NA,125.663706143592,37.9,5,12.983606557377,11.1,7.53045329153274,12.983606557377,11.1,7.53045329153274,17.6735294117647,15.85,7.08897175189101,27.5222222222222,29,6.00599237798754,61,0,NA,NA,NA,NA,NA,NA,NA,NA,NA,NA,NA,NA,NA,NA,NA,61,61,34,9,0,0,NA,57,55,"Brachystegia spiciformis","Pseudolachnostylis maprouneifolia","Brachystegia boehmii","Burkea africana","Indet indet",0.180327868852459,0.163934426229508,0.131147540983607,0.0655737704918033,0.0655737704918033,21,13.0238891161322,2.64193557887496,0.902445579145391,10.2506887052342,61,61,34,9,1.07485508572125,6.17996029127669,6.17996029127669,5.80775448961632,3.82563941971615,0.488128033582579,485.422576430281,485.422576430281,270.563403256222,71.6197243913529,8.553425,49.1785614234157,49.1785614234157,46.2166417643293,30.4434712067518,-8.42519988322943,0.791533708442004,14.7364268836142,1.88225935684663,1.06489808593165,0.175217581893512,FALSE
"MAR_139","MAR_123","CCS_19b","MAR",2015,"MOZ","Ryan C.","Woollen E.; ACES","circle",NA,NA,20,NA,NA,NA,NA,NA,5,NA,FALSE,NA,NA,NA,NA,NA,NA,FALSE,NA,NA,NA,NA,NA,NA,FALSE,NA,NA,NA,NA,NA,NA,FALSE,NA,TRUE,TRUE,TRUE,NA,NA,FALSE,NA,NA,FALSE,NA,NA,NA,37.427873,-13.366429,798.82,NA,NA,NA,NA,FALSE,NA,NA,NA,NA,0.7025,"mirror_densitometer","Densiometer recordings in 4 directions for each plot (standing in the centre, face N, S, E, W). An average is taken of the four readings",NA,FALSE,NA,NA,NA,NA,NA,NA,NA,NA,NA,NA,NA,TRUE,FALSE,NA,NA,NA,NA,NA,NA,"stem",NA,TRUE,NA,NA,NA,NA,NA,NA,NA,NA,NA,NA,NA,NA,NA,NA,NA,NA,NA,NA,NA,NA,NA,NA,NA,NA,NA,NA,NA,NA,NA,NA,NA,NA,NA,NA,NA,NA,"30_moz_ryan_ACES_checkN.xlsx","30_mozambique_various_ACES_clean.csv","2017","https://doi.org/10.1111/j.1744-7429.2010.00713.x",FALSE,NA,0.125663706143592,NA,125.663706143592,51.7,5,13.8564814814815,12.05,7.96654538983191,13.8564814814815,12.05,7.96654538983191,17.7701492537313,15.3,7.7946760176296,27.155,24.7,8.01147039529803,108,0,NA,NA,NA,NA,NA,NA,NA,NA,NA,NA,NA,NA,NA,NA,NA,108,108,67,20,1,0,NA,107,103,"Pseudolachnostylis maprouneifolia","Brachystegia spiciformis","Diplorhynchus condylocarpon","Diospyros kirkii","Bridelia cathartica",0.194444444444444,0.101851851851852,0.101851851851852,0.0833333333333333,0.0648148148148148,27,13.9408706350647,2.86967153438579,0.91838134430727,12.2521008403361,108,108,67,20,2.1619710221713,13.8177102667206,13.8177102667206,13.143817532596,9.32082336177022,0.453781512605042,859.436692696235,859.436692696235,533.169059357849,159.154943091895,17.20441875,109.957844558011,109.957844558011,104.595176570528,74.1727555856074,-9.45197914399397,0.476543678294508,15.7179544834892,1.89081901144999,0.849985637415949,0.127993890595272,FALSE
"MAR_140","MAR_123","CCS_3b","MAR",2015,"MOZ","Ryan C.","Woollen E.; ACES","circle",NA,NA,20,NA,NA,NA,NA,NA,5,NA,FALSE,NA,NA,NA,NA,NA,NA,FALSE,NA,NA,NA,NA,NA,NA,FALSE,NA,NA,NA,NA,NA,NA,FALSE,NA,TRUE,TRUE,TRUE,NA,NA,FALSE,NA,NA,FALSE,NA,NA,NA,37.414471,-13.364697,760.58,NA,NA,NA,NA,FALSE,NA,NA,NA,NA,0.49,"mirror_densitometer","Densiometer recordings in 4 directions for each plot (standing in the centre, face N, S, E, W). An average is taken of the four readings",NA,FALSE,NA,NA,NA,NA,NA,NA,NA,NA,NA,NA,NA,TRUE,FALSE,NA,NA,NA,NA,NA,NA,"stem",NA,TRUE,NA,NA,NA,NA,NA,NA,NA,NA,NA,NA,NA,NA,NA,NA,NA,NA,NA,NA,NA,NA,NA,NA,NA,NA,NA,NA,NA,NA,NA,NA,NA,NA,NA,NA,NA,NA,"30_moz_ryan_ACES_checkN.xlsx","30_mozambique_various_ACES_clean.csv","2017","https://doi.org/10.1111/j.1744-7429.2010.00713.x",FALSE,NA,0.125663706143592,NA,125.663706143592,39.3,5,12.99625,10.95,6.97626071814944,12.99625,10.95,6.97626071814944,16.9765957446808,14.9,6.58827063031281,26.4166666666667,26.4,5.14195458650667,80,0,NA,NA,NA,NA,NA,NA,NA,NA,NA,NA,NA,NA,NA,NA,NA,80,80,47,12,0,0,NA,75,72,"Uapaca kirkiana","Brachystegia spiciformis","Brachystegia boehmii","Julbernardia globiflora","Indet indet",0.275,0.125,0.1,0.075,0.0625,19,12.0027427712397,2.50861763779361,0.8784375,8.22622107969152,80,80,47,12,1.36321480681079,7.69125780618266,7.69125780618266,7.21242426476899,4.54470738389082,0.43295900419429,636.619772367581,636.619772367581,374.014116265954,95.4929658551372,10.84811875,61.2050849224048,61.2050849224048,57.3946486706957,36.165632252623,-9.02559067106169,1.75037704080543,14.7615618065212,2.01772315613749,0.869226986300344,0.163091689974585,FALSE
"MAR_141","MAR_123","NKP_1a","MAR",2015,"MOZ","Ryan C.","Woollen E.; ACES","circle",NA,NA,20,NA,NA,NA,NA,NA,5,NA,FALSE,NA,NA,NA,NA,NA,NA,FALSE,NA,NA,NA,NA,NA,NA,FALSE,NA,NA,NA,NA,NA,NA,FALSE,NA,TRUE,TRUE,TRUE,NA,NA,FALSE,NA,NA,FALSE,NA,NA,NA,37.386087,-13.362556,797.659999999999,NA,NA,NA,NA,FALSE,NA,NA,NA,NA,0.16,"mirror_densitometer","Densiometer recordings in 4 directions for each plot (standing in the centre, face N, S, E, W). An average is taken of the four readings",NA,FALSE,NA,NA,NA,NA,NA,NA,NA,NA,NA,NA,NA,TRUE,FALSE,NA,NA,NA,NA,NA,NA,"stem",NA,TRUE,NA,NA,NA,NA,NA,NA,NA,NA,NA,NA,NA,NA,NA,NA,NA,NA,NA,NA,NA,NA,NA,NA,NA,NA,NA,NA,NA,NA,NA,NA,NA,NA,NA,NA,NA,NA,"30_moz_ryan_ACES_checkN.xlsx","30_mozambique_various_ACES_clean.csv","2017","https://doi.org/10.1111/j.1744-7429.2010.00713.x",FALSE,NA,0.125663706143592,NA,125.663706143592,32,5.1,9.54516129032258,8.2,4.85477165829017,9.54516129032258,8.2,4.85477165829017,14.3838709677419,12.8,5.64647953886275,25.74,24.3,4.73053908133101,93,0,NA,NA,NA,NA,NA,NA,NA,NA,NA,NA,NA,NA,NA,NA,NA,93,93,31,5,0,0,NA,83,74,"Pseudolachnostylis maprouneifolia","Julbernardia globiflora","Indet indet","Diospyros kirkii","Combretum indet",0.129032258064516,0.118279569892473,0.10752688172043,0.0752688172043011,0.0645161290322581,21,13.6521406497967,2.80377615478913,0.927737310671754,13.8384,93,93,31,5,0.835786953366538,4.22573044003502,4.22573044003502,3.26367463919134,1.76412624089348,0.658971428571429,740.070485377313,740.070485377313,246.690161792438,39.7887357729738,6.65098125,33.6272943852732,33.6272943852732,25.971497573548,14.038470573816,-3.55705818519635,1.16589257991453,10.8187135828895,2.08875071688802,0.572215704546665,0.144227039391687,FALSE
"MAR_142","MAR_123","CCS_2a","MAR",2015,"MOZ","Ryan C.","Woollen E.; ACES","circle",NA,NA,20,NA,NA,NA,NA,NA,5,NA,FALSE,NA,NA,NA,NA,NA,NA,FALSE,NA,NA,NA,NA,NA,NA,FALSE,NA,NA,NA,NA,NA,NA,FALSE,NA,TRUE,TRUE,TRUE,NA,NA,FALSE,NA,NA,FALSE,NA,NA,NA,37.391229,-13.360803,826.49,NA,NA,NA,NA,FALSE,NA,NA,NA,NA,0,"mirror_densitometer","Densiometer recordings in 4 directions for each plot (standing in the centre, face N, S, E, W). An average is taken of the four readings",NA,FALSE,NA,NA,NA,NA,NA,NA,NA,NA,NA,NA,NA,TRUE,FALSE,NA,NA,TRUE,NA,NA,NA,"stem",NA,TRUE,NA,NA,NA,NA,NA,NA,NA,NA,NA,NA,NA,NA,NA,NA,NA,NA,NA,NA,NA,NA,NA,NA,NA,NA,NA,NA,NA,NA,NA,NA,NA,NA,NA,NA,NA,NA,"30_moz_ryan_ACES_checkN.xlsx","30_mozambique_various_ACES_clean.csv","2017","https://doi.org/10.1111/j.1744-7429.2010.00713.x",FALSE,NA,0.125663706143592,NA,125.663706143592,14.3,14.3,14.3,14.3,NA,14.3,14.3,NA,14.3,14.3,NA,NA,NA,NA,1,0,NA,NA,NA,NA,NA,NA,NA,NA,NA,NA,NA,NA,NA,NA,NA,1,1,1,0,0,0,NA,1,1,"Julbernardia globiflora",NA,NA,NA,NA,1,NA,NA,NA,NA,1,1,0,0,1,1,1,1,0,0.0160606070433144,0.088902540174442,0.088902540174442,0.088902540174442,0,1,7.95774715459477,7.95774715459477,7.95774715459477,0,0.12780625,0.707463936109412,0.707463936109412,0.707463936109412,0,NA,NA,NA,NA,NA,NA,FALSE
"MAR_143","MAR_123","NKP_1b","MAR",2015,"MOZ","Ryan C.","Woollen E.; ACES","circle",NA,NA,20,NA,NA,NA,NA,NA,5,NA,FALSE,NA,NA,NA,NA,NA,NA,FALSE,NA,NA,NA,NA,NA,NA,FALSE,NA,NA,NA,NA,NA,NA,FALSE,NA,TRUE,TRUE,TRUE,NA,NA,FALSE,NA,NA,FALSE,NA,NA,NA,37.387721,-13.360388,805.35,NA,NA,NA,NA,FALSE,NA,NA,NA,NA,0.3525,"mirror_densitometer","Densiometer recordings in 4 directions for each plot (standing in the centre, face N, S, E, W). An average is taken of the four readings",NA,FALSE,NA,NA,NA,NA,NA,NA,NA,NA,NA,NA,NA,TRUE,FALSE,NA,NA,NA,NA,NA,NA,"stem",NA,TRUE,NA,NA,NA,NA,NA,NA,NA,NA,NA,NA,NA,NA,NA,NA,NA,NA,NA,NA,NA,NA,NA,NA,NA,NA,NA,NA,NA,NA,NA,NA,NA,NA,NA,NA,NA,NA,"30_moz_ryan_ACES_checkN.xlsx","30_mozambique_various_ACES_clean.csv","2017","https://doi.org/10.1111/j.1744-7429.2010.00713.x",FALSE,NA,0.125663706143592,NA,125.663706143592,33.3,5,11.012,9,6.91039796249102,11.012,9,6.91039796249102,17.35,15.6,7.05852518432695,25.6666666666667,23.2,6.74709814167049,25,0,NA,NA,NA,NA,NA,NA,NA,NA,NA,NA,NA,NA,NA,NA,NA,25,25,10,3,0,0,NA,25,20,"Hymenocardia acida","Terminalia indet","Bobgunnia madagascariensis","Burkea africana","Diplorhynchus condylocarpon",0.32,0.12,0.08,0.08,0.08,13,13,2.25526573355609,0.8512,6.72043010752688,25,25,10,3,0.328115005324389,1.71698832986789,1.71698832986789,1.53440570043414,0.979487797110227,0.516956162117452,198.943678864869,198.943678864869,79.5774715459477,23.8732414637843,2.61105625,13.6633589964786,13.6633589964786,12.2104125966237,7.7945162304142,-6.32484973651096,1.64725357538936,12.4965416434406,1.78742944580901,1.48814205835019,0.254176367410591,FALSE
"MAR_144","MAR_123","CCS_4a","MAR",2015,"MOZ","Ryan C.","Woollen E.; ACES","circle",NA,NA,20,NA,NA,NA,NA,NA,5,NA,FALSE,NA,NA,NA,NA,NA,NA,FALSE,NA,NA,NA,NA,NA,NA,FALSE,NA,NA,NA,NA,NA,NA,FALSE,NA,TRUE,TRUE,TRUE,NA,NA,FALSE,NA,NA,FALSE,NA,NA,NA,37.421975,-13.360155,778.11,NA,NA,NA,NA,FALSE,NA,NA,NA,NA,0.58,"mirror_densitometer","Densiometer recordings in 4 directions for each plot (standing in the centre, face N, S, E, W). An average is taken of the four readings",NA,FALSE,NA,NA,NA,NA,NA,NA,NA,NA,NA,NA,NA,TRUE,FALSE,NA,NA,NA,NA,NA,NA,"stem",NA,TRUE,NA,NA,NA,NA,NA,NA,NA,NA,NA,NA,NA,NA,NA,NA,NA,NA,NA,NA,NA,NA,NA,NA,NA,NA,NA,NA,NA,NA,NA,NA,NA,NA,NA,NA,NA,NA,"30_moz_ryan_ACES_checkN.xlsx","30_mozambique_various_ACES_clean.csv","2017","https://doi.org/10.1111/j.1744-7429.2010.00713.x",FALSE,NA,0.125663706143592,NA,125.663706143592,22.3,5.1,10.1934065934066,9.3,3.65725465335839,10.1934065934066,9.3,3.65725465335839,13.4975609756098,13.1,2.67380700545851,22.3,22.3,NA,91,0,NA,NA,NA,NA,NA,NA,NA,NA,NA,NA,NA,NA,NA,NA,NA,91,91,41,1,0,0,NA,87,81,"Julbernardia globiflora","Brachystegia spiciformis","Diplorhynchus condylocarpon","Pterocarpus angolensis","Indet indet",0.296703296703297,0.131868131868132,0.0879120879120879,0.0549450549450549,0.043956043956044,24,12.477754461857,2.58539116170891,0.871875377369883,7.80490103675777,91,91,41,1,0.837171610328608,3.83777151998512,3.83777151998512,3.04050865229171,0.221236474603053,0.325204209864907,724.154991068124,724.154991068124,326.267633338385,7.95774715459477,6.662,30.5400153931464,30.5400153931464,24.1955990762951,1.76054392626503,-5.47435237935367,1.39844208319367,11.4305404674073,2.97591711941741,0.426902401458574,0.231335167014381,FALSE
"MAR_145","MAR_123","CCS_2b","MAR",2015,"MOZ","Ryan C.","Woollen E.; ACES","circle",NA,NA,20,NA,NA,NA,NA,NA,5,NA,FALSE,NA,NA,NA,NA,NA,NA,FALSE,NA,NA,NA,NA,NA,NA,FALSE,NA,NA,NA,NA,NA,NA,FALSE,NA,TRUE,TRUE,TRUE,NA,NA,FALSE,NA,NA,FALSE,NA,NA,NA,37.391256,-13.35776,828.37,NA,NA,NA,NA,FALSE,NA,NA,NA,NA,0,"mirror_densitometer","Densiometer recordings in 4 directions for each plot (standing in the centre, face N, S, E, W). An average is taken of the four readings",NA,FALSE,NA,NA,NA,NA,NA,NA,NA,NA,NA,NA,NA,TRUE,FALSE,NA,NA,NA,NA,NA,NA,"stem",NA,TRUE,NA,NA,NA,NA,NA,NA,NA,NA,NA,NA,NA,NA,NA,NA,NA,NA,NA,NA,NA,NA,NA,NA,NA,NA,NA,NA,NA,NA,NA,NA,NA,NA,NA,NA,NA,NA,"30_moz_ryan_ACES_checkN.xlsx","30_mozambique_various_ACES_clean.csv","2017","https://doi.org/10.1111/j.1744-7429.2010.00713.x",FALSE,NA,0.125663706143592,NA,125.663706143592,18.2,5,10.9684210526316,10.3,4.37595102445412,10.9684210526316,10.3,4.37595102445412,13.9909090909091,15.2,2.94192268608628,NA,NA,NA,19,0,NA,NA,NA,NA,NA,NA,NA,NA,NA,NA,NA,NA,NA,NA,NA,19,19,11,0,0,0,NA,19,19,"Parinari curatellifolia","Diplorhynchus condylocarpon","Uapaca kirkiana","Burkea africana","Bobgunnia madagascariensis",0.368421052631579,0.210526315789474,0.157894736842105,0.105263157894737,0.0526315789473684,7,7,1.68924530995639,0.775623268698061,4.45679012345679,19,19,11,0,0.206598986881699,0.96855774317921,0.96855774317921,0.869075436113887,0,0.63668430335097,151.197195937301,151.197195937301,87.5352187005424,0,1.6440625,7.70753762484508,7.70753762484508,6.91588257886349,0,-12.8084303186741,16.7682071567795,12.3598490884724,2.85312548596578,1.04957740019548,0.523154685546312,FALSE
"MAR_146","MAR_123","CCS_4b","MAR",2015,"MOZ","Ryan C.","Woollen E.; ACES","circle",NA,NA,20,NA,NA,NA,NA,NA,5,NA,FALSE,NA,NA,NA,NA,NA,NA,FALSE,NA,NA,NA,NA,NA,NA,FALSE,NA,NA,NA,NA,NA,NA,FALSE,NA,TRUE,TRUE,TRUE,NA,NA,FALSE,NA,NA,FALSE,NA,NA,NA,37.421982,-13.357089,775.269999999999,NA,NA,NA,NA,FALSE,NA,NA,NA,NA,0.2775,"mirror_densitometer","Densiometer recordings in 4 directions for each plot (standing in the centre, face N, S, E, W). An average is taken of the four readings",NA,FALSE,NA,NA,NA,NA,NA,NA,NA,NA,NA,NA,NA,TRUE,FALSE,NA,NA,NA,NA,NA,NA,"stem",NA,TRUE,NA,NA,NA,NA,NA,NA,NA,NA,NA,NA,NA,NA,NA,NA,NA,NA,NA,NA,NA,NA,NA,NA,NA,NA,NA,NA,NA,NA,NA,NA,NA,NA,NA,NA,NA,NA,"30_moz_ryan_ACES_checkN.xlsx","30_mozambique_various_ACES_clean.csv","2017","https://doi.org/10.1111/j.1744-7429.2010.00713.x",FALSE,NA,0.125663706143592,NA,125.663706143592,45,5,14.5409090909091,12.75,8.60563281135769,14.5409090909091,12.75,8.60563281135769,18.3720930232558,15.1,8.39150152808796,29.45,29.5,8.23269535008266,66,0,NA,NA,NA,NA,NA,NA,NA,NA,NA,NA,NA,NA,NA,NA,NA,66,66,43,12,1,0,NA,60,57,"Syzygium guineense","Uapaca nitida","Uapaca kirkiana","Indet indet","Parinari curatellifolia",0.333333333333333,0.136363636363636,0.106060606060606,0.0909090909090909,0.0757575757575758,15,10.1095011244941,2.20559975102335,0.837006427915519,6.13521126760563,66,66,43,12,1.4740831823523,8.50318153234704,8.50318153234704,8.17614498110017,5.88708779469544,0.409014084507042,525.211312203255,525.211312203255,342.183127647575,95.4929658551372,11.73038125,67.6661686440374,67.6661686440374,65.0636944589042,46.8479561470872,-9.90418600901349,1.16832929380289,16.4954824761192,1.8494128802608,1.1668089310997,0.16280356809201,FALSE
"MAR_147","MAR_123","NGR_17a","MAR",2015,"MOZ","Ryan C.","Woollen E.; ACES","circle",NA,NA,20,NA,NA,NA,NA,NA,5,NA,FALSE,NA,NA,NA,NA,NA,NA,FALSE,NA,NA,NA,NA,NA,NA,FALSE,NA,NA,NA,NA,NA,NA,FALSE,NA,TRUE,TRUE,TRUE,NA,NA,FALSE,NA,NA,FALSE,NA,NA,NA,37.433666,-13.340217,759.649999999999,NA,NA,NA,NA,FALSE,NA,NA,NA,NA,0.79,"mirror_densitometer","Densiometer recordings in 4 directions for each plot (standing in the centre, face N, S, E, W). An average is taken of the four readings",NA,FALSE,NA,NA,NA,NA,NA,NA,NA,NA,NA,NA,NA,TRUE,FALSE,NA,NA,NA,NA,NA,NA,"stem",NA,TRUE,NA,NA,NA,NA,NA,NA,NA,NA,NA,NA,NA,NA,NA,NA,NA,NA,NA,NA,NA,NA,NA,NA,NA,NA,NA,NA,NA,NA,NA,NA,NA,NA,NA,NA,NA,NA,"30_moz_ryan_ACES_checkN.xlsx","30_mozambique_various_ACES_clean.csv","2017","https://doi.org/10.1111/j.1744-7429.2010.00713.x",FALSE,NA,0.125663706143592,NA,125.663706143592,24.3,5,8.82291666666667,7.95,3.54877691980308,8.82291666666667,7.95,3.54877691980308,13.1508771929825,12,3.35501345574359,22.15,22.15,2.2128413107737,192,0,NA,NA,NA,NA,NA,NA,NA,NA,NA,NA,NA,NA,NA,NA,NA,192,192,57,4,0,0,NA,186,182,"Brachystegia boehmii","Julbernardia globiflora","Brachystegia spiciformis","Pseudolachnostylis maprouneifolia","Indet indet",0.458333333333333,0.104166666666667,0.0729166666666667,0.0677083333333333,0.03125,28,10.1802033421167,2.22655971319027,0.764377170138889,4.24407091871978,192,192,57,4,1.3627789108301,5.75998067798994,5.75998067798994,4.01162249865112,0.941070371128788,0.151573961382849,1527.8874536822,1527.8874536822,453.591587811902,31.8309886183791,10.84465,45.8364698507953,45.8364698507953,31.9234775239493,7.48880006812355,-3.87249973237653,0.533322197090843,9.93662641422681,2.5583191072423,0.29818776962538,0.127308937714139,FALSE
"MAR_148","MAR_123","NGR_3a","MAR",2015,"MOZ","Ryan C.","Woollen E.; ACES","circle",NA,NA,20,NA,NA,NA,NA,NA,5,NA,FALSE,NA,NA,NA,NA,NA,NA,FALSE,NA,NA,NA,NA,NA,NA,FALSE,NA,NA,NA,NA,NA,NA,FALSE,NA,TRUE,TRUE,TRUE,NA,NA,FALSE,NA,NA,FALSE,NA,NA,NA,37.395294,-13.337872,766.34,NA,NA,NA,NA,FALSE,NA,NA,NA,NA,0.4725,"mirror_densitometer","Densiometer recordings in 4 directions for each plot (standing in the centre, face N, S, E, W). An average is taken of the four readings",NA,FALSE,NA,NA,NA,NA,NA,NA,NA,NA,NA,NA,NA,TRUE,FALSE,NA,NA,NA,NA,NA,NA,"stem",NA,TRUE,NA,NA,NA,NA,NA,NA,NA,NA,NA,NA,NA,NA,NA,NA,NA,NA,NA,NA,NA,NA,NA,NA,NA,NA,NA,NA,NA,NA,NA,NA,NA,NA,NA,NA,NA,NA,"30_moz_ryan_ACES_checkN.xlsx","30_mozambique_various_ACES_clean.csv","2017","https://doi.org/10.1111/j.1744-7429.2010.00713.x",FALSE,NA,0.125663706143592,NA,125.663706143592,38.5,5,11.5617647058824,8.35,7.97172296235804,11.5617647058824,8.35,7.97172296235804,20.075,19.25,7.97666433498637,27.74,26.45,5.8627259492113,68,0,NA,NA,NA,NA,NA,NA,NA,NA,NA,NA,NA,NA,NA,NA,NA,68,68,24,10,0,0,NA,61,59,"Catunaregam spinosa","Julbernardia globiflora","Pteleopsis myrtifolia","Indet indet","Pseudolachnostylis maprouneifolia",0.117647058823529,0.117647058823529,0.117647058823529,0.102941176470588,0.0882352941176471,18,12.6725229604364,2.65085126042228,0.918252595155709,12.2328042328042,68,68,24,10,1.04831805257638,6.69193636215885,6.69193636215885,6.12766954828309,4.95808043105336,0.679600235155791,541.126806512444,541.126806512444,190.985931710274,79.5774715459477,8.34225,53.2527375446988,53.2527375446988,48.7624449121467,39.4551504424668,-6.85296199958808,2.27627300355408,13.0631788001764,1.62807566457089,1.03584926531061,0.141550558476065,FALSE
"MAR_149","MAR_123","NGR_17b","MAR",2015,"MOZ","Ryan C.","Woollen E.; ACES","circle",NA,NA,20,NA,NA,NA,NA,NA,5,NA,FALSE,NA,NA,NA,NA,NA,NA,FALSE,NA,NA,NA,NA,NA,NA,FALSE,NA,NA,NA,NA,NA,NA,FALSE,NA,TRUE,TRUE,TRUE,NA,NA,FALSE,NA,NA,FALSE,NA,NA,NA,37.433706,-13.336734,736.38,NA,NA,NA,NA,FALSE,NA,NA,NA,NA,0.445,"mirror_densitometer","Densiometer recordings in 4 directions for each plot (standing in the centre, face N, S, E, W). An average is taken of the four readings",NA,FALSE,NA,NA,NA,NA,NA,NA,NA,NA,NA,NA,NA,TRUE,FALSE,NA,NA,NA,NA,NA,NA,"stem",NA,TRUE,NA,NA,NA,NA,NA,NA,NA,NA,NA,NA,NA,NA,NA,NA,NA,NA,NA,NA,NA,NA,NA,NA,NA,NA,NA,NA,NA,NA,NA,NA,NA,NA,NA,NA,NA,NA,"30_moz_ryan_ACES_checkN.xlsx","30_mozambique_various_ACES_clean.csv","2017","https://doi.org/10.1111/j.1744-7429.2010.00713.x",FALSE,NA,0.125663706143592,NA,125.663706143592,41.5,5.2,14.8515625,12.2,8.25892479622393,14.8515625,12.2,8.25892479622393,18.9095238095238,18.1,7.41412000020691,26.1,23.2,5.90677577024894,64,0,NA,NA,NA,NA,NA,NA,NA,NA,NA,NA,NA,NA,NA,NA,NA,64,64,42,17,1,0,NA,61,59,"Brachystegia spiciformis","Parinari curatellifolia","Phyllocosmus lemaireanus","Julbernardia globiflora","Brachystegia boehmii",0.234375,0.109375,0.109375,0.09375,0.078125,18,12.2885704120951,2.542004585165,0.8935546875,9.39449541284404,64,64,42,17,1.44620311834802,8.95149895412013,8.95149895412013,8.6432959318839,6.64748081536148,0.521916411824669,509.295817894065,509.295817894065,334.22538049298,135.281701628111,11.50851875,71.2337653315075,71.2337653315075,68.7811636082696,52.8989715436661,-8.35175238999105,1.68252969816779,16.8555668840071,1.94899054798669,1.14637261237577,0.182377178882263,FALSE
"MAR_150","MAR_123","NGR_23a","MAR",2015,"MOZ","Ryan C.","Woollen E.; ACES","circle",NA,NA,20,NA,NA,NA,NA,NA,5,NA,FALSE,NA,NA,NA,NA,NA,NA,FALSE,NA,NA,NA,NA,NA,NA,FALSE,NA,NA,NA,NA,NA,NA,FALSE,NA,TRUE,TRUE,TRUE,NA,NA,FALSE,NA,NA,FALSE,NA,NA,NA,37.422342,-13.335647,728.58,NA,NA,NA,NA,FALSE,NA,NA,NA,NA,0.585,"mirror_densitometer","Densiometer recordings in 4 directions for each plot (standing in the centre, face N, S, E, W). An average is taken of the four readings",NA,FALSE,NA,NA,NA,NA,NA,NA,NA,NA,NA,NA,NA,TRUE,FALSE,NA,NA,NA,NA,NA,NA,"stem",NA,TRUE,NA,NA,NA,NA,NA,NA,NA,NA,NA,NA,NA,NA,NA,NA,NA,NA,NA,NA,NA,NA,NA,NA,NA,NA,NA,NA,NA,NA,NA,NA,NA,NA,NA,NA,NA,NA,"30_moz_ryan_ACES_checkN.xlsx","30_mozambique_various_ACES_clean.csv","2017","https://doi.org/10.1111/j.1744-7429.2010.00713.x",FALSE,NA,0.125663706143592,NA,125.663706143592,49.7,5,9.3007874015748,7.5,5.96836230313034,9.3007874015748,7.5,5.96836230313034,16.1161290322581,12.8,8.96184864761706,33.6,31,10.4754474844753,127,0,NA,NA,NA,NA,NA,NA,NA,NA,NA,NA,NA,NA,NA,NA,NA,127,127,31,5,1,0,NA,126,117,"Julbernardia globiflora","Brachystegia spiciformis","Brachystegia boehmii","Diplorhynchus condylocarpon","Pseudolachnostylis maprouneifolia",0.188976377952756,0.133858267716535,0.118110236220472,0.094488188976378,0.0708661417322835,31,12.8824622552764,2.79303267511941,0.908549817099634,10.9349152542373,127,127,31,5,1.21535496317142,6.73819454342137,6.73819454342137,5.39440856602555,3.86164652511511,0.35273920174959,1010.63388863354,1010.63388863354,246.690161792438,39.7887357729738,9.6714875,53.6208484550174,53.6208484550174,42.9273394170115,30.7300066472855,-6.07087272410211,1.65080160897135,10.5328824226685,1.7633365084773,0.565143692231236,0.0978197083774248,FALSE
"MAR_151","MAR_123","NGR_3b","MAR",2015,"MOZ","Ryan C.","Woollen E.; ACES","circle",NA,NA,20,NA,NA,NA,NA,NA,5,NA,FALSE,NA,NA,NA,NA,NA,NA,FALSE,NA,NA,NA,NA,NA,NA,FALSE,NA,NA,NA,NA,NA,NA,FALSE,NA,TRUE,TRUE,TRUE,NA,NA,FALSE,NA,NA,FALSE,NA,NA,NA,37.395323,-13.334378,760.299999999999,NA,NA,NA,NA,FALSE,NA,NA,NA,NA,0.4325,"mirror_densitometer","Densiometer recordings in 4 directions for each plot (standing in the centre, face N, S, E, W). An average is taken of the four readings",NA,FALSE,NA,NA,NA,NA,NA,NA,NA,NA,NA,NA,NA,TRUE,FALSE,NA,NA,NA,NA,NA,NA,"stem",NA,TRUE,NA,NA,NA,NA,NA,NA,NA,NA,NA,NA,NA,NA,NA,NA,NA,NA,NA,NA,NA,NA,NA,NA,NA,NA,NA,NA,NA,NA,NA,NA,NA,NA,NA,NA,NA,NA,"30_moz_ryan_ACES_checkN.xlsx","30_mozambique_various_ACES_clean.csv","2017","https://doi.org/10.1111/j.1744-7429.2010.00713.x",FALSE,NA,0.125663706143592,NA,125.663706143592,44,5.3,13.5819672131148,11.7,7.53258495242993,13.5819672131148,11.7,7.53258495242993,17.1897435897436,14.7,7.18264702972214,27.45,26.5,6.4021263828686,61,0,NA,NA,NA,NA,NA,NA,NA,NA,NA,NA,NA,NA,NA,NA,NA,61,61,39,10,1,0,NA,61,52,"Faurea rochetiana","Brachystegia spiciformis","Uapaca indet","Diospyros kirkii","Pseudolachnostylis maprouneifolia",0.262295081967213,0.147540983606557,0.0819672131147541,0.0655737704918033,0.0655737704918033,17,11.867891896924,2.4558572441084,0.879333512496641,8.28730512249443,61,61,39,10,1.15116201508246,6.93031786274748,6.93031786274748,6.59315994903702,4.40978137421654,0.48748853661732,485.422576430281,485.422576430281,310.352139029196,79.5774715459477,9.16065625,55.149717252716,55.149717252716,52.4666998242375,35.0919251830567,-9.43831710367733,2.16965869718743,15.4143680778536,1.95711614713088,1.07116591052864,0.179214076376119,FALSE
"MAR_152","MAR_123","NGR_16a","MAR",2015,"MOZ","Ryan C.","Woollen E.; ACES","circle",NA,NA,20,NA,NA,NA,NA,NA,5,NA,FALSE,NA,NA,NA,NA,NA,NA,FALSE,NA,NA,NA,NA,NA,NA,FALSE,NA,NA,NA,NA,NA,NA,FALSE,NA,TRUE,TRUE,TRUE,NA,NA,FALSE,NA,NA,FALSE,NA,NA,NA,37.424516,-13.332148,717.32,NA,NA,NA,NA,FALSE,NA,NA,NA,NA,0.2725,"mirror_densitometer","Densiometer recordings in 4 directions for each plot (standing in the centre, face N, S, E, W). An average is taken of the four readings",NA,FALSE,NA,NA,NA,NA,NA,NA,NA,NA,NA,NA,NA,TRUE,FALSE,NA,NA,NA,NA,NA,NA,"stem",NA,TRUE,NA,NA,NA,NA,NA,NA,NA,NA,NA,NA,NA,NA,NA,NA,NA,NA,NA,NA,NA,NA,NA,NA,NA,NA,NA,NA,NA,NA,NA,NA,NA,NA,NA,NA,NA,NA,"30_moz_ryan_ACES_checkN.xlsx","30_mozambique_various_ACES_clean.csv","2017","https://doi.org/10.1111/j.1744-7429.2010.00713.x",FALSE,NA,0.125663706143592,NA,125.663706143592,30,5,11.0826086956522,9.6,5.71101901370225,11.0826086956522,9.6,5.71101901370225,15.5177777777778,14,5.10700449867581,23.8666666666667,23.2,3.5556293395122,92,0,NA,NA,NA,NA,NA,NA,NA,NA,NA,NA,NA,NA,NA,NA,NA,92,92,45,9,0,0,NA,90,71,"Uapaca nitida","Bobgunnia madagascariensis","Brachystegia boehmii","Uapaca indet","Julbernardia globiflora",0.173913043478261,0.152173913043478,0.141304347826087,0.130434782608696,0.0869565217391304,16,10.4170492892086,2.39116894101037,0.887759924385633,8.90947368421053,92,92,45,9,1.12059510396119,5.85944547388353,5.85944547388353,5.22691785950286,2.56110769629723,0.556842105263158,732.112738222718,732.112738222718,358.098621956764,71.6197243913529,8.9174125,46.6279855472999,46.6279855472999,41.5944907237595,20.38064748282,-6.41818852935277,0.400752273800816,12.5867596217265,2.09468026254941,0.665536333586522,0.159303813345816,FALSE
"MAR_153","MAR_123","NGR_23b","MAR",2015,"MOZ","Ryan C.","Woollen E.; ACES","circle",NA,NA,20,NA,NA,NA,NA,NA,5,NA,FALSE,NA,NA,NA,NA,NA,NA,FALSE,NA,NA,NA,NA,NA,NA,FALSE,NA,NA,NA,NA,NA,NA,FALSE,NA,TRUE,TRUE,TRUE,NA,NA,FALSE,NA,NA,FALSE,NA,NA,NA,37.422381,-13.332134,725.45,NA,NA,NA,NA,FALSE,NA,NA,NA,NA,0.72,"mirror_densitometer","Densiometer recordings in 4 directions for each plot (standing in the centre, face N, S, E, W). An average is taken of the four readings",NA,FALSE,NA,NA,NA,NA,NA,NA,NA,NA,NA,NA,NA,TRUE,FALSE,NA,NA,NA,NA,NA,NA,"stem",NA,TRUE,NA,NA,NA,NA,NA,NA,NA,NA,NA,NA,NA,NA,NA,NA,NA,NA,NA,NA,NA,NA,NA,NA,NA,NA,NA,NA,NA,NA,NA,NA,NA,NA,NA,NA,NA,NA,"30_moz_ryan_ACES_checkN.xlsx","30_mozambique_various_ACES_clean.csv","2017","https://doi.org/10.1111/j.1744-7429.2010.00713.x",FALSE,NA,0.125663706143592,NA,125.663706143592,23,5,8.90102040816327,7.4,3.78065236259046,8.90102040816327,7.4,3.78065236259046,13.7216666666667,13.55,3.00412663450764,21.1,20.3,1.65227116418583,196,0,NA,NA,NA,NA,NA,NA,NA,NA,NA,NA,NA,NA,NA,NA,NA,196,196,60,3,0,0,NA,192,183,"Uapaca kirkiana","Brachystegia spiciformis","Brachystegia boehmii","Phyllocosmus lemaireanus","Julbernardia globiflora",0.178571428571429,0.168367346938776,0.11734693877551,0.102040816326531,0.0918367346938776,18,10.1130601111655,2.40337243353106,0.889316951270304,9.03480714957667,196,196,60,3,1.43852899289346,6.06832704552776,6.06832704552776,4.40754992465791,0.587091800550705,0.501933730532037,1559.71844230057,1559.71844230057,477.464829275686,23.8732414637843,11.44745,48.290212279699,48.290212279699,35.0741678716808,4.67192810531829,-3.9944273333918,0.501232877758661,10.0626766159729,2.48864273468217,0.307160474509496,0.127980191793114,FALSE
"MAR_154","MAR_123","NGR_16b","MAR",2015,"MOZ","Ryan C.","Woollen E.; ACES","circle",NA,NA,20,NA,NA,NA,NA,NA,5,NA,FALSE,NA,NA,NA,NA,NA,NA,FALSE,NA,NA,NA,NA,NA,NA,FALSE,NA,NA,NA,NA,NA,NA,FALSE,NA,TRUE,TRUE,TRUE,NA,NA,FALSE,NA,NA,FALSE,NA,NA,NA,37.42454,-13.328644,711.269999999999,NA,NA,NA,NA,FALSE,NA,NA,NA,NA,0.5075,"mirror_densitometer","Densiometer recordings in 4 directions for each plot (standing in the centre, face N, S, E, W). An average is taken of the four readings",NA,FALSE,NA,NA,NA,NA,NA,NA,NA,NA,NA,NA,NA,TRUE,FALSE,NA,NA,NA,NA,NA,NA,"stem",NA,TRUE,NA,NA,NA,NA,NA,NA,NA,NA,NA,NA,NA,NA,NA,NA,NA,NA,NA,NA,NA,NA,NA,NA,NA,NA,NA,NA,NA,NA,NA,NA,NA,NA,NA,NA,NA,NA,"30_moz_ryan_ACES_checkN.xlsx","30_mozambique_various_ACES_clean.csv","2017","https://doi.org/10.1111/j.1744-7429.2010.00713.x",FALSE,NA,0.125663706143592,NA,125.663706143592,22.1,5,9.56759776536313,8.4,3.92426337969986,9.56759776536313,8.4,3.92426337969986,13.5628571428571,12.5,3.21838790451582,20.8833333333333,20.9,0.815883978679976,179,0,NA,NA,NA,NA,NA,NA,NA,NA,NA,NA,NA,NA,NA,NA,NA,179,179,70,6,0,0,NA,179,168,"Julbernardia globiflora","Brachystegia spiciformis","Parinari curatellifolia","Uapaca kirkiana","Brachystegia boehmii",0.195530726256983,0.128491620111732,0.11731843575419,0.111731843575419,0.0837988826815642,22,11.4914916906445,2.58865597422879,0.899971910989045,9.99719188767551,179,179,70,6,1.50220279279642,6.69892996080669,6.69892996080669,5.22766543732254,1.20465818429019,0.454417813076159,1424.43674067246,1424.43674067246,557.042300821634,47.7464829275686,11.95415,53.308390834439,53.308390834439,41.6004397590268,9.58636523829452,-4.71732087217337,0.596152007530735,10.7981824401494,2.57256444139207,0.333370818413092,0.138968238855108,FALSE
"MAR_155","MAR_123","NGR_5a","MAR",2015,"MOZ","Ryan C.","Woollen E.; ACES","circle",NA,NA,20,NA,NA,NA,NA,NA,5,NA,FALSE,NA,NA,NA,NA,NA,NA,FALSE,NA,NA,NA,NA,NA,NA,FALSE,NA,NA,NA,NA,NA,NA,FALSE,NA,TRUE,TRUE,TRUE,NA,NA,FALSE,NA,NA,FALSE,NA,NA,NA,37.430335,-13.32742,707.6,NA,NA,NA,NA,FALSE,NA,NA,NA,NA,0.6925,"mirror_densitometer","Densiometer recordings in 4 directions for each plot (standing in the centre, face N, S, E, W). An average is taken of the four readings",NA,FALSE,NA,NA,NA,NA,NA,NA,NA,NA,NA,NA,NA,TRUE,FALSE,NA,NA,NA,NA,NA,NA,"stem",NA,TRUE,NA,NA,NA,NA,NA,NA,NA,NA,NA,NA,NA,NA,NA,NA,NA,NA,NA,NA,NA,NA,NA,NA,NA,NA,NA,NA,NA,NA,NA,NA,NA,NA,NA,NA,NA,NA,"30_moz_ryan_ACES_checkN.xlsx","30_mozambique_various_ACES_clean.csv","2017","https://doi.org/10.1111/j.1744-7429.2010.00713.x",FALSE,NA,0.125663706143592,NA,125.663706143592,56,5,9.82929292929293,7.9,5.99647531878371,9.82929292929293,7.9,5.99647531878371,15.7046875,13,7.51492545955703,29.27,26.15,10.5045016804966,198,0,NA,NA,NA,NA,NA,NA,NA,NA,NA,NA,NA,NA,NA,NA,NA,198,198,64,10,1,0,NA,190,182,"Julbernardia globiflora","Dalbergia melanoxylon","Diospyros mespiliformis","Brachystegia boehmii","Brachystegia spiciformis",0.136363636363636,0.126262626262626,0.0909090909090909,0.0808080808080808,0.0808080808080808,30,13.6604215979244,2.92640108746394,0.928221610039792,13.9317697228145,198,198,64,10,2.05879876323292,12.0523899702408,12.0523899702408,10.0111317871943,6.08073543128482,0.464392324093817,1575.63393660976,1575.63393660976,509.295817894065,79.5774715459477,16.3834,95.90987199175,95.90987199175,79.6660554938187,48.3889550761504,-5.07854195543604,0.38568173944702,11.133283075696,1.81416509802269,0.464338884152623,0.0828053826650617,FALSE
"MAR_156","MAR_123","NGR_14a","MAR",2015,"MOZ","Ryan C.","Woollen E.; ACES","circle",NA,NA,20,NA,NA,NA,NA,NA,5,NA,FALSE,NA,NA,NA,NA,NA,NA,FALSE,NA,NA,NA,NA,NA,NA,FALSE,NA,NA,NA,NA,NA,NA,FALSE,NA,TRUE,TRUE,TRUE,NA,NA,FALSE,NA,NA,FALSE,NA,NA,NA,37.407696,-13.324385,724.95,NA,NA,NA,NA,FALSE,NA,NA,NA,NA,0.4175,"mirror_densitometer","Densiometer recordings in 4 directions for each plot (standing in the centre, face N, S, E, W). An average is taken of the four readings",NA,FALSE,NA,NA,NA,NA,NA,NA,NA,NA,NA,NA,NA,TRUE,FALSE,NA,NA,NA,NA,NA,NA,"stem",NA,TRUE,NA,NA,NA,NA,NA,NA,NA,NA,NA,NA,NA,NA,NA,NA,NA,NA,NA,NA,NA,NA,NA,NA,NA,NA,NA,NA,NA,NA,NA,NA,NA,NA,NA,NA,NA,NA,"30_moz_ryan_ACES_checkN.xlsx","30_mozambique_various_ACES_clean.csv","2017","https://doi.org/10.1111/j.1744-7429.2010.00713.x",FALSE,NA,0.125663706143592,NA,125.663706143592,34.8,5,10.1970149253731,8.6,5.68608002984784,10.1970149253731,8.6,5.68608002984784,15.4037037037037,13.4,5.62948839603916,25.675,23,6.15974837148402,67,0,NA,NA,NA,NA,NA,NA,NA,NA,NA,NA,NA,NA,NA,NA,NA,67,67,27,4,0,0,NA,66,60,"Brachystegia boehmii","Uapaca kirkiana","Vitex doniana","Julbernardia globiflora","Ochna schweinfurthiana",0.17910447761194,0.149253731343284,0.104477611940299,0.0746268656716418,0.0746268656716418,16,11.7329232457207,2.51347428537637,0.902650924482067,10.2723112128146,67,67,27,4,0.714750027803521,3.38985273507635,3.38985273507635,2.94333775341278,1.39973141748014,0.642019450800915,533.169059357849,533.169059357849,214.859173174059,31.8309886183791,5.6878,26.9755909570491,26.9755909570491,23.4223376322319,11.1387087046495,-5.91122043230566,0.350556567780069,11.5786590726069,1.95229058023748,0.770690473934971,0.167401366628731,FALSE
"MAR_157","MAR_123","NGR_5b","MAR",2015,"MOZ","Ryan C.","Woollen E.; ACES","circle",NA,NA,20,NA,NA,NA,NA,NA,5,NA,FALSE,NA,NA,NA,NA,NA,NA,FALSE,NA,NA,NA,NA,NA,NA,FALSE,NA,NA,NA,NA,NA,NA,FALSE,NA,TRUE,TRUE,TRUE,NA,NA,FALSE,NA,NA,FALSE,NA,NA,NA,37.430398,-13.323905,696.509999999999,NA,NA,NA,NA,FALSE,NA,NA,NA,NA,0.5925,"mirror_densitometer","Densiometer recordings in 4 directions for each plot (standing in the centre, face N, S, E, W). An average is taken of the four readings",NA,FALSE,NA,NA,NA,NA,NA,NA,NA,NA,NA,NA,NA,TRUE,FALSE,NA,NA,NA,NA,NA,NA,"stem",NA,TRUE,NA,NA,NA,NA,NA,NA,NA,NA,NA,NA,NA,NA,NA,NA,NA,NA,NA,NA,NA,NA,NA,NA,NA,NA,NA,NA,NA,NA,NA,NA,NA,NA,NA,NA,NA,NA,"30_moz_ryan_ACES_checkN.xlsx","30_mozambique_various_ACES_clean.csv","2017","https://doi.org/10.1111/j.1744-7429.2010.00713.x",FALSE,NA,0.125663706143592,NA,125.663706143592,35,5,9.7,7.8,5.17579838178506,9.7,7.8,5.17579838178506,15.4571428571429,13.6,5.62442589662862,27.7666666666667,28.9,6.28543289413439,154,0,NA,NA,NA,NA,NA,NA,NA,NA,NA,NA,NA,NA,NA,NA,NA,154,154,49,6,0,0,NA,152,138,"Parinari curatellifolia","Pterocarpus angolensis","Syzygium guineense","Hymenocardia acida","Julbernardia globiflora",0.136363636363636,0.0779220779220779,0.0779220779220779,0.0714285714285714,0.0714285714285714,31,14.7740221561389,3.0454224215937,0.938691178950919,16.3108665749656,154,154,49,6,1.45994208842033,6.85105946998805,6.85105946998805,5.53921712963881,2.46603121773357,0.526156986289213,1225.49306180759,1225.49306180759,389.929610575144,47.7464829275686,11.61785,54.518999003257,54.518999003257,44.0796893520659,19.6240529060612,-5.17334641465427,1.20145428204454,11.0038439805205,2.01178226665237,0.46930036975446,0.109357132293629,FALSE
"MAR_158","MAR_123","MCB_11b","MAR",2015,"MOZ","Ryan C.","Woollen E.; ACES","circle",NA,NA,20,NA,NA,NA,NA,NA,5,NA,FALSE,NA,NA,NA,NA,NA,NA,FALSE,NA,NA,NA,NA,NA,NA,FALSE,NA,NA,NA,NA,NA,NA,FALSE,NA,TRUE,TRUE,TRUE,NA,NA,FALSE,NA,NA,FALSE,NA,NA,NA,37.41315,-13.321346,708.98,NA,NA,NA,NA,FALSE,NA,NA,NA,NA,0.485,"mirror_densitometer","Densiometer recordings in 4 directions for each plot (standing in the centre, face N, S, E, W). An average is taken of the four readings",NA,FALSE,NA,NA,NA,NA,NA,NA,NA,NA,NA,NA,NA,TRUE,FALSE,NA,NA,NA,NA,NA,NA,"stem",NA,TRUE,NA,NA,NA,NA,NA,NA,NA,NA,NA,NA,NA,NA,NA,NA,NA,NA,NA,NA,NA,NA,NA,NA,NA,NA,NA,NA,NA,NA,NA,NA,NA,NA,NA,NA,NA,NA,"30_moz_ryan_ACES_checkN.xlsx","30_mozambique_various_ACES_clean.csv","2017","https://doi.org/10.1111/j.1744-7429.2010.00713.x",FALSE,NA,0.125663706143592,NA,125.663706143592,42.1,5,13.3157894736842,10.5,8.00046753019812,13.3157894736842,10.5,8.00046753019812,18.2071428571429,16.15,7.77254056017605,29.1,28.5,6.84806542024826,76,0,NA,NA,NA,NA,NA,NA,NA,NA,NA,NA,NA,NA,NA,NA,NA,76,76,42,11,1,0,NA,75,65,"Annona senegalensis","Diplorhynchus condylocarpon","Combretum indet","Uapaca kirkiana","Lecaniodiscus fraxinifolius",0.131578947368421,0.131578947368421,0.118421052631579,0.105263157894737,0.0657894736842105,22,13.3837066115432,2.75435075337571,0.920013850415512,12.5021645021645,76,76,42,11,1.43540467899946,8.51215338168307,8.51215338168307,7.98008699704418,5.25381867454754,0.568280204643841,604.788783749202,604.788783749202,334.22538049298,87.5352187005424,11.4225875,67.7375643525627,67.7375643525627,63.503514594147,41.8085606081375,-7.67590474858105,1.98555162061833,15.103786824435,1.82312451787726,1.00992269694671,0.150715081062016,FALSE
"MAR_159","MAR_123","NGR_14b","MAR",2015,"MOZ","Ryan C.","Woollen E.; ACES","circle",NA,NA,20,NA,NA,NA,NA,NA,5,NA,FALSE,NA,NA,NA,NA,NA,NA,FALSE,NA,NA,NA,NA,NA,NA,FALSE,NA,NA,NA,NA,NA,NA,FALSE,NA,TRUE,TRUE,TRUE,NA,NA,FALSE,NA,NA,FALSE,NA,NA,NA,37.407736,-13.320889,722.309999999999,NA,NA,NA,NA,FALSE,NA,NA,NA,NA,0.5675,"mirror_densitometer","Densiometer recordings in 4 directions for each plot (standing in the centre, face N, S, E, W). An average is taken of the four readings",NA,FALSE,NA,NA,NA,NA,NA,NA,NA,NA,NA,NA,NA,FALSE,FALSE,NA,NA,NA,NA,NA,NA,"stem",NA,TRUE,NA,NA,NA,NA,NA,NA,NA,NA,NA,NA,NA,NA,NA,NA,NA,NA,NA,NA,NA,NA,NA,NA,NA,NA,NA,NA,NA,NA,NA,NA,NA,NA,NA,NA,NA,NA,"30_moz_ryan_ACES_checkN.xlsx","30_mozambique_various_ACES_clean.csv","2017","https://doi.org/10.1111/j.1744-7429.2010.00713.x",FALSE,NA,0.125663706143592,NA,125.663706143592,32.1,5,14.2679012345679,12.3,6.59408498505467,14.2679012345679,12.3,6.59408498505467,17.2839285714286,16.9,5.67651547360508,23.9555555555556,22.65,3.2650055800731,81,0,NA,NA,NA,NA,NA,NA,NA,NA,NA,NA,NA,NA,NA,NA,NA,81,81,56,18,0,0,NA,81,77,"Uapaca kirkiana","Brachystegia spiciformis","Brachystegia boehmii","Pseudolachnostylis maprouneifolia","Berchemia zeyheri",0.320987654320988,0.160493827160494,0.0864197530864197,0.0493827160493827,0.037037037037037,22,11.7435228225813,2.44556683940322,0.851089772900472,6.71545547594678,81,81,56,18,1.56828069647753,8.63853578358159,8.63853578358159,8.25232183697183,5.17961192172356,0.305247976179399,644.577519522176,644.577519522176,445.633840657307,143.239448782706,12.47998125,68.7432835516615,68.7432835516615,65.6698906169628,41.2180420320008,-9.82701529072069,2.70665324139294,16.1717052431956,2.34867661079169,0.809888661783165,0.20080926019012,FALSE
"MAR_160","MAR_123","MCB_11a","MAR",2015,"MOZ","Ryan C.","Woollen E.; ACES","circle",NA,NA,20,NA,NA,NA,NA,NA,5,NA,FALSE,NA,NA,NA,NA,NA,NA,FALSE,NA,NA,NA,NA,NA,NA,FALSE,NA,NA,NA,NA,NA,NA,FALSE,NA,TRUE,TRUE,TRUE,NA,NA,FALSE,NA,NA,FALSE,NA,NA,NA,37.413167,-13.317235,720.22,NA,NA,NA,NA,FALSE,NA,NA,NA,NA,0.17,"mirror_densitometer","Densiometer recordings in 4 directions for each plot (standing in the centre, face N, S, E, W). An average is taken of the four readings",NA,FALSE,NA,NA,NA,NA,NA,NA,NA,NA,NA,NA,NA,TRUE,FALSE,NA,NA,NA,NA,NA,NA,"stem",NA,TRUE,NA,NA,NA,NA,NA,NA,NA,NA,NA,NA,NA,NA,NA,NA,NA,NA,NA,NA,NA,NA,NA,NA,NA,NA,NA,NA,NA,NA,NA,NA,NA,NA,NA,NA,NA,NA,"30_moz_ryan_ACES_checkN.xlsx","30_mozambique_various_ACES_clean.csv","2017","https://doi.org/10.1111/j.1744-7429.2010.00713.x",FALSE,NA,0.125663706143592,NA,125.663706143592,30.8,5,11.4049382716049,10.1,5.98692118777607,11.4049382716049,10.1,5.98692118777607,15.6,14.05,5.50454357780915,24.6333333333333,23.4,3.13169283295792,81,0,NA,NA,NA,NA,NA,NA,NA,NA,NA,NA,NA,NA,NA,NA,NA,81,81,42,9,0,0,NA,79,76,"Brachystegia boehmii","Pseudolachnostylis maprouneifolia","Julbernardia globiflora","Lannea schimperi","Pterocarpus angolensis",0.197530864197531,0.172839506172839,0.160493827160494,0.0740740740740741,0.0617283950617284,18,11.2920746976333,2.46015883046952,0.885230909922268,8.71314741035857,81,81,42,9,1.05269586193916,5.68962847741611,5.68962847741611,5.18976142059481,2.84543041332229,0.48406374501992,644.577519522176,644.577519522176,334.22538049298,71.6197243913529,8.3770875,45.2766248268594,45.2766248268594,41.2988091777641,22.6432157752129,-6.6840955005921,0.558232652109595,12.9535867254292,2.05968945773575,0.742306159537308,0.16705024066855,FALSE
"MAR_161","MAR_123","MCB_14b","MAR",2015,"MOZ","Ryan C.","Woollen E.; ACES","circle",NA,NA,20,NA,NA,NA,NA,NA,5,NA,FALSE,NA,NA,NA,NA,NA,NA,FALSE,NA,NA,NA,NA,NA,NA,FALSE,NA,NA,NA,NA,NA,NA,FALSE,NA,TRUE,TRUE,TRUE,NA,NA,FALSE,NA,NA,FALSE,NA,NA,NA,37.46585,-13.310619,679.139999999999,NA,NA,NA,NA,FALSE,NA,NA,NA,NA,0.6,"mirror_densitometer","Densiometer recordings in 4 directions for each plot (standing in the centre, face N, S, E, W). An average is taken of the four readings",NA,FALSE,NA,NA,NA,NA,NA,NA,NA,NA,NA,NA,NA,TRUE,TRUE,NA,NA,NA,NA,NA,NA,"stem",NA,TRUE,NA,NA,NA,NA,NA,NA,NA,NA,NA,NA,NA,NA,NA,NA,NA,NA,NA,NA,NA,NA,NA,NA,NA,NA,NA,NA,NA,NA,NA,NA,NA,NA,NA,NA,NA,NA,"30_moz_ryan_ACES_checkN.xlsx","30_mozambique_various_ACES_clean.csv","2017","https://doi.org/10.1111/j.1744-7429.2010.00713.x",FALSE,NA,0.125663706143592,NA,125.663706143592,34.2,5.5,14.415,12,7.47016458817066,14.415,12,7.47016458817066,18.396,16.3,6.76476656409271,24.86,21.7,5.7125981635135,40,0,NA,NA,NA,NA,NA,NA,NA,NA,NA,NA,NA,NA,NA,NA,NA,40,40,25,10,0,0,NA,40,40,"Brachystegia boehmii","Brachystegia spiciformis","Uapaca kirkiana","Faurea rochetiana","Burkea africana",0.1,0.1,0.1,0.075,0.05,21,16.4572163256374,2.91333635190388,0.93875,16.3265306122449,40,40,25,10,0.823727164567571,4.78151745354997,4.78151745354997,4.51390101042227,3.25391091378357,0.777453838678328,318.309886183791,318.309886183791,198.943678864869,79.5774715459477,6.5550125,38.0501069106325,38.0501069106325,35.9204829218102,25.893800315466,-15.9914589911223,2.90973546810366,16.3692082658075,2.09884595884756,1.30881649051288,0.245758760865933,FALSE
"MAR_162","MAR_123","MCB_19b","MAR",2015,"MOZ","Ryan C.","Woollen E.; ACES","circle",NA,NA,20,NA,NA,NA,NA,NA,5,NA,FALSE,NA,NA,NA,NA,NA,NA,FALSE,NA,NA,NA,NA,NA,NA,FALSE,NA,NA,NA,NA,NA,NA,FALSE,NA,TRUE,TRUE,TRUE,NA,NA,FALSE,NA,NA,FALSE,NA,NA,NA,37.42316,-13.307628,804.059999999999,NA,NA,NA,NA,FALSE,NA,NA,NA,NA,0.61,"mirror_densitometer","Densiometer recordings in 4 directions for each plot (standing in the centre, face N, S, E, W). An average is taken of the four readings",NA,FALSE,NA,NA,NA,NA,NA,NA,NA,NA,NA,NA,NA,TRUE,FALSE,NA,NA,NA,NA,NA,NA,"stem",NA,TRUE,NA,NA,NA,NA,NA,NA,NA,NA,NA,NA,NA,NA,NA,NA,NA,NA,NA,NA,NA,NA,NA,NA,NA,NA,NA,NA,NA,NA,NA,NA,NA,NA,NA,NA,NA,NA,"30_moz_ryan_ACES_checkN.xlsx","30_mozambique_various_ACES_clean.csv","2017","https://doi.org/10.1111/j.1744-7429.2010.00713.x",FALSE,NA,0.125663706143592,NA,125.663706143592,29,5,9.64274809160305,8.1,4.27477449759456,9.64274809160305,8.1,4.27477449759456,13.8857142857143,11.9,4.23600637393288,23.32,21,3.86613502092206,131,0,NA,NA,NA,NA,NA,NA,NA,NA,NA,NA,NA,NA,NA,NA,NA,131,131,49,5,0,0,NA,130,126,"Brachystegia boehmii","Dichrostachys cinerea","Pteleopsis myrtifolia","Catunaregam spinosa","Zanha africana",0.312977099236641,0.16030534351145,0.114503816793893,0.0763358778625954,0.0763358778625954,22,10.0041751951867,2.30788132670853,0.844472932812773,6.42974896965155,131,131,49,5,1.14324912858623,4.74199223865243,4.74199223865243,3.70485509287381,1.11180597645443,0.292261316802343,1042.46487725191,1042.46487725191,389.929610575144,39.7887357729738,9.0976875,37.7355752442469,37.7355752442469,29.4823000735025,8.84747084559173,-4.93732529139376,0.447017741316023,10.9006792244366,2.35288806810085,0.43088389274783,0.141158888477491,FALSE
"MAR_163","MAR_123","MCB_14a","MAR",2015,"MOZ","Ryan C.","Woollen E.; ACES","circle",NA,NA,20,NA,NA,NA,NA,NA,5,NA,FALSE,NA,NA,NA,NA,NA,NA,FALSE,NA,NA,NA,NA,NA,NA,FALSE,NA,NA,NA,NA,NA,NA,FALSE,NA,TRUE,TRUE,TRUE,NA,NA,FALSE,NA,NA,FALSE,NA,NA,NA,37.465887,-13.306508,701.88,NA,NA,NA,NA,FALSE,NA,NA,NA,NA,0.205,"mirror_densitometer","Densiometer recordings in 4 directions for each plot (standing in the centre, face N, S, E, W). An average is taken of the four readings",NA,FALSE,NA,NA,NA,NA,NA,NA,NA,NA,NA,NA,NA,FALSE,TRUE,NA,NA,NA,NA,NA,NA,"stem",NA,TRUE,NA,NA,NA,NA,NA,NA,NA,NA,NA,NA,NA,NA,NA,NA,NA,NA,NA,NA,NA,NA,NA,NA,NA,NA,NA,NA,NA,NA,NA,NA,NA,NA,NA,NA,NA,NA,"30_moz_ryan_ACES_checkN.xlsx","30_mozambique_various_ACES_clean.csv","2017","https://doi.org/10.1111/j.1744-7429.2010.00713.x",FALSE,NA,0.125663706143592,NA,125.663706143592,34.6,5,11.1891891891892,8.8,6.47798767553044,11.1891891891892,8.8,6.47798767553044,16.6133333333333,13.9,7.24695666831125,33.3,33.3,1.83847763108502,37,0,NA,NA,NA,NA,NA,NA,NA,NA,NA,NA,NA,NA,NA,NA,NA,37,37,15,2,0,0,NA,36,36,"Pterocarpus angolensis","Diplorhynchus condylocarpon","Monotes engleri","Combretum molle","Pseudolachnostylis maprouneifolia",0.243243243243243,0.162162162162162,0.162162162162162,0.108108108108108,0.108108108108108,11,9.48871804381193,2.12067254945607,0.856099342585829,6.9492385786802,37,37,15,2,0.482473233367706,2.63446339636975,2.63446339636975,2.28940501513175,1.17776500243628,0.6317489616982,294.436644720006,294.436644720006,119.366207318921,15.9154943091895,3.8394,20.9643935963454,20.9643935963454,18.2185062448797,9.37235609691862,-9.80120868839428,2.53386165894528,12.7041865305442,1.90534914504861,1.16779209197333,0.212903915035228,FALSE
"MAR_164","MAR_123","MCB_19a","MAR",2015,"MOZ","Ryan C.","Woollen E.; ACES","circle",NA,NA,20,NA,NA,NA,NA,NA,5,NA,FALSE,NA,NA,NA,NA,NA,NA,FALSE,NA,NA,NA,NA,NA,NA,FALSE,NA,NA,NA,NA,NA,NA,FALSE,NA,TRUE,TRUE,TRUE,NA,NA,FALSE,NA,NA,FALSE,NA,NA,NA,37.423179,-13.303511,767.299999999999,NA,NA,NA,NA,FALSE,NA,NA,NA,NA,0.785,"mirror_densitometer","Densiometer recordings in 4 directions for each plot (standing in the centre, face N, S, E, W). An average is taken of the four readings",NA,FALSE,NA,NA,NA,NA,NA,NA,NA,NA,NA,NA,NA,TRUE,FALSE,NA,NA,NA,NA,NA,NA,"stem",NA,TRUE,NA,NA,NA,NA,NA,NA,NA,NA,NA,NA,NA,NA,NA,NA,NA,NA,NA,NA,NA,NA,NA,NA,NA,NA,NA,NA,NA,NA,NA,NA,NA,NA,NA,NA,NA,NA,"30_moz_ryan_ACES_checkN.xlsx","30_mozambique_various_ACES_clean.csv","2017","https://doi.org/10.1111/j.1744-7429.2010.00713.x",FALSE,NA,0.125663706143592,NA,125.663706143592,34.5,5,11.6277083333333,9.33,6.79516073612866,11.6277083333333,9.33,6.79516073612866,16.4711111111111,13.2,7.22126349502956,27.7272727272727,28.9,4.40410965101708,96,0,NA,NA,NA,NA,NA,NA,NA,NA,NA,NA,NA,NA,NA,NA,NA,96,96,45,11,0,0,NA,80,76,"Indet indet","Brachystegia boehmii","Hymenocardia acida","Julbernardia globiflora","Pseudolachnostylis maprouneifolia",0.166666666666667,0.145833333333333,0.135416666666667,0.0729166666666667,0.0625,28,13.6141714057832,2.8301835842381,0.913411458333333,11.5488721804511,96,96,45,11,1.36392995896245,7.76990211337862,7.76990211337862,6.97496762425986,4.78391788573018,0.412459720730397,763.943726841098,763.943726841098,358.098621956764,87.5352187005424,10.85380975,61.8309164342185,61.8309164342185,55.5050287653445,38.0692089429843,-6.75211062678551,1.83644802989263,13.2098622401527,1.87738575100908,0.764639094085461,0.134933903590187,FALSE
"MAR_165","MAR_123","MVG_0a","MAR",2015,"MOZ","Ryan C.","Woollen E.; ACES","circle",NA,NA,20,NA,NA,NA,NA,NA,5,NA,FALSE,NA,NA,NA,NA,NA,NA,FALSE,NA,NA,NA,NA,NA,NA,FALSE,NA,NA,NA,NA,NA,NA,FALSE,NA,TRUE,TRUE,TRUE,NA,NA,FALSE,NA,NA,FALSE,NA,NA,NA,37.589181,-13.300397,633.5,NA,NA,NA,NA,FALSE,NA,NA,NA,NA,0.135,"mirror_densitometer","Densiometer recordings in 4 directions for each plot (standing in the centre, face N, S, E, W). An average is taken of the four readings",NA,FALSE,NA,NA,NA,NA,NA,NA,NA,NA,NA,NA,NA,TRUE,FALSE,NA,NA,TRUE,NA,NA,NA,"stem",NA,TRUE,NA,NA,NA,NA,NA,NA,NA,NA,NA,NA,NA,NA,NA,NA,NA,NA,NA,NA,NA,NA,NA,NA,NA,NA,NA,NA,NA,NA,NA,NA,NA,NA,NA,NA,NA,NA,"30_moz_ryan_ACES_checkN.xlsx","30_mozambique_various_ACES_clean.csv","2017","https://doi.org/10.1111/j.1744-7429.2010.00713.x",FALSE,NA,0.125663706143592,NA,125.663706143592,34.8,5,8.00281690140845,6.5,4.77349742494913,8.00281690140845,6.5,4.77349742494913,14.8384615384615,12,7.87998926199971,32.15,32.15,3.7476659402887,71,0,NA,NA,NA,NA,NA,NA,NA,NA,NA,NA,NA,NA,NA,NA,NA,71,71,13,2,0,0,NA,70,58,"Diplorhynchus condylocarpon","Combretum indet","Annona senegalensis","Piliostigma thonningii","Bridelia cathartica",0.225352112676056,0.126760563380282,0.0985915492957746,0.0845070422535211,0.0563380281690141,20,12.5625236144456,2.60346860571301,0.898234477286253,9.82651072124756,71,71,13,2,0.482410401514634,2.52461033815578,2.52461033815578,1.86696822714214,1.32439021154936,0.491325536062378,565.000047976228,565.000047976228,103.450713009732,15.9154943091895,3.8389,20.0902107349197,20.0902107349197,14.8568610972592,10.5391624375301,NA,NA,9.06241968420071,1.85430422516958,0.618513237714874,0.137069642873627,FALSE
"MAR_166","MAR_123","MCB_4b","MAR",2015,"MOZ","Ryan C.","Woollen E.; ACES","circle",NA,NA,20,NA,NA,NA,NA,NA,5,NA,FALSE,NA,NA,NA,NA,NA,NA,FALSE,NA,NA,NA,NA,NA,NA,FALSE,NA,NA,NA,NA,NA,NA,FALSE,NA,TRUE,TRUE,TRUE,NA,NA,FALSE,NA,NA,FALSE,NA,NA,NA,37.422888,-13.298631,737.69,NA,NA,NA,NA,FALSE,NA,NA,NA,NA,0.3775,"mirror_densitometer","Densiometer recordings in 4 directions for each plot (standing in the centre, face N, S, E, W). An average is taken of the four readings",NA,FALSE,NA,NA,NA,NA,NA,NA,NA,NA,NA,NA,NA,TRUE,FALSE,NA,NA,NA,NA,NA,NA,"stem",NA,TRUE,NA,NA,NA,NA,NA,NA,NA,NA,NA,NA,NA,NA,NA,NA,NA,NA,NA,NA,NA,NA,NA,NA,NA,NA,NA,NA,NA,NA,NA,NA,NA,NA,NA,NA,NA,NA,"30_moz_ryan_ACES_checkN.xlsx","30_mozambique_various_ACES_clean.csv","2017","https://doi.org/10.1111/j.1744-7429.2010.00713.x",FALSE,NA,0.125663706143592,NA,125.663706143592,29.5,5,11.4144329896907,9.5,5.65681723105555,11.4144329896907,9.5,5.65681723105555,16.1674418604651,15.4,5.32861640802941,24.875,23.6,3.81603758591852,97,0,NA,NA,NA,NA,NA,NA,NA,NA,NA,NA,NA,NA,NA,NA,NA,97,97,43,8,0,0,NA,96,91,"Brachystegia boehmii","Julbernardia globiflora","Brachystegia spiciformis","Diplorhynchus condylocarpon","Zanha africana",0.175257731958763,0.175257731958763,0.0927835051546392,0.0824742268041237,0.0618556701030928,27,13.3405027264191,2.78451467011378,0.908916994367095,10.9789964994166,97,97,43,8,1.23386208549372,6.49384569114122,6.49384569114122,5.5882853096577,2.62426316976778,0.406629499978391,771.901473995692,771.901473995692,342.183127647575,63.6619772367581,9.8187625,51.6763820710566,51.6763820710566,44.4701615219923,20.8832227721274,-6.74310242103513,0.870805985591965,12.9553373597717,2.16679529711056,0.645253350948263,0.158690772190589,FALSE
"MAR_167","MAR_123","MVG_0b","MAR",2015,"MOZ","Ryan C.","Woollen E.; ACES","circle",NA,NA,20,NA,NA,NA,NA,NA,5,NA,FALSE,NA,NA,NA,NA,NA,NA,FALSE,NA,NA,NA,NA,NA,NA,FALSE,NA,NA,NA,NA,NA,NA,FALSE,NA,TRUE,TRUE,TRUE,NA,NA,FALSE,NA,NA,FALSE,NA,NA,NA,37.589284,-13.296861,629.789999999999,NA,NA,NA,NA,FALSE,NA,NA,NA,NA,0.1125,"mirror_densitometer","Densiometer recordings in 4 directions for each plot (standing in the centre, face N, S, E, W). An average is taken of the four readings",NA,FALSE,NA,NA,NA,NA,NA,NA,NA,NA,NA,NA,NA,TRUE,FALSE,NA,NA,NA,NA,NA,NA,"stem",NA,TRUE,NA,NA,NA,NA,NA,NA,NA,NA,NA,NA,NA,NA,NA,NA,NA,NA,NA,NA,NA,NA,NA,NA,NA,NA,NA,NA,NA,NA,NA,NA,NA,NA,NA,NA,NA,NA,"30_moz_ryan_ACES_checkN.xlsx","30_mozambique_various_ACES_clean.csv","2017","https://doi.org/10.1111/j.1744-7429.2010.00713.x",FALSE,NA,0.125663706143592,NA,125.663706143592,11.2,5,6.932,6.5,1.7111691909335,6.932,6.5,1.7111691909335,10.75,10.75,0.636396103067892,NA,NA,NA,25,0,NA,NA,NA,NA,NA,NA,NA,NA,NA,NA,NA,NA,NA,NA,NA,25,25,2,0,0,0,NA,25,24,"Bauhinia petersiana","Piliostigma thonningii","Vachellia amythethophylla","Annona senegalensis","Combretum indet",0.36,0.32,0.12,0.04,0.04,8,8,1.63062020904944,0.7456,3.93081761006289,25,25,2,0,0.0998704450594561,0.328089526015218,0.328089526015218,0.0736846570897157,0,0.491352201257862,198.943678864869,198.943678864869,15.9154943091895,0,0.79474375,2.61085349209995,2.61085349209995,0.586363870292976,0,NA,NA,7.59880781279412,4.26554128506504,0.378378867117337,0.622315786463144,FALSE
"MAR_168","MAR_123","MCB_4a","MAR",2015,"MOZ","Ryan C.","Woollen E.; ACES","circle",NA,NA,20,NA,NA,NA,NA,NA,5,NA,FALSE,NA,NA,NA,NA,NA,NA,FALSE,NA,NA,NA,NA,NA,NA,FALSE,NA,NA,NA,NA,NA,NA,FALSE,NA,TRUE,TRUE,TRUE,NA,NA,FALSE,NA,NA,FALSE,NA,NA,NA,37.422914,-13.294501,749.759999999999,NA,NA,NA,NA,FALSE,NA,NA,NA,NA,0.935,"mirror_densitometer","Densiometer recordings in 4 directions for each plot (standing in the centre, face N, S, E, W). An average is taken of the four readings",NA,FALSE,NA,NA,NA,NA,NA,NA,NA,NA,NA,NA,NA,TRUE,FALSE,NA,NA,NA,NA,NA,NA,"stem",NA,TRUE,NA,NA,NA,NA,NA,NA,NA,NA,NA,NA,NA,NA,NA,NA,NA,NA,NA,NA,NA,NA,NA,NA,NA,NA,NA,NA,NA,NA,NA,NA,NA,NA,NA,NA,NA,NA,"30_moz_ryan_ACES_checkN.xlsx","30_mozambique_various_ACES_clean.csv","2017","https://doi.org/10.1111/j.1744-7429.2010.00713.x",FALSE,NA,0.125663706143592,NA,125.663706143592,56.1,5,9.80050251256281,8,6.04647403294302,9.80050251256281,8,6.04647403294302,16.4491525423729,14.3,7.45442180466378,27.6727272727273,24,10.7719163484582,199,0,NA,NA,NA,NA,NA,NA,NA,NA,NA,NA,NA,NA,NA,NA,NA,199,199,59,11,1,0,NA,182,170,"Diplorhynchus condylocarpon","Julbernardia globiflora","Indet indet","Diospyros kirkii","Brachystegia boehmii",0.14572864321608,0.0954773869346734,0.085427135678392,0.0703517587939698,0.0653266331658292,40,15.0469794858038,3.15021985494942,0.938309638645489,16.2099877200164,199,199,59,11,2.06974171584354,11.9362546385867,11.9362546385867,9.94529282974607,6.24229167861955,0.405249693000409,1583.59168376436,1583.59168376436,469.507082121091,87.5352187005424,16.47048125,94.9856963867318,94.9856963867318,79.1421257175235,49.6745788436853,-4.92618673346131,0.581663498787434,11.1010609946341,1.79823925043698,0.46580171616363,0.0826419131492483,FALSE
"MAR_169","MAR_123","MCB_1b","MAR",2015,"MOZ","Ryan C.","Woollen E.; ACES","circle",NA,NA,20,NA,NA,NA,NA,NA,5,NA,FALSE,NA,NA,NA,NA,NA,NA,FALSE,NA,NA,NA,NA,NA,NA,FALSE,NA,NA,NA,NA,NA,NA,FALSE,NA,TRUE,TRUE,TRUE,NA,NA,FALSE,NA,NA,FALSE,NA,NA,NA,37.494925,-13.290784,679.11,NA,NA,NA,NA,FALSE,NA,NA,NA,NA,0,"mirror_densitometer","Densiometer recordings in 4 directions for each plot (standing in the centre, face N, S, E, W). An average is taken of the four readings",NA,FALSE,NA,NA,NA,NA,NA,NA,NA,NA,NA,NA,NA,TRUE,FALSE,NA,NA,NA,NA,NA,NA,"stem",NA,TRUE,NA,NA,NA,NA,NA,NA,NA,NA,NA,NA,NA,NA,NA,NA,NA,NA,NA,NA,NA,NA,NA,NA,NA,NA,NA,NA,NA,NA,NA,NA,NA,NA,NA,NA,NA,NA,"30_moz_ryan_ACES_checkN.xlsx","30_mozambique_various_ACES_clean.csv","2017","https://doi.org/10.1111/j.1744-7429.2010.00713.x",FALSE,NA,0.125663706143592,NA,125.663706143592,23,5,9.84473684210526,7.15,5.5390357912225,9.84473684210526,7.15,5.5390357912225,15.1466666666667,11,5.37824542109449,21.66,21.6,1.16961532137708,38,0,NA,NA,NA,NA,NA,NA,NA,NA,NA,NA,NA,NA,NA,NA,NA,38,38,15,5,0,0,NA,37,32,"Monotes engleri","Pseudolachnostylis maprouneifolia","Berchemia zeyheri","Strychnos indet","Syzygium guineense",0.210526315789474,0.157894736842105,0.105263157894737,0.105263157894737,0.105263157894737,12,10.4231142050727,2.26917590774285,0.879501385041551,8.29885057471265,38,38,15,5,0.378413474504688,1.87453008807654,1.87453008807654,1.63925996960125,1.08518762137621,0.691570881226054,302.394391874601,302.394391874601,119.366207318921,39.7887357729738,3.01131875,14.9170364745933,14.9170364745933,13.0448163587354,8.63564870620798,-4.81336669531945,2.93103027181576,11.1984252204623,1.95808047631597,0.987765165844079,0.230164997361652,FALSE
"MAR_170","MAR_123","MVG_43a","MAR",2015,"MOZ","Ryan C.","Woollen E.; ACES","circle",NA,NA,20,NA,NA,NA,NA,NA,5,NA,FALSE,NA,NA,NA,NA,NA,NA,FALSE,NA,NA,NA,NA,NA,NA,FALSE,NA,NA,NA,NA,NA,NA,FALSE,NA,TRUE,TRUE,TRUE,NA,NA,FALSE,NA,NA,FALSE,NA,NA,NA,37.58107,-13.28868,667.07,NA,NA,NA,NA,FALSE,NA,NA,NA,NA,0.6275,"mirror_densitometer","Densiometer recordings in 4 directions for each plot (standing in the centre, face N, S, E, W). An average is taken of the four readings",NA,FALSE,NA,NA,NA,NA,NA,NA,NA,NA,NA,NA,NA,TRUE,FALSE,NA,NA,NA,NA,NA,NA,"stem",NA,TRUE,NA,NA,NA,NA,NA,NA,NA,NA,NA,NA,NA,NA,NA,NA,NA,NA,NA,NA,NA,NA,NA,NA,NA,NA,NA,NA,NA,NA,NA,NA,NA,NA,NA,NA,NA,NA,"30_moz_ryan_ACES_checkN.xlsx","30_mozambique_various_ACES_clean.csv","2017","https://doi.org/10.1111/j.1744-7429.2010.00713.x",FALSE,NA,0.125663706143592,NA,125.663706143592,23.5,5,6.65632183908046,6,2.61492590269983,6.65632183908046,6,2.61492590269983,13.5714285714286,12,4.62266672160644,23.5,23.5,NA,87,0,NA,NA,NA,NA,NA,NA,NA,NA,NA,NA,NA,NA,NA,NA,NA,87,87,7,1,0,0,NA,85,85,"Brachystegia spiciformis","Julbernardia globiflora","Bauhinia petersiana","Hibiscus tiliaceus","Securidaca longipedunculata",0.160919540229885,0.114942528735632,0.0689655172413793,0.0574712643678161,0.0574712643678161,22,14.0991390053393,2.8407539503055,0.927731536530585,13.8372943327239,87,87,7,1,0.348931198247075,1.38765003057472,1.38765003057472,0.61856883229219,0.293776654635521,0.628967924214725,692.324002449745,692.324002449745,55.7042300821634,7.95774715459477,2.77670625,11.0425680823793,11.0425680823793,4.92241436509418,2.33780033751219,NA,NA,7.45359153092444,2.44865528477071,0.347961833113969,0.159664235154072,FALSE
"MAR_171","MAR_123","MCB_1a","MAR",2015,"MOZ","Ryan C.","Woollen E.; ACES","circle",NA,NA,20,NA,NA,NA,NA,NA,5,NA,FALSE,NA,NA,NA,NA,NA,NA,FALSE,NA,NA,NA,NA,NA,NA,FALSE,NA,NA,NA,NA,NA,NA,FALSE,NA,TRUE,TRUE,TRUE,NA,NA,FALSE,NA,NA,FALSE,NA,NA,NA,37.494934,-13.286634,704.009999999999,NA,NA,NA,NA,FALSE,NA,NA,NA,NA,0,"mirror_densitometer","Densiometer recordings in 4 directions for each plot (standing in the centre, face N, S, E, W). An average is taken of the four readings",NA,FALSE,NA,NA,NA,NA,NA,NA,NA,NA,NA,NA,NA,TRUE,FALSE,NA,NA,NA,NA,NA,NA,"stem",NA,TRUE,NA,NA,NA,NA,NA,NA,NA,NA,NA,NA,NA,NA,NA,NA,NA,NA,NA,NA,NA,NA,NA,NA,NA,NA,NA,NA,NA,NA,NA,NA,NA,NA,NA,NA,NA,NA,"30_moz_ryan_ACES_checkN.xlsx","30_mozambique_various_ACES_clean.csv","2017","https://doi.org/10.1111/j.1744-7429.2010.00713.x",FALSE,NA,0.125663706143592,NA,125.663706143592,NA,NA,NA,NA,NA,NA,NA,NA,NA,NA,NA,NA,NA,NA,0,0,NA,NA,NA,NA,NA,NA,NA,NA,NA,NA,NA,NA,NA,NA,NA,0,0,0,0,0,0,NA,0,0,NA,NA,NA,NA,NA,NA,NA,NA,NA,NA,0,NA,NA,NA,NA,0,0,0,0,0,0,0,0,0,NA,0,0,0,0,0,0,0,0,0,NA,NA,NA,NA,NA,NA,FALSE
"MAR_172","MAR_123","MVG_43b","MAR",2015,"MOZ","Ryan C.","Woollen E.; ACES","circle",NA,NA,20,NA,NA,NA,NA,NA,5,NA,FALSE,NA,NA,NA,NA,NA,NA,FALSE,NA,NA,NA,NA,NA,NA,FALSE,NA,NA,NA,NA,NA,NA,FALSE,NA,TRUE,TRUE,TRUE,NA,NA,FALSE,NA,NA,FALSE,NA,NA,NA,37.581218,-13.285059,659.59,NA,NA,NA,NA,FALSE,NA,NA,NA,NA,0,"mirror_densitometer","Densiometer recordings in 4 directions for each plot (standing in the centre, face N, S, E, W). An average is taken of the four readings",NA,FALSE,NA,NA,NA,NA,NA,NA,NA,NA,NA,NA,NA,TRUE,FALSE,NA,NA,TRUE,NA,NA,NA,"stem",NA,TRUE,NA,NA,NA,NA,NA,NA,NA,NA,NA,NA,NA,NA,NA,NA,NA,NA,NA,NA,NA,NA,NA,NA,NA,NA,NA,NA,NA,NA,NA,NA,NA,NA,NA,NA,NA,NA,"30_moz_ryan_ACES_checkN.xlsx","30_mozambique_various_ACES_clean.csv","2017","https://doi.org/10.1111/j.1744-7429.2010.00713.x",FALSE,NA,0.125663706143592,NA,125.663706143592,47,5,7.83333333333333,6,7.30653246531258,7.83333333333333,6,7.30653246531258,31.5,31.5,21.920310216783,47,47,NA,33,0,NA,NA,NA,NA,NA,NA,NA,NA,NA,NA,NA,NA,NA,NA,NA,33,33,2,1,1,0,NA,30,30,"Senna petersiana","Hibiscus tiliaceus","Philenoptera bussei","Dichrostachys cinerea","Indet indet",0.242424242424242,0.212121212121212,0.151515151515152,0.0909090909090909,0.0909090909090909,11,9.71408272854324,2.0940208635233,0.848484848484849,6.6,33,33,2,1,0.293208769350352,1.36535141782005,1.36535141782005,1.12260730759404,1.04140932392252,0.6,262.605656101627,262.605656101627,15.9154943091895,7.95774715459477,2.33328125,10.8651213601794,10.8651213601794,8.93342510773376,8.28727208421292,NA,NA,8.7909809926224,1.44453474946723,1.13178157140937,0.150067894480628,FALSE
"MAR_173","MAR_123","MCB_6a","MAR",2015,"MOZ","Ryan C.","Woollen E.; ACES","circle",NA,NA,20,NA,NA,NA,NA,NA,5,NA,FALSE,NA,NA,NA,NA,NA,NA,FALSE,NA,NA,NA,NA,NA,NA,FALSE,NA,NA,NA,NA,NA,NA,FALSE,NA,TRUE,TRUE,TRUE,NA,NA,FALSE,NA,NA,FALSE,NA,NA,NA,37.431365,-13.280933,750.2,NA,NA,NA,NA,FALSE,NA,NA,NA,NA,0.525,"mirror_densitometer","Densiometer recordings in 4 directions for each plot (standing in the centre, face N, S, E, W). An average is taken of the four readings",NA,FALSE,NA,NA,NA,NA,NA,NA,NA,NA,NA,NA,NA,TRUE,FALSE,NA,NA,NA,NA,NA,NA,"stem",NA,TRUE,NA,NA,NA,NA,NA,NA,NA,NA,NA,NA,NA,NA,NA,NA,NA,NA,NA,NA,NA,NA,NA,NA,NA,NA,NA,NA,NA,NA,NA,NA,NA,NA,NA,NA,NA,NA,"30_moz_ryan_ACES_checkN.xlsx","30_mozambique_various_ACES_clean.csv","2017","https://doi.org/10.1111/j.1744-7429.2010.00713.x",FALSE,NA,0.125663706143592,NA,125.663706143592,12.5,5,7.0125,6.6,1.76094999414798,7.0125,6.6,1.76094999414798,10.9727272727273,11,0.7044017448742,NA,NA,NA,128,0,NA,NA,NA,NA,NA,NA,NA,NA,NA,NA,NA,NA,NA,NA,NA,128,128,11,0,0,0,NA,123,123,"Brachystegia boehmii","Bobgunnia madagascariensis","Combretum molle","Crossopteryx febrifuga","Pseudolachnostylis maprouneifolia",0.328125,0.1640625,0.0546875,0.0546875,0.0546875,24,11.3695363739442,2.45468319336154,0.8475341796875,6.55884707766213,128,128,11,0,0.525293141236135,1.82732723406883,1.82732723406883,0.461334285874646,0,0.273285294902589,1018.59163578813,1018.59163578813,87.5352187005424,0,4.18015,14.5414080974247,14.5414080974247,3.67118160073597,0,NA,NA,7.70524710421359,4.03862615840257,0.179356048570636,0.256245321211352,FALSE
"MAR_174","MAR_123","BGZ_23a","MAR",2015,"MOZ","Ryan C.","Woollen E.; ACES","circle",NA,NA,20,NA,NA,NA,NA,NA,5,NA,FALSE,NA,NA,NA,NA,NA,NA,FALSE,NA,NA,NA,NA,NA,NA,FALSE,NA,NA,NA,NA,NA,NA,FALSE,NA,TRUE,TRUE,TRUE,NA,NA,FALSE,NA,NA,FALSE,NA,NA,NA,37.404974,-13.279898,807.08,NA,NA,NA,NA,FALSE,NA,NA,NA,NA,0.4525,"mirror_densitometer","Densiometer recordings in 4 directions for each plot (standing in the centre, face N, S, E, W). An average is taken of the four readings",NA,FALSE,NA,NA,NA,NA,NA,NA,NA,NA,NA,NA,NA,TRUE,FALSE,NA,NA,NA,NA,NA,NA,"stem",NA,TRUE,NA,NA,NA,NA,NA,NA,NA,NA,NA,NA,NA,NA,NA,NA,NA,NA,NA,NA,NA,NA,NA,NA,NA,NA,NA,NA,NA,NA,NA,NA,NA,NA,NA,NA,NA,NA,"30_moz_ryan_ACES_checkN.xlsx","30_mozambique_various_ACES_clean.csv","2017","https://doi.org/10.1111/j.1744-7429.2010.00713.x",FALSE,NA,0.125663706143592,NA,125.663706143592,24,5,7.86630434782609,7.25,2.64392394151299,7.86630434782609,7.25,2.64392394151299,11.7351351351351,11.1,2.77901023709843,22.5,22.5,2.12132034355964,184,0,NA,NA,NA,NA,NA,NA,NA,NA,NA,NA,NA,NA,NA,NA,NA,184,184,37,2,0,0,NA,177,174,"Diplorhynchus condylocarpon","Brachystegia boehmii","Julbernardia globiflora","Brachystegia spiciformis","Pterocarpus angolensis",0.190217391304348,0.135869565217391,0.135869565217391,0.103260869565217,0.0706521739130435,29,12.085567371967,2.7012866866768,0.902292060491493,10.2345828295042,184,184,37,2,0.994700490757561,3.5815269454734,3.5815269454734,1.75582093885151,0.366531253159387,0.352916649293249,1464.22547644544,1464.22547644544,294.436644720006,15.9154943091895,7.915575,28.5008858594455,28.5008858594455,13.9723790801235,2.91676303689916,-3.49103641399964,0.00240286915645102,8.76275305281181,2.87974192784363,0.238381845411679,0.137208094904824,FALSE
"MAR_175","MAR_123","MVG_12a","MAR",2015,"MOZ","Ryan C.","Woollen E.; ACES","circle",NA,NA,20,NA,NA,NA,NA,NA,5,NA,FALSE,NA,NA,NA,NA,NA,NA,FALSE,NA,NA,NA,NA,NA,NA,FALSE,NA,NA,NA,NA,NA,NA,FALSE,NA,TRUE,TRUE,TRUE,NA,NA,FALSE,NA,NA,FALSE,NA,NA,NA,37.617903,-13.280033,703.37,NA,NA,NA,NA,FALSE,NA,NA,NA,NA,0.1925,"mirror_densitometer","Densiometer recordings in 4 directions for each plot (standing in the centre, face N, S, E, W). An average is taken of the four readings",NA,FALSE,NA,NA,NA,NA,NA,NA,NA,NA,NA,NA,NA,TRUE,FALSE,NA,NA,NA,NA,NA,NA,"stem",NA,TRUE,NA,NA,NA,NA,NA,NA,NA,NA,NA,NA,NA,NA,NA,NA,NA,NA,NA,NA,NA,NA,NA,NA,NA,NA,NA,NA,NA,NA,NA,NA,NA,NA,NA,NA,NA,NA,"30_moz_ryan_ACES_checkN.xlsx","30_mozambique_various_ACES_clean.csv","2017","https://doi.org/10.1111/j.1744-7429.2010.00713.x",FALSE,NA,0.125663706143592,NA,125.663706143592,20,5,6.21578947368421,5.5,2.70322489113098,6.21578947368421,5.5,2.70322489113098,19.75,19.75,0.353553390593274,20,20,NA,57,0,NA,NA,NA,NA,NA,NA,NA,NA,NA,NA,NA,NA,NA,NA,NA,57,57,2,1,0,0,NA,57,51,"Diplorhynchus condylocarpon","Brachystegia spiciformis","Aganope stuhlmannii","Phyllocosmus lemaireanus","Senna petersiana",0.175438596491228,0.140350877192982,0.12280701754386,0.105263157894737,0.087719298245614,15,11.6117432995672,2.47423142166469,0.899969221298861,9.99692307692308,57,57,2,1,0.205104374176753,0.756261608466904,0.756261608466904,0.35010138212463,0.180663606048033,0.666461538461539,453.591587811902,453.591587811902,15.9154943091895,7.95774715459477,1.63216875,6.01813866290676,6.01813866290676,2.78601827742197,1.43767529696756,NA,NA,6.98192335446933,2.26610258400568,0.436106048144411,0.179045425393348,FALSE
"MAR_176","MAR_123","CTB_17b","MAR",2015,"MOZ","Ryan C.","Woollen E.; ACES","circle",NA,NA,20,NA,NA,NA,NA,NA,5,NA,FALSE,NA,NA,NA,NA,NA,NA,FALSE,NA,NA,NA,NA,NA,NA,FALSE,NA,NA,NA,NA,NA,NA,FALSE,NA,TRUE,TRUE,TRUE,NA,NA,FALSE,NA,NA,FALSE,NA,NA,NA,37.482755,-13.279047,719.799999999999,NA,NA,NA,NA,FALSE,NA,NA,NA,NA,0.2175,"mirror_densitometer","Densiometer recordings in 4 directions for each plot (standing in the centre, face N, S, E, W). An average is taken of the four readings",NA,FALSE,NA,NA,NA,NA,NA,NA,NA,NA,NA,NA,NA,TRUE,FALSE,NA,NA,NA,NA,NA,NA,"stem",NA,TRUE,NA,NA,NA,NA,NA,NA,NA,NA,NA,NA,NA,NA,NA,NA,NA,NA,NA,NA,NA,NA,NA,NA,NA,NA,NA,NA,NA,NA,NA,NA,NA,NA,NA,NA,NA,NA,"30_moz_ryan_ACES_checkN.xlsx","30_mozambique_various_ACES_clean.csv","2017","https://doi.org/10.1111/j.1744-7429.2010.00713.x",FALSE,NA,0.125663706143592,NA,125.663706143592,21.3,5,7.42053571428571,6.2,3.30936804050892,7.42053571428571,6.2,3.30936804050892,14.05,12.3,4.00782567817846,20.85,20.85,0.636396103067894,112,0,NA,NA,NA,NA,NA,NA,NA,NA,NA,NA,NA,NA,NA,NA,NA,112,112,16,2,0,0,NA,112,111,"Brachystegia boehmii","Pseudolachnostylis maprouneifolia","Julbernardia globiflora","Ochna schweinfurthiana","Combretum molle",0.392857142857143,0.142857142857143,0.116071428571429,0.0803571428571429,0.0446428571428571,18,9.30060130628043,2.10700839632506,0.798150510204082,4.95418641390205,112,112,16,2,0.579849253860212,2.32938120579797,2.32938120579797,1.35735917867809,0.385394746308732,0.275232578550114,891.267681314614,891.267681314614,127.323954473516,15.9154943091895,4.61429375,18.5366266624054,18.5366266624054,10.8015211418886,3.06687394583409,-3.67314927480672,0.763386524526269,8.38400422490593,2.31429318183731,0.36509718250578,0.14507347697876,FALSE
"MAR_177","MAR_123","MCB_16a","MAR",2015,"MOZ","Ryan C.","Woollen E.; ACES","circle",NA,NA,20,NA,NA,NA,NA,NA,5,NA,FALSE,NA,NA,NA,NA,NA,NA,FALSE,NA,NA,NA,NA,NA,NA,FALSE,NA,NA,NA,NA,NA,NA,FALSE,NA,TRUE,TRUE,TRUE,NA,NA,FALSE,NA,NA,FALSE,NA,NA,NA,37.465861,-13.278265,739.039999999999,NA,NA,NA,NA,FALSE,NA,NA,NA,NA,0.155,"mirror_densitometer","Densiometer recordings in 4 directions for each plot (standing in the centre, face N, S, E, W). An average is taken of the four readings",NA,FALSE,NA,NA,NA,NA,NA,NA,NA,NA,NA,NA,NA,TRUE,FALSE,NA,NA,NA,NA,NA,NA,"stem",NA,TRUE,NA,NA,NA,NA,NA,NA,NA,NA,NA,NA,NA,NA,NA,NA,NA,NA,NA,NA,NA,NA,NA,NA,NA,NA,NA,NA,NA,NA,NA,NA,NA,NA,NA,NA,NA,NA,"30_moz_ryan_ACES_checkN.xlsx","30_mozambique_various_ACES_clean.csv","2017","https://doi.org/10.1111/j.1744-7429.2010.00713.x",FALSE,NA,0.125663706143592,NA,125.663706143592,25.4,5,8.8030612244898,7,4.49346499326494,8.8030612244898,7,4.49346499326494,15.9363636363636,15.85,4.18097111692003,21.62,20.8,2.15684955432687,98,0,NA,NA,NA,NA,NA,NA,NA,NA,NA,NA,NA,NA,NA,NA,NA,98,98,22,5,0,0,NA,97,96,"Julbernardia globiflora","Bobgunnia madagascariensis","Diplorhynchus condylocarpon","Annona senegalensis","Erythrina latissima",0.142857142857143,0.0918367346938776,0.0918367346938776,0.0816326530612245,0.0816326530612245,23,13.4192582863874,2.80338538128291,0.925864223240317,13.4887640449438,98,98,22,5,0.750286938502765,3.47557049073993,3.47557049073993,2.58274475523713,1.24144593609051,0.586468001954079,779.859221150287,779.859221150287,175.070437401085,39.7887357729738,5.97059375,27.6577111832792,27.6577111832792,20.5528297270328,9.87911286550748,-4.65305126580199,1.35369413006873,10.0002936808688,2.10804635385383,0.510649646056688,0.14899874378165,FALSE
"MAR_178","MAR_123","MVG_17b","MAR",2015,"MOZ","Ryan C.","Woollen E.; ACES","circle",NA,NA,20,NA,NA,NA,NA,NA,5,NA,FALSE,NA,NA,NA,NA,NA,NA,FALSE,NA,NA,NA,NA,NA,NA,FALSE,NA,NA,NA,NA,NA,NA,FALSE,NA,TRUE,TRUE,TRUE,NA,NA,FALSE,NA,NA,FALSE,NA,NA,NA,37.602184,-13.278555,645.519999999999,NA,NA,NA,NA,FALSE,NA,NA,NA,NA,0.34,"mirror_densitometer","Densiometer recordings in 4 directions for each plot (standing in the centre, face N, S, E, W). An average is taken of the four readings",NA,FALSE,NA,NA,NA,NA,NA,NA,NA,NA,NA,NA,NA,TRUE,FALSE,NA,NA,NA,NA,NA,NA,"stem",NA,TRUE,NA,NA,NA,NA,NA,NA,NA,NA,NA,NA,NA,NA,NA,NA,NA,NA,NA,NA,NA,NA,NA,NA,NA,NA,NA,NA,NA,NA,NA,NA,NA,NA,NA,NA,NA,NA,"30_moz_ryan_ACES_checkN.xlsx","30_mozambique_various_ACES_clean.csv","2017","https://doi.org/10.1111/j.1744-7429.2010.00713.x",FALSE,NA,0.125663706143592,NA,125.663706143592,47,5,15.4036144578313,12,10.4765061875763,15.4036144578313,12,10.4765061875763,20.928,17,10.2007410695178,30.9047619047619,28,7.99315183081594,83,0,NA,NA,NA,NA,NA,NA,NA,NA,NA,NA,NA,NA,NA,NA,NA,83,83,50,21,4,0,NA,82,71,"Vepris lanceolata","Annona indet","Piliostigma thonningii","Pterocarpus angolensis","Annona senegalensis",0.156626506024096,0.120481927710843,0.108433734939759,0.0843373493975904,0.072289156626506,21,12.7964159825193,2.69758775137532,0.916533604296705,11.9808695652174,83,83,50,21,2.25359085952427,16.3926769046783,16.3926769046783,15.9468071230712,13.6978664682448,0.570517598343685,660.493013831366,660.493013831366,397.887357729738,167.11269024649,17.93350625,130.448777994395,130.448777994395,126.900659008491,109.004157911694,-11.6726728305722,2.29190676795204,17.3619982201318,1.61674807697697,1.25229134136825,0.13119962733013,FALSE
"MAR_179","MAR_123","BGZ_8a","MAR",2015,"MOZ","Ryan C.","Woollen E.; ACES","circle",NA,NA,20,NA,NA,NA,NA,NA,5,NA,FALSE,NA,NA,NA,NA,NA,NA,FALSE,NA,NA,NA,NA,NA,NA,FALSE,NA,NA,NA,NA,NA,NA,FALSE,NA,TRUE,TRUE,TRUE,NA,NA,FALSE,NA,NA,FALSE,NA,NA,NA,37.41618,-13.27707,784.009999999999,NA,NA,NA,NA,FALSE,NA,NA,NA,NA,0.83,"mirror_densitometer","Densiometer recordings in 4 directions for each plot (standing in the centre, face N, S, E, W). An average is taken of the four readings",NA,FALSE,NA,NA,NA,NA,NA,NA,NA,NA,NA,NA,NA,TRUE,FALSE,NA,NA,NA,NA,NA,NA,"stem",NA,TRUE,NA,NA,NA,NA,NA,NA,NA,NA,NA,NA,NA,NA,NA,NA,NA,NA,NA,NA,NA,NA,NA,NA,NA,NA,NA,NA,NA,NA,NA,NA,NA,NA,NA,NA,NA,NA,"30_moz_ryan_ACES_checkN.xlsx","30_mozambique_various_ACES_clean.csv","2017","https://doi.org/10.1111/j.1744-7429.2010.00713.x",FALSE,NA,0.125663706143592,NA,125.663706143592,50.3,5,8.11219512195122,6.3,6.25312492850186,8.11219512195122,6.3,6.25312492850186,18.6111111111111,13.95,11.6019718855885,30.6,23.15,13.3281656652369,123,0,NA,NA,NA,NA,NA,NA,NA,NA,NA,NA,NA,NA,NA,NA,NA,123,123,18,6,2,0,NA,116,109,"Julbernardia globiflora","Brachystegia boehmii","Pseudolachnostylis maprouneifolia","Pericopsis angolensis","Indet indet",0.235772357723577,0.178861788617886,0.0813008130081301,0.0650406504065041,0.0569105691056911,22,11.9788650899234,2.58167027680017,0.88703813867407,8.85254534815682,123,123,18,6,1.01039431685857,5.86261864509078,5.86261864509078,4.79250755102786,4.07004739618835,0.402388424916219,978.802900015156,978.802900015156,143.239448782706,47.7464829275686,8.0404625,46.6532368414454,46.6532368414454,38.1375633275659,32.3884080860837,-3.48283027049244,1.38632952885084,9.15789984167247,1.58195779570997,0.556944793196959,0.0874138288936366,FALSE
"MAR_180","MAR_123","BGZ_7a","MAR",2015,"MOZ","Ryan C.","Woollen E.; ACES","circle",NA,NA,20,NA,NA,NA,NA,NA,5,NA,FALSE,NA,NA,NA,NA,NA,NA,FALSE,NA,NA,NA,NA,NA,NA,FALSE,NA,NA,NA,NA,NA,NA,FALSE,NA,TRUE,TRUE,TRUE,NA,NA,FALSE,NA,NA,FALSE,NA,NA,NA,37.395839,-13.276594,832.61,NA,NA,NA,NA,FALSE,NA,NA,NA,NA,0.0275,"mirror_densitometer","Densiometer recordings in 4 directions for each plot (standing in the centre, face N, S, E, W). An average is taken of the four readings",NA,FALSE,NA,NA,NA,NA,NA,NA,NA,NA,NA,NA,NA,FALSE,FALSE,NA,NA,NA,NA,NA,NA,"stem",NA,TRUE,NA,NA,NA,NA,NA,NA,NA,NA,NA,NA,NA,NA,NA,NA,NA,NA,NA,NA,NA,NA,NA,NA,NA,NA,NA,NA,NA,NA,NA,NA,NA,NA,NA,NA,NA,NA,"30_moz_ryan_ACES_checkN.xlsx","30_mozambique_various_ACES_clean.csv","2017","https://doi.org/10.1111/j.1744-7429.2010.00713.x",FALSE,NA,0.125663706143592,NA,125.663706143592,30.1,5,7.17910447761194,6.5,3.52228994527935,7.17910447761194,6.5,3.52228994527935,20.1,20.1,10,25.1,25.1,7.07106781186548,67,0,NA,NA,NA,NA,NA,NA,NA,NA,NA,NA,NA,NA,NA,NA,NA,67,67,3,2,0,0,NA,51,51,"Commiphora edulis","Indet indet","Ficus sycomorus","Annona senegalensis","Diplorhynchus condylocarpon",0.507462686567164,0.238805970149254,0.0746268656716418,0.0298507462686567,0.0298507462686567,12,6.98232582537789,1.57090530538625,0.675874359545556,3.08522336769759,67,67,3,2,0.335520524607063,1.04310884194473,1.04310884194473,0.525963171205145,0.504238151952625,0.257101947308133,533.169059357849,533.169059357849,23.8732414637843,15.9154943091895,2.6699875,8.30079641891832,8.30079641891832,4.18548192907938,4.01259971893912,NA,NA,8.08412343625344,2.08694067977547,0.504931899588545,0.150415201339907,FALSE
"MAR_181","MAR_123","BGZ_23b","MAR",2015,"MOZ","Ryan C.","Woollen E.; ACES","circle",NA,NA,20,NA,NA,NA,NA,NA,5,NA,FALSE,NA,NA,NA,NA,NA,NA,FALSE,NA,NA,NA,NA,NA,NA,FALSE,NA,NA,NA,NA,NA,NA,FALSE,NA,TRUE,TRUE,TRUE,NA,NA,FALSE,NA,NA,FALSE,NA,NA,NA,37.404995,-13.276321,815.95,NA,NA,NA,NA,FALSE,NA,NA,NA,NA,0.885,"mirror_densitometer","Densiometer recordings in 4 directions for each plot (standing in the centre, face N, S, E, W). An average is taken of the four readings",NA,FALSE,NA,NA,NA,NA,NA,NA,NA,NA,NA,NA,NA,TRUE,FALSE,NA,NA,NA,NA,NA,NA,"stem",NA,TRUE,NA,NA,NA,NA,NA,NA,NA,NA,NA,NA,NA,NA,NA,NA,NA,NA,NA,NA,NA,NA,NA,NA,NA,NA,NA,NA,NA,NA,NA,NA,NA,NA,NA,NA,NA,NA,"30_moz_ryan_ACES_checkN.xlsx","30_mozambique_various_ACES_clean.csv","2017","https://doi.org/10.1111/j.1744-7429.2010.00713.x",FALSE,NA,0.125663706143592,NA,125.663706143592,15.8,5,7.18225806451613,6.5,2.20868907524549,7.18225806451613,6.5,2.20868907524549,11.8206896551724,10.9,1.7722824892423,NA,NA,NA,248,0,NA,NA,NA,NA,NA,NA,NA,NA,NA,NA,NA,NA,NA,NA,NA,248,248,29,0,0,0,NA,239,235,"Brachystegia boehmii","Julbernardia globiflora","Pseudolachnostylis maprouneifolia","Pterocarpus angolensis","Berchemia zeyheri",0.169354838709677,0.161290322580645,0.092741935483871,0.0887096774193548,0.0645161290322581,37,12.9319103727229,2.86849625440055,0.913371488033299,11.5435435435435,248,248,29,0,1.09939877832742,3.94529888713521,3.94529888713521,1.41462439819171,0,0.311987663339015,1973.5212943395,1973.5212943395,230.774667483248,0,8.7487375,31.3956909931261,31.3956909931261,11.2572232795304,0,-2.49235507224834,0.121369305243329,7.98320128500488,3.23804154607363,0.16664393299117,0.141960851539614,FALSE
"MAR_182","MAR_123","MVG_12b","MAR",2015,"MOZ","Ryan C.","Woollen E.; ACES","circle",NA,NA,20,NA,NA,NA,NA,NA,5,NA,FALSE,NA,NA,NA,NA,NA,NA,FALSE,NA,NA,NA,NA,NA,NA,FALSE,NA,NA,NA,NA,NA,NA,FALSE,NA,TRUE,TRUE,TRUE,NA,NA,FALSE,NA,NA,FALSE,NA,NA,NA,37.618025,-13.276419,686.45,NA,NA,NA,NA,FALSE,NA,NA,NA,NA,0.1675,"mirror_densitometer","Densiometer recordings in 4 directions for each plot (standing in the centre, face N, S, E, W). An average is taken of the four readings",NA,FALSE,NA,NA,NA,NA,NA,NA,NA,NA,NA,NA,NA,TRUE,FALSE,NA,NA,NA,NA,NA,NA,"stem",NA,TRUE,NA,NA,NA,NA,NA,NA,NA,NA,NA,NA,NA,NA,NA,NA,NA,NA,NA,NA,NA,NA,NA,NA,NA,NA,NA,NA,NA,NA,NA,NA,NA,NA,NA,NA,NA,NA,"30_moz_ryan_ACES_checkN.xlsx","30_mozambique_various_ACES_clean.csv","2017","https://doi.org/10.1111/j.1744-7429.2010.00713.x",FALSE,NA,0.125663706143592,NA,125.663706143592,9.5,5,6.574,6.05,1.37318488729445,6.574,6.05,1.37318488729445,NA,NA,NA,NA,NA,NA,50,0,NA,NA,NA,NA,NA,NA,NA,NA,NA,NA,NA,NA,NA,NA,NA,50,50,0,0,0,0,NA,49,45,"Brachystegia spiciformis","Brachystegia boehmii","Cussonia zimmermannii","Diplorhynchus condylocarpon","Terminalia indet",0.22,0.18,0.08,0.08,0.08,18,12.4822393735858,2.50718057583593,0.888,8.92857142857143,50,50,0,0,0.176971411963857,0.524046227091496,0.524046227091496,0,0,0.496031746031746,397.887357729738,397.887357729738,0,0,1.40829375,4.17022737251348,4.17022737251348,0,0,NA,NA,7.14237520339084,4.96583647139081,0.216242583495653,0.518448437484593,FALSE
"MAR_183","MAR_123","CTB_17a","MAR",2015,"MOZ","Ryan C.","Woollen E.; ACES","circle",NA,NA,20,NA,NA,NA,NA,NA,5,NA,FALSE,NA,NA,NA,NA,NA,NA,FALSE,NA,NA,NA,NA,NA,NA,FALSE,NA,NA,NA,NA,NA,NA,FALSE,NA,TRUE,TRUE,TRUE,NA,NA,FALSE,NA,NA,FALSE,NA,NA,NA,37.482543,-13.27562,713.58,NA,NA,NA,NA,FALSE,NA,NA,NA,NA,0.0025,"mirror_densitometer","Densiometer recordings in 4 directions for each plot (standing in the centre, face N, S, E, W). An average is taken of the four readings",NA,FALSE,NA,NA,NA,NA,NA,NA,NA,NA,NA,NA,NA,TRUE,FALSE,NA,NA,NA,NA,NA,NA,"stem",NA,TRUE,NA,NA,NA,NA,NA,NA,NA,NA,NA,NA,NA,NA,NA,NA,NA,NA,NA,NA,NA,NA,NA,NA,NA,NA,NA,NA,NA,NA,NA,NA,NA,NA,NA,NA,NA,NA,"30_moz_ryan_ACES_checkN.xlsx","30_mozambique_various_ACES_clean.csv","2017","https://doi.org/10.1111/j.1744-7429.2010.00713.x",FALSE,NA,0.125663706143592,NA,125.663706143592,27,5,7.40884955752212,6.6,3.13854372287201,7.40884955752212,6.6,3.13854372287201,14.5583333333333,13.35,4.80803462650769,27,27,NA,113,0,NA,NA,NA,NA,NA,NA,NA,NA,NA,NA,NA,NA,NA,NA,NA,113,113,12,1,0,0,NA,113,95,"Julbernardia globiflora","Terminalia indet","Brachystegia boehmii","Lannea schimperi","Diplorhynchus condylocarpon",0.20353982300885,0.15929203539823,0.141592920353982,0.079646017699115,0.0707964601769911,15,10.8038799047528,2.42117921152225,0.888401597619234,8.96070175438597,113,113,12,1,0.573807185789195,2.19831716804668,2.19831716804668,1.10450782566461,0.365766269124494,0.597380116959064,899.225428469209,899.225428469209,95.4929658551372,7.95774715459477,4.5662125,17.4936521889203,17.4936521889203,8.78939400691018,2.91067548737219,-2.66974866904938,0.681532441990786,8.33235369545625,2.3509254585346,0.355434930929661,0.138614028021905,FALSE
"MAR_184","MAR_123","BGZ_8b","MAR",2015,"MOZ","Ryan C.","Woollen E.; ACES","circle",NA,NA,20,NA,NA,NA,NA,NA,5,NA,FALSE,NA,NA,NA,NA,NA,NA,FALSE,NA,NA,NA,NA,NA,NA,FALSE,NA,NA,NA,NA,NA,NA,FALSE,NA,TRUE,TRUE,TRUE,NA,NA,FALSE,NA,NA,FALSE,NA,NA,NA,37.416186,-13.273508,789.7,NA,NA,NA,NA,FALSE,NA,NA,NA,NA,0.8025,"mirror_densitometer","Densiometer recordings in 4 directions for each plot (standing in the centre, face N, S, E, W). An average is taken of the four readings",NA,FALSE,NA,NA,NA,NA,NA,NA,NA,NA,NA,NA,NA,FALSE,FALSE,NA,NA,NA,NA,NA,NA,"stem",NA,TRUE,NA,NA,NA,NA,NA,NA,NA,NA,NA,NA,NA,NA,NA,NA,NA,NA,NA,NA,NA,NA,NA,NA,NA,NA,NA,NA,NA,NA,NA,NA,NA,NA,NA,NA,NA,NA,"30_moz_ryan_ACES_checkN.xlsx","30_mozambique_various_ACES_clean.csv","2017","https://doi.org/10.1111/j.1744-7429.2010.00713.x",FALSE,NA,0.125663706143592,NA,125.663706143592,14.2,5,7.89908256880734,7.3,2.01381779550426,7.89908256880734,7.3,2.01381779550426,11.69375,11.45,1.25351173375707,NA,NA,NA,109,0,NA,NA,NA,NA,NA,NA,NA,NA,NA,NA,NA,NA,NA,NA,NA,109,109,16,0,0,0,NA,107,106,"Brachystegia boehmii","Julbernardia globiflora","Pseudolachnostylis maprouneifolia","Brachystegia spiciformis","Diplorhynchus condylocarpon",0.330275229357798,0.165137614678899,0.110091743119266,0.0917431192660551,0.0825688073394495,18,9.11821073794457,2.15596179716808,0.828718121370255,5.83832923832924,109,109,16,0,0.568557584465047,2.03726397504015,2.03726397504015,0.704984705594762,0,0.324351624351624,867.394439850829,867.394439850829,127.323954473516,0,4.5244375,16.2120316005342,16.2120316005342,5.61009003497955,0,NA,NA,8.68469396959682,3.96726648494666,0.222941823991605,0.270794692112526,FALSE
"MAR_185","MAR_123","BGZ_7b","MAR",2015,"MOZ","Ryan C.","Woollen E.; ACES","circle",NA,NA,20,NA,NA,NA,NA,NA,5,NA,FALSE,NA,NA,NA,NA,NA,NA,FALSE,NA,NA,NA,NA,NA,NA,FALSE,NA,NA,NA,NA,NA,NA,FALSE,NA,TRUE,TRUE,TRUE,NA,NA,FALSE,NA,NA,FALSE,NA,NA,NA,37.395849,-13.273043,842.44,NA,NA,NA,NA,FALSE,NA,NA,NA,NA,0.08,"mirror_densitometer","Densiometer recordings in 4 directions for each plot (standing in the centre, face N, S, E, W). An average is taken of the four readings",NA,FALSE,NA,NA,NA,NA,NA,NA,NA,NA,NA,NA,NA,FALSE,FALSE,NA,NA,NA,NA,NA,NA,"stem",NA,TRUE,NA,NA,NA,NA,NA,NA,NA,NA,NA,NA,NA,NA,NA,NA,NA,NA,NA,NA,NA,NA,NA,NA,NA,NA,NA,NA,NA,NA,NA,NA,NA,NA,NA,NA,NA,NA,"30_moz_ryan_ACES_checkN.xlsx","30_mozambique_various_ACES_clean.csv","2017","https://doi.org/10.1111/j.1744-7429.2010.00713.x",FALSE,NA,0.125663706143592,NA,125.663706143592,14,5,7.225,6.65,2.19191404473058,7.225,6.65,2.19191404473058,11.86,11.7,1.26609636284131,NA,NA,NA,40,0,NA,NA,NA,NA,NA,NA,NA,NA,NA,NA,NA,NA,NA,NA,NA,40,40,5,0,0,0,NA,39,33,"Piliostigma thonningii","Commiphora edulis","Vitex indet","Ficus sycomorus","Brachystegia spiciformis",0.35,0.125,0.125,0.1,0.075,14,10.5548838305533,2.14182455287797,0.825,5.71428571428571,40,40,5,0,0.178709498099455,0.539891592643237,0.539891592643237,0.209967057770067,0,0.408163265306122,318.309886183791,318.309886183791,39.7887357729738,0,1.422125,4.29632078514635,4.29632078514635,1.67086475652839,0,NA,NA,8.02459839466885,3.3588982256032,0.402142406072032,0.374746759688835,FALSE
"MAR_186","MAR_123","MVG_45a","MAR",2015,"MOZ","Ryan C.","Woollen E.; ACES","circle",NA,NA,20,NA,NA,NA,NA,NA,5,NA,FALSE,NA,NA,NA,NA,NA,NA,FALSE,NA,NA,NA,NA,NA,NA,FALSE,NA,NA,NA,NA,NA,NA,FALSE,NA,TRUE,TRUE,TRUE,NA,NA,FALSE,NA,NA,FALSE,NA,NA,NA,37.584478,-13.27374,688.149999999999,NA,NA,NA,NA,FALSE,NA,NA,NA,NA,0,"mirror_densitometer","Densiometer recordings in 4 directions for each plot (standing in the centre, face N, S, E, W). An average is taken of the four readings",NA,FALSE,NA,NA,NA,NA,NA,NA,NA,NA,NA,NA,NA,TRUE,FALSE,NA,NA,TRUE,NA,NA,NA,"stem",NA,TRUE,NA,NA,NA,NA,NA,NA,NA,NA,NA,NA,NA,NA,NA,NA,NA,NA,NA,NA,NA,NA,NA,NA,NA,NA,NA,NA,NA,NA,NA,NA,NA,NA,NA,NA,NA,NA,"30_moz_ryan_ACES_checkN.xlsx","30_mozambique_various_ACES_clean.csv","2017","https://doi.org/10.1111/j.1744-7429.2010.00713.x",FALSE,NA,0.125663706143592,NA,125.663706143592,27.9,5,12.3076923076923,8.8,7.00410136259006,12.3076923076923,8.8,7.00410136259006,18.7166666666667,16.8,4.91341700516725,24.2,24.2,5.23259018078045,13,0,NA,NA,NA,NA,NA,NA,NA,NA,NA,NA,NA,NA,NA,NA,NA,13,13,6,2,0,0,NA,10,10,"Pericopsis angolensis","Diplorhynchus condylocarpon","Indet indet","Senna petersiana",NA,0.384615384615385,0.230769230769231,0.230769230769231,0.153846153846154,NA,4,4,1.33224492243853,0.72189349112426,3.59574468085106,13,13,6,2,0.20089856701176,1.16507918921563,1.16507918921563,1.07825916654646,0.637650515851206,0.898936170212766,103.450713009732,103.450713009732,47.7464829275686,15.9154943091895,1.5987,9.27140560285824,9.27140560285824,8.58051381450083,5.07426157814082,NA,NA,13.9791148421747,1.97114079074681,2.08579611019964,0.416535674303358,FALSE
"MAR_187","MAR_123","MVG_44a","MAR",2015,"MOZ","Ryan C.","Woollen E.; ACES","circle",NA,NA,20,NA,NA,NA,NA,NA,5,NA,FALSE,NA,NA,NA,NA,NA,NA,FALSE,NA,NA,NA,NA,NA,NA,FALSE,NA,NA,NA,NA,NA,NA,FALSE,NA,TRUE,TRUE,TRUE,NA,NA,FALSE,NA,NA,FALSE,NA,NA,NA,37.570814,-13.27097,678.87,NA,NA,NA,NA,FALSE,NA,NA,NA,NA,0.2625,"mirror_densitometer","Densiometer recordings in 4 directions for each plot (standing in the centre, face N, S, E, W). An average is taken of the four readings",NA,FALSE,NA,NA,NA,NA,NA,NA,NA,NA,NA,NA,NA,TRUE,FALSE,NA,NA,NA,NA,NA,NA,"stem",NA,TRUE,NA,NA,NA,NA,NA,NA,NA,NA,NA,NA,NA,NA,NA,NA,NA,NA,NA,NA,NA,NA,NA,NA,NA,NA,NA,NA,NA,NA,NA,NA,NA,NA,NA,NA,NA,NA,"30_moz_ryan_ACES_checkN.xlsx","30_mozambique_various_ACES_clean.csv","2017","https://doi.org/10.1111/j.1744-7429.2010.00713.x",FALSE,NA,0.125663706143592,NA,125.663706143592,40,5,8.97553191489362,7,5.99737731514875,8.97553191489362,7,5.99737731514875,17.75,13.8,8.09486516906015,26.5714285714286,22.5,7.41860595298836,94,0,NA,NA,NA,NA,NA,NA,NA,NA,NA,NA,NA,NA,NA,NA,NA,94,94,20,7,1,0,NA,94,77,"Burkea africana","Diplorhynchus condylocarpon","Uapaca indet","Aganope stuhlmannii","Pterocarpus angolensis",0.106382978723404,0.0957446808510638,0.0851063829787234,0.0638297872340425,0.0638297872340425,24,15.2347583583055,2.99940887540072,0.942507922136713,17.3937007874016,94,94,20,7,0.857476509046922,4.83709254853515,4.83709254853515,3.98373223268352,3.14464169337927,0.724737532808399,748.028232531908,748.028232531908,159.154943091895,55.7042300821634,6.82358125,38.4923594646171,38.4923594646171,31.7015338393048,25.024263487709,-3.53365935115431,1.48453386580771,10.1735209356537,1.70802593772522,0.655206103281666,0.116063928794466,FALSE
"MAR_188","MAR_123","BGZ_6a","MAR",2015,"MOZ","Ryan C.","Woollen E.; ACES","circle",NA,NA,20,NA,NA,NA,NA,NA,5,NA,FALSE,NA,NA,NA,NA,NA,NA,FALSE,NA,NA,NA,NA,NA,NA,FALSE,NA,NA,NA,NA,NA,NA,FALSE,NA,TRUE,TRUE,TRUE,NA,NA,FALSE,NA,NA,FALSE,NA,NA,NA,37.426559,-13.270022,765.649999999999,NA,NA,NA,NA,FALSE,NA,NA,NA,NA,0.3275,"mirror_densitometer","Densiometer recordings in 4 directions for each plot (standing in the centre, face N, S, E, W). An average is taken of the four readings",NA,FALSE,NA,NA,NA,NA,NA,NA,NA,NA,NA,NA,NA,TRUE,FALSE,NA,NA,NA,NA,NA,NA,"stem",NA,TRUE,NA,NA,NA,NA,NA,NA,NA,NA,NA,NA,NA,NA,NA,NA,NA,NA,NA,NA,NA,NA,NA,NA,NA,NA,NA,NA,NA,NA,NA,NA,NA,NA,NA,NA,NA,NA,"30_moz_ryan_ACES_checkN.xlsx","30_mozambique_various_ACES_clean.csv","2017","https://doi.org/10.1111/j.1744-7429.2010.00713.x",FALSE,NA,0.125663706143592,NA,125.663706143592,43.8,5,7.54925373134328,6.1,4.59484422193595,7.54925373134328,6.1,4.59484422193595,15.6833333333333,11.75,8.59125752625033,26.62,22.9,9.83346327597759,134,0,NA,NA,NA,NA,NA,NA,NA,NA,NA,NA,NA,NA,NA,NA,NA,134,134,18,5,1,0,NA,133,130,"Brachystegia boehmii","Parinari curatellifolia","Monotes engleri","Burkea africana","Julbernardia globiflora",0.261194029850746,0.134328358208955,0.0895522388059701,0.082089552238806,0.082089552238806,23,10.9270618589433,2.4782450543965,0.877366896858989,8.1544050862852,134,134,18,5,0.820332673705367,3.29262876386212,3.29262876386212,2.18075242605879,1.6675777439631,0.354539351577617,1066.3381187157,1066.3381187157,143.239448782706,39.7887357729738,6.528,26.2019071767607,26.2019071767607,17.353876413345,13.2701620470879,-3.15526764138563,1.11721213630317,8.53927833349105,1.82572169936438,0.430797027704044,0.0951610308822228,FALSE
"MAR_189","MAR_123","MVG_45b","MAR",2015,"MOZ","Ryan C.","Woollen E.; ACES","circle",NA,NA,20,NA,NA,NA,NA,NA,5,NA,FALSE,NA,NA,NA,NA,NA,NA,FALSE,NA,NA,NA,NA,NA,NA,FALSE,NA,NA,NA,NA,NA,NA,FALSE,NA,TRUE,TRUE,TRUE,NA,NA,FALSE,NA,NA,FALSE,NA,NA,NA,37.584611,-13.270092,678.769999999999,NA,NA,NA,NA,FALSE,NA,NA,NA,NA,0.26,"mirror_densitometer","Densiometer recordings in 4 directions for each plot (standing in the centre, face N, S, E, W). An average is taken of the four readings",NA,FALSE,NA,NA,NA,NA,NA,NA,NA,NA,NA,NA,NA,TRUE,FALSE,NA,NA,NA,NA,NA,NA,"stem",NA,TRUE,NA,NA,NA,NA,NA,NA,NA,NA,NA,NA,NA,NA,NA,NA,NA,NA,NA,NA,NA,NA,NA,NA,NA,NA,NA,NA,NA,NA,NA,NA,NA,NA,NA,NA,NA,NA,"30_moz_ryan_ACES_checkN.xlsx","30_mozambique_various_ACES_clean.csv","2017","https://doi.org/10.1111/j.1744-7429.2010.00713.x",FALSE,NA,0.125663706143592,NA,125.663706143592,86,5,8.10413223140496,6,9.45276323528571,8.10413223140496,6,9.45276323528571,27.3090909090909,13.8,24.7318602028013,46.1,41,26.7637814966421,121,0,NA,NA,NA,NA,NA,NA,NA,NA,NA,NA,NA,NA,NA,NA,NA,121,121,11,5,3,1,NA,112,92,"Combretum indet","Diplorhynchus condylocarpon","Markhamia obtusifolia","Senna petersiana","Indet indet",0.165289256198347,0.115702479338843,0.115702479338843,0.115702479338843,0.0743801652892562,19,12.0278809113309,2.62403082415855,0.910320333310566,11.1507996953541,121,121,11,5,1.46629753035854,12.7051641163643,12.7051641163643,11.5930566434924,11.2268461289613,0.586884194492324,962.887405705967,962.887405705967,87.5352187005424,39.7887357729738,11.668425,101.104483595658,101.104483595658,92.2546135178072,89.3404028378154,NA,NA,8.94807631142133,1.29732980149733,0.669029994542363,0.0686482253558011,FALSE
"MAR_190","MAR_123","CTB_0b","MAR",2015,"MOZ","Ryan C.","Woollen E.; ACES","circle",NA,NA,20,NA,NA,NA,NA,NA,5,NA,FALSE,NA,NA,NA,NA,NA,NA,FALSE,NA,NA,NA,NA,NA,NA,FALSE,NA,NA,NA,NA,NA,NA,FALSE,NA,TRUE,TRUE,TRUE,NA,NA,FALSE,NA,NA,FALSE,NA,NA,NA,37.45683,-13.266886,788.659999999999,NA,NA,NA,NA,FALSE,NA,NA,NA,NA,0.285,"mirror_densitometer","Densiometer recordings in 4 directions for each plot (standing in the centre, face N, S, E, W). An average is taken of the four readings",NA,FALSE,NA,NA,NA,NA,NA,NA,NA,NA,NA,NA,NA,TRUE,FALSE,NA,NA,NA,NA,NA,NA,"stem",NA,TRUE,NA,NA,NA,NA,NA,NA,NA,NA,NA,NA,NA,NA,NA,NA,NA,NA,NA,NA,NA,NA,NA,NA,NA,NA,NA,NA,NA,NA,NA,NA,NA,NA,NA,NA,NA,NA,"30_moz_ryan_ACES_checkN.xlsx","30_mozambique_various_ACES_clean.csv","2017","https://doi.org/10.1111/j.1744-7429.2010.00713.x",FALSE,NA,0.125663706143592,NA,125.663706143592,19.6,5,6.65737704918033,5.9,2.4314919299608,6.65737704918033,5.9,2.4314919299608,13.26,13,3.80433962732036,NA,NA,NA,61,0,NA,NA,NA,NA,NA,NA,NA,NA,NA,NA,NA,NA,NA,NA,NA,61,61,5,0,0,0,NA,61,60,"Brachystegia boehmii","Bobgunnia madagascariensis","Pterocarpus angolensis","Diplorhynchus condylocarpon","Pericopsis angolensis",0.278688524590164,0.180327868852459,0.147540983606557,0.114754098360656,0.0819672131147541,12,8.90894788623073,2.08727096908011,0.841709217952163,6.31748726655348,61,61,5,0,0.240197534913678,0.848611475246019,0.848611475246019,0.338639956413817,0,0.52645727221279,485.422576430281,485.422576430281,39.7887357729738,0,1.91143125,6.75303555249547,6.75303555249547,2.69481114958415,0,NA,NA,7.44137044785427,2.62269537269029,0.387593315665718,0.209642582472957,FALSE
"MAR_191","MAR_123","MVG_44b","MAR",2015,"MOZ","Ryan C.","Woollen E.; ACES","circle",NA,NA,20,NA,NA,NA,NA,NA,5,NA,FALSE,NA,NA,NA,NA,NA,NA,FALSE,NA,NA,NA,NA,NA,NA,FALSE,NA,NA,NA,NA,NA,NA,FALSE,NA,TRUE,TRUE,TRUE,NA,NA,FALSE,NA,NA,FALSE,NA,NA,NA,37.570944,-13.267368,670.889999999999,NA,NA,NA,NA,FALSE,NA,NA,NA,NA,0,"mirror_densitometer","Densiometer recordings in 4 directions for each plot (standing in the centre, face N, S, E, W). An average is taken of the four readings",NA,FALSE,NA,NA,NA,NA,NA,NA,NA,NA,NA,NA,NA,TRUE,FALSE,NA,NA,NA,NA,NA,NA,"stem",NA,TRUE,NA,NA,NA,NA,NA,NA,NA,NA,NA,NA,NA,NA,NA,NA,NA,NA,NA,NA,NA,NA,NA,NA,NA,NA,NA,NA,NA,NA,NA,NA,NA,NA,NA,NA,NA,NA,"30_moz_ryan_ACES_checkN.xlsx","30_mozambique_various_ACES_clean.csv","2017","https://doi.org/10.1111/j.1744-7429.2010.00713.x",FALSE,NA,0.125663706143592,NA,125.663706143592,17.2,5,6.61538461538461,6,1.99093498522293,6.61538461538461,6,1.99093498522293,12.925,11.75,2.87909129182571,NA,NA,NA,65,0,NA,NA,NA,NA,NA,NA,NA,NA,NA,NA,NA,NA,NA,NA,NA,65,65,4,0,0,0,NA,64,42,"Terminalia indet","Brachystegia boehmii","Brachystegia spiciformis","Piliostigma thonningii","Crossopteryx febrifuga",0.261538461538462,0.2,0.107692307692308,0.0923076923076923,0.0769230769230769,12,9.27589018978447,2.14855133132808,0.852544378698225,6.78170144462279,65,65,4,0,0.243339912965431,0.818429352648826,0.818429352648826,0.253172522260201,0,0.565141787051899,517.25356504866,517.25356504866,31.8309886183791,0,1.9364375,6.51285385227803,6.51285385227803,2.01468291863769,0,NA,NA,7.32394519954233,3.03338921939214,0.319377326882233,0.234103024288308,FALSE
"MAR_192","MAR_123","BGZ_6b","MAR",2015,"MOZ","Ryan C.","Woollen E.; ACES","circle",NA,NA,20,NA,NA,NA,NA,NA,5,NA,FALSE,NA,NA,NA,NA,NA,NA,FALSE,NA,NA,NA,NA,NA,NA,FALSE,NA,NA,NA,NA,NA,NA,FALSE,NA,TRUE,TRUE,TRUE,NA,NA,FALSE,NA,NA,FALSE,NA,NA,NA,37.426586,-13.266492,742.73,NA,NA,NA,NA,FALSE,NA,NA,NA,NA,0.4,"mirror_densitometer","Densiometer recordings in 4 directions for each plot (standing in the centre, face N, S, E, W). An average is taken of the four readings",NA,FALSE,NA,NA,NA,NA,NA,NA,NA,NA,NA,NA,NA,TRUE,FALSE,NA,NA,NA,NA,NA,NA,"stem",NA,TRUE,NA,NA,NA,NA,NA,NA,NA,NA,NA,NA,NA,NA,NA,NA,NA,NA,NA,NA,NA,NA,NA,NA,NA,NA,NA,NA,NA,NA,NA,NA,NA,NA,NA,NA,NA,NA,"30_moz_ryan_ACES_checkN.xlsx","30_mozambique_various_ACES_clean.csv","2017","https://doi.org/10.1111/j.1744-7429.2010.00713.x",FALSE,NA,0.125663706143592,NA,125.663706143592,18,5,7.38059701492537,6.4,2.46074374758308,7.38059701492537,6.4,2.46074374758308,12.2,11.5,2.31732604525129,NA,NA,NA,134,0,NA,NA,NA,NA,NA,NA,NA,NA,NA,NA,NA,NA,NA,NA,NA,134,134,19,0,0,0,NA,133,125,"Brachystegia boehmii","Pseudolachnostylis maprouneifolia","Julbernardia globiflora","Lannea schimperi","Diplorhynchus condylocarpon",0.171641791044776,0.126865671641791,0.119402985074627,0.082089552238806,0.0597014925373134,29,13.3874939972872,2.84722348235378,0.917576297616396,12.1324324324324,134,134,19,0,0.63654636187771,2.2278064510087,2.2278064510087,1.02071066399709,0,0.418359739049394,1066.3381187157,1066.3381187157,151.197195937301,0,5.065475,17.7283204465023,17.7283204465023,8.12255738208737,0,-2.736383901246,0.129274357069535,8.23492080053932,2.97022938044606,0.255053299565323,0.173196407719879,FALSE
"MAR_193","MAR_123","BGZ_3a","MAR",2015,"MOZ","Ryan C.","Woollen E.; ACES","circle",NA,NA,20,NA,NA,NA,NA,NA,5,NA,FALSE,NA,NA,NA,NA,NA,NA,FALSE,NA,NA,NA,NA,NA,NA,FALSE,NA,NA,NA,NA,NA,NA,FALSE,NA,TRUE,TRUE,TRUE,NA,NA,FALSE,NA,NA,FALSE,NA,NA,NA,37.401133,-13.263852,730.509999999999,NA,NA,NA,NA,FALSE,NA,NA,NA,NA,0.875,"mirror_densitometer","Densiometer recordings in 4 directions for each plot (standing in the centre, face N, S, E, W). An average is taken of the four readings",NA,FALSE,NA,NA,NA,NA,NA,NA,NA,NA,NA,NA,NA,TRUE,FALSE,NA,NA,NA,NA,NA,NA,"stem",NA,TRUE,NA,NA,NA,NA,NA,NA,NA,NA,NA,NA,NA,NA,NA,NA,NA,NA,NA,NA,NA,NA,NA,NA,NA,NA,NA,NA,NA,NA,NA,NA,NA,NA,NA,NA,NA,NA,"30_moz_ryan_ACES_checkN.xlsx","30_mozambique_various_ACES_clean.csv","2017","https://doi.org/10.1111/j.1744-7429.2010.00713.x",FALSE,NA,0.125663706143592,NA,125.663706143592,25,5,8.41538461538462,7.75,3.39329605819276,8.41538461538462,7.75,3.39329605819276,13.0854166666667,12.35,2.76105049260151,25,25,NA,182,0,NA,NA,NA,NA,NA,NA,NA,NA,NA,NA,NA,NA,NA,NA,NA,182,182,48,1,0,0,NA,181,178,"Brachystegia boehmii","Diplorhynchus condylocarpon","Zanha africana","Antidesma venosum","Julbernardia globiflora",0.252747252747253,0.131868131868132,0.0824175824175824,0.0604395604395604,0.0494505494505494,28,12.5449508866954,2.71435112002268,0.893430745079097,9.38356940509915,182,182,48,1,1.17598609483296,4.63787205422014,4.63787205422014,3.04773249555426,0.303700369944094,0.335127478753541,1448.30998213625,1448.30998213625,381.971863420549,7.95774715459477,9.3582,36.9070131428449,36.9070131428449,24.2530845944629,2.416770754772,-3.69737829853599,0.142365059297949,9.48362544488818,2.58146399734869,0.289427863717134,0.134596905127108,FALSE
"MAR_194","MAR_123","CTB_20b","MAR",2015,"MOZ","Ryan C.","Woollen E.; ACES","circle",NA,NA,20,NA,NA,NA,NA,NA,5,NA,FALSE,NA,NA,NA,NA,NA,NA,FALSE,NA,NA,NA,NA,NA,NA,FALSE,NA,NA,NA,NA,NA,NA,FALSE,NA,TRUE,TRUE,TRUE,NA,NA,FALSE,NA,NA,FALSE,NA,NA,NA,37.471815,-13.263696,775.5,NA,NA,NA,NA,FALSE,NA,NA,NA,NA,0.7025,"mirror_densitometer","Densiometer recordings in 4 directions for each plot (standing in the centre, face N, S, E, W). An average is taken of the four readings",NA,FALSE,NA,NA,NA,NA,NA,NA,NA,NA,NA,NA,NA,TRUE,FALSE,NA,NA,NA,NA,NA,NA,"stem",NA,TRUE,NA,NA,NA,NA,NA,NA,NA,NA,NA,NA,NA,NA,NA,NA,NA,NA,NA,NA,NA,NA,NA,NA,NA,NA,NA,NA,NA,NA,NA,NA,NA,NA,NA,NA,NA,NA,"30_moz_ryan_ACES_checkN.xlsx","30_mozambique_various_ACES_clean.csv","2017","https://doi.org/10.1111/j.1744-7429.2010.00713.x",FALSE,NA,0.125663706143592,NA,125.663706143592,21.8,5,7.3447619047619,6.5,2.70744925325786,7.3447619047619,6.5,2.70744925325786,12.7775,11.7,3.28421422009562,21.8,21.8,NA,189,0,NA,NA,NA,NA,NA,NA,NA,NA,NA,NA,NA,NA,NA,NA,NA,189,189,24,1,0,0,NA,188,188,"Brachystegia boehmii","Catunaregam spinosa","Pseudolachnostylis maprouneifolia","Diplorhynchus condylocarpon","Burkea africana",0.291005291005291,0.148148148148148,0.0899470899470899,0.0740740740740741,0.0634920634920635,19,10.5938321468722,2.39566690540675,0.863917583494303,7.34848796543921,189,189,24,1,0.90900393785738,3.35537371088584,3.35537371088584,1.49762530462624,0.190468518948187,0.386762524496801,1504.01421221841,1504.01421221841,190.985931710274,7.95774715459477,7.2336235,26.7012156004039,26.7012156004039,11.9177235065386,1.51570031469981,-2.49307528364371,0.0765400841957388,8.2283882962375,2.67585473345793,0.238256027096704,0.12753712669157,FALSE
"MAR_195","MAR_123","CTB_0a","MAR",2015,"MOZ","Ryan C.","Woollen E.; ACES","circle",NA,NA,20,NA,NA,NA,NA,NA,5,NA,FALSE,NA,NA,NA,NA,NA,NA,FALSE,NA,NA,NA,NA,NA,NA,FALSE,NA,NA,NA,NA,NA,NA,FALSE,NA,TRUE,TRUE,TRUE,NA,NA,FALSE,NA,NA,FALSE,NA,NA,NA,37.456614,-13.263287,772.87,NA,NA,NA,NA,FALSE,NA,NA,NA,NA,0.295,"mirror_densitometer","Densiometer recordings in 4 directions for each plot (standing in the centre, face N, S, E, W). An average is taken of the four readings",NA,FALSE,NA,NA,NA,NA,NA,NA,NA,NA,NA,NA,NA,TRUE,FALSE,NA,NA,NA,NA,NA,NA,"stem",NA,TRUE,NA,NA,NA,NA,NA,NA,NA,NA,NA,NA,NA,NA,NA,NA,NA,NA,NA,NA,NA,NA,NA,NA,NA,NA,NA,NA,NA,NA,NA,NA,NA,NA,NA,NA,NA,NA,"30_moz_ryan_ACES_checkN.xlsx","30_mozambique_various_ACES_clean.csv","2017","https://doi.org/10.1111/j.1744-7429.2010.00713.x",FALSE,NA,0.125663706143592,NA,125.663706143592,23.5,5,10.7586206896552,9.75,4.39872527319428,10.7586206896552,9.75,4.39872527319428,14.2111111111111,12.7,4.03020645904947,21.475,21.1,1.45229703114296,58,0,NA,NA,NA,NA,NA,NA,NA,NA,NA,NA,NA,NA,NA,NA,NA,58,58,27,4,0,0,NA,52,52,"Monotes engleri","Brachystegia boehmii","Indet indet","Pseudolachnostylis maprouneifolia","Berchemia zeyheri",0.275862068965517,0.224137931034483,0.103448275862069,0.103448275862069,0.0862068965517241,12,9.1582523766473,2.09172686914395,0.838287752675386,6.18382352941176,58,58,27,4,0.613887624863694,2.90538839204297,2.90538839204297,2.35697160902779,0.85651407388953,0.51531862745098,461.549334966496,461.549334966496,214.859173174059,31.8309886183791,4.8851625,23.1203462097726,23.1203462097726,18.7561841152016,6.81592243436478,-6.7820260641146,0.775539098992519,12.1362326714464,2.59610936820052,0.652050165896916,0.247287456695209,FALSE
"MAR_196","MAR_123","BGZ_15a","MAR",2015,"MOZ","Ryan C.","Woollen E.; ACES","circle",NA,NA,20,NA,NA,NA,NA,NA,5,NA,FALSE,NA,NA,NA,NA,NA,NA,FALSE,NA,NA,NA,NA,NA,NA,FALSE,NA,NA,NA,NA,NA,NA,FALSE,NA,TRUE,TRUE,TRUE,NA,NA,FALSE,NA,NA,FALSE,NA,NA,NA,37.383487,-13.262216,687.139999999999,NA,NA,NA,NA,FALSE,NA,NA,NA,NA,0.525,"mirror_densitometer","Densiometer recordings in 4 directions for each plot (standing in the centre, face N, S, E, W). An average is taken of the four readings",NA,FALSE,NA,NA,NA,NA,NA,NA,NA,NA,NA,NA,NA,TRUE,FALSE,NA,NA,NA,NA,NA,NA,"stem",NA,TRUE,NA,NA,NA,NA,NA,NA,NA,NA,NA,NA,NA,NA,NA,NA,NA,NA,NA,NA,NA,NA,NA,NA,NA,NA,NA,NA,NA,NA,NA,NA,NA,NA,NA,NA,NA,NA,"30_moz_ryan_ACES_checkN.xlsx","30_mozambique_various_ACES_clean.csv","2017","https://doi.org/10.1111/j.1744-7429.2010.00713.x",FALSE,NA,0.125663706143592,NA,125.663706143592,18.2,5,8.03703703703704,7.7,2.44969509953945,8.03703703703704,7.7,2.44969509953945,11.996,11.3,2.05212897580375,NA,NA,NA,135,0,NA,NA,NA,NA,NA,NA,NA,NA,NA,NA,NA,NA,NA,NA,NA,135,135,25,0,0,0,NA,130,124,"Brachystegia boehmii","Julbernardia globiflora","Pteleopsis myrtifolia","Dichrostachys cinerea","Berchemia zeyheri",0.214814814814815,0.177777777777778,0.0592592592592593,0.0518518518518519,0.0444444444444444,31,13.4118792281624,2.8240865607972,0.902277091906722,10.2330151600225,135,135,25,0,0.748038343560959,2.84885001535114,2.84885001535114,1.32838330902664,0,0.330097263226531,1074.29586587029,1074.29586587029,198.943678864869,0,5.9527,22.6704281035278,22.6704281035278,10.5709384976179,0,-3.01733168322878,0.00119327301764732,8.92558147734606,3.30797268821442,0.246834649054142,0.198368832511132,FALSE
"MAR_197","MAR_123","MRN_1a","MAR",2015,"MOZ","Ryan C.","Woollen E.; ACES","circle",NA,NA,20,NA,NA,NA,NA,NA,5,NA,FALSE,NA,NA,NA,NA,NA,NA,FALSE,NA,NA,NA,NA,NA,NA,FALSE,NA,NA,NA,NA,NA,NA,FALSE,NA,TRUE,TRUE,TRUE,NA,NA,FALSE,NA,NA,FALSE,NA,NA,NA,37.527497,-13.262649,672.279999999999,NA,NA,NA,NA,FALSE,NA,NA,NA,NA,0.525,"mirror_densitometer","Densiometer recordings in 4 directions for each plot (standing in the centre, face N, S, E, W). An average is taken of the four readings",NA,FALSE,NA,NA,NA,NA,NA,NA,NA,NA,NA,NA,NA,TRUE,FALSE,NA,NA,NA,NA,NA,NA,"stem",NA,TRUE,NA,NA,NA,NA,NA,NA,NA,NA,NA,NA,NA,NA,NA,NA,NA,NA,NA,NA,NA,NA,NA,NA,NA,NA,NA,NA,NA,NA,NA,NA,NA,NA,NA,NA,NA,NA,"30_moz_ryan_ACES_checkN.xlsx","30_mozambique_various_ACES_clean.csv","2017","https://doi.org/10.1111/j.1744-7429.2010.00713.x",FALSE,NA,0.125663706143592,NA,125.663706143592,25,5,8.44315789473684,7.5,3.40130302414208,8.44315789473684,7.5,3.40130302414208,12.6769230769231,11.8,3.67187229541635,23.95,23.95,1.48492424049175,95,0,NA,NA,NA,NA,NA,NA,NA,NA,NA,NA,NA,NA,NA,NA,NA,95,95,26,2,0,0,NA,93,92,"Diplorhynchus condylocarpon","Brachystegia spiciformis","Pseudolachnostylis maprouneifolia","Uapaca kirkiana","Senna petersiana",0.347368421052632,0.147368421052632,0.136842105263158,0.0736842105263158,0.0631578947368421,16,9.32241824983503,2.13589147850941,0.822382271468144,5.630068621335,95,95,26,2,0.617301750679983,2.5189954553849,2.5189954553849,1.68473004704773,0.575361089151324,0.351879288833437,755.985979686503,755.985979686503,206.901426019464,15.9154943091895,4.91233125,20.0455289175263,20.0455289175263,13.4066557381544,4.57857807005849,NA,NA,9.49398522147924,2.50443128705402,0.414019721102226,0.16949352832189,FALSE
"MAR_198","MAR_123","MRN_18a","MAR",2015,"MOZ","Ryan C.","Woollen E.; ACES","circle",NA,NA,20,NA,NA,NA,NA,NA,5,NA,FALSE,NA,NA,NA,NA,NA,NA,FALSE,NA,NA,NA,NA,NA,NA,FALSE,NA,NA,NA,NA,NA,NA,FALSE,NA,TRUE,TRUE,TRUE,NA,NA,FALSE,NA,NA,FALSE,NA,NA,NA,37.535263,-13.262528,680.46,NA,NA,NA,NA,FALSE,NA,NA,NA,NA,0.4675,"mirror_densitometer","Densiometer recordings in 4 directions for each plot (standing in the centre, face N, S, E, W). An average is taken of the four readings",NA,FALSE,NA,NA,NA,NA,NA,NA,NA,NA,NA,NA,NA,TRUE,FALSE,NA,NA,NA,NA,NA,NA,"stem",NA,TRUE,NA,NA,NA,NA,NA,NA,NA,NA,NA,NA,NA,NA,NA,NA,NA,NA,NA,NA,NA,NA,NA,NA,NA,NA,NA,NA,NA,NA,NA,NA,NA,NA,NA,NA,NA,NA,"30_moz_ryan_ACES_checkN.xlsx","30_mozambique_various_ACES_clean.csv","2017","https://doi.org/10.1111/j.1744-7429.2010.00713.x",FALSE,NA,0.125663706143592,NA,125.663706143592,23.6,5,9.64117647058823,7,5.66141948527357,9.64117647058823,7,5.66141948527357,17.16,17.5,5.10641053690639,22.1833333333333,22.25,1.23355853799756,51,0,NA,NA,NA,NA,NA,NA,NA,NA,NA,NA,NA,NA,NA,NA,NA,51,51,15,6,0,0,NA,48,45,"Bobgunnia madagascariensis","Pterocarpus angolensis","Brachystegia spiciformis","Brachystegia boehmii","Indet indet",0.254901960784314,0.235294117647059,0.137254901960784,0.0588235294117647,0.0588235294117647,14,10.1759082910911,2.18826791381587,0.845828527489427,6.48628428927681,51,51,15,6,0.498189836015452,2.49510813638539,2.49510813638539,2.08582722431047,1.45935672805442,0.463306020662629,405.845104884333,405.845104884333,119.366207318921,47.7464829275686,3.96446875,19.8554396727271,19.8554396727271,16.598485659233,11.6131918502138,-4.22908264076258,3.4027122572098,10.968993715597,1.88435185993978,0.868650893960422,0.189810121675792,FALSE
"MAR_199","MAR_123","MVG_19a","MAR",2015,"MOZ","Ryan C.","Woollen E.; ACES","circle",NA,NA,20,NA,NA,NA,NA,NA,5,NA,FALSE,NA,NA,NA,NA,NA,NA,FALSE,NA,NA,NA,NA,NA,NA,FALSE,NA,NA,NA,NA,NA,NA,FALSE,NA,TRUE,TRUE,TRUE,NA,NA,FALSE,NA,NA,FALSE,NA,NA,NA,37.574034,-13.261784,688.929999999999,NA,NA,NA,NA,FALSE,NA,NA,NA,NA,0.2825,"mirror_densitometer","Densiometer recordings in 4 directions for each plot (standing in the centre, face N, S, E, W). An average is taken of the four readings",NA,FALSE,NA,NA,NA,NA,NA,NA,NA,NA,NA,NA,NA,TRUE,FALSE,NA,NA,NA,NA,NA,NA,"stem",NA,TRUE,NA,NA,NA,NA,NA,NA,NA,NA,NA,NA,NA,NA,NA,NA,NA,NA,NA,NA,NA,NA,NA,NA,NA,NA,NA,NA,NA,NA,NA,NA,NA,NA,NA,NA,NA,NA,"30_moz_ryan_ACES_checkN.xlsx","30_mozambique_various_ACES_clean.csv","2017","https://doi.org/10.1111/j.1744-7429.2010.00713.x",FALSE,NA,0.125663706143592,NA,125.663706143592,26.8,5,8.19402985074627,6.8,4.6046379977154,8.19402985074627,6.8,4.6046379977154,16.68,12.95,6.89489344047865,26.2666666666667,26.5,0.680685928555405,67,0,NA,NA,NA,NA,NA,NA,NA,NA,NA,NA,NA,NA,NA,NA,NA,67,67,10,3,0,0,NA,67,61,"Brachystegia boehmii","Pseudolachnostylis maprouneifolia","Pterocarpus angolensis","Diplorhynchus condylocarpon","Philenoptera bussei",0.134328358208955,0.119402985074627,0.104477611940299,0.0746268656716418,0.0746268656716418,21,13.6655211529326,2.7665701859987,0.924036533749165,13.1642228739003,67,67,10,3,0.463219982790181,2.08815944113371,2.08815944113371,1.40404306718914,1.01432683558145,0.626867755900014,533.169059357849,533.169059357849,79.5774715459477,23.8732414637843,3.6861875,16.617044851022,16.617044851022,11.1730197228529,8.0717564896774,-5.66462780302172,3.69149261820773,9.2978613894059,1.94064523421052,0.624539380327386,0.154489481722086,FALSE
"MAR_200","MAR_123","BGZ_3b","MAR",2015,"MOZ","Ryan C.","Woollen E.; ACES","circle",NA,NA,20,NA,NA,NA,NA,NA,5,NA,FALSE,NA,NA,NA,NA,NA,NA,FALSE,NA,NA,NA,NA,NA,NA,FALSE,NA,NA,NA,NA,NA,NA,FALSE,NA,TRUE,TRUE,TRUE,NA,NA,FALSE,NA,NA,FALSE,NA,NA,NA,37.401155,-13.26028,718.769999999999,NA,NA,NA,NA,FALSE,NA,NA,NA,NA,0.4375,"mirror_densitometer","Densiometer recordings in 4 directions for each plot (standing in the centre, face N, S, E, W). An average is taken of the four readings",NA,FALSE,NA,NA,NA,NA,NA,NA,NA,NA,NA,NA,NA,TRUE,TRUE,NA,NA,NA,NA,NA,NA,"stem",NA,TRUE,NA,NA,NA,NA,NA,NA,NA,NA,NA,NA,NA,NA,NA,NA,NA,NA,NA,NA,NA,NA,NA,NA,NA,NA,NA,NA,NA,NA,NA,NA,NA,NA,NA,NA,NA,NA,"30_moz_ryan_ACES_checkN.xlsx","30_mozambique_various_ACES_clean.csv","2017","https://doi.org/10.1111/j.1744-7429.2010.00713.x",FALSE,NA,0.125663706143592,NA,125.663706143592,21.6,5,7.52032520325203,6.7,2.70718410807528,7.52032520325203,6.7,2.70718410807528,13.5857142857143,11.95,3.43059921719384,21.6,21.6,NA,123,0,NA,NA,NA,NA,NA,NA,NA,NA,NA,NA,NA,NA,NA,NA,NA,123,123,14,1,0,0,NA,120,118,"Diplorhynchus condylocarpon","Burkea africana","Catunaregam spinosa","Bridelia cathartica","Ochna schweinfurthiana",0.16260162601626,0.130081300813008,0.121951219512195,0.0731707317073171,0.0731707317073171,26,13.3798350978087,2.82293972412673,0.918500892325996,12.2700729927007,123,123,14,1,0.61657054498986,2.26292601818732,2.26292601818732,1.02487573556573,0.217927369630121,0.471925884334643,978.802900015156,978.802900015156,111.408460164327,7.95774715459477,4.9065125,18.0077930822886,18.0077930822886,8.15570196851144,1.73421090558242,-2.68602528100098,0.511405726096327,8.41115685365526,2.7002035244204,0.299414408994635,0.157050340251492,FALSE
"MAR_201","MAR_123","CTB_20a","MAR",2015,"MOZ","Ryan C.","Woollen E.; ACES","circle",NA,NA,20,NA,NA,NA,NA,NA,5,NA,FALSE,NA,NA,NA,NA,NA,NA,FALSE,NA,NA,NA,NA,NA,NA,FALSE,NA,NA,NA,NA,NA,NA,FALSE,NA,TRUE,TRUE,TRUE,NA,NA,FALSE,NA,NA,FALSE,NA,NA,NA,37.47151,-13.260103,805.179999999999,NA,NA,NA,NA,FALSE,NA,NA,NA,NA,0.34,"mirror_densitometer","Densiometer recordings in 4 directions for each plot (standing in the centre, face N, S, E, W). An average is taken of the four readings",NA,FALSE,NA,NA,NA,NA,NA,NA,NA,NA,NA,NA,NA,TRUE,TRUE,NA,NA,NA,NA,NA,NA,"stem",NA,TRUE,NA,NA,NA,NA,NA,NA,NA,NA,NA,NA,NA,NA,NA,NA,NA,NA,NA,NA,NA,NA,NA,NA,NA,NA,NA,NA,NA,NA,NA,NA,NA,NA,NA,NA,NA,NA,"30_moz_ryan_ACES_checkN.xlsx","30_mozambique_various_ACES_clean.csv","2017","https://doi.org/10.1111/j.1744-7429.2010.00713.x",FALSE,NA,0.125663706143592,NA,125.663706143592,28.5,5,8.31239669421488,7.2,3.81485190293441,8.31239669421488,7.2,3.81485190293441,13.2766666666667,11.8,4.35555003322818,26.8,26.8,2.40416305603426,121,0,NA,NA,NA,NA,NA,NA,NA,NA,NA,NA,NA,NA,NA,NA,NA,121,121,30,2,0,0,NA,114,113,"Brachystegia boehmii","Brachystegia bussei","Zanha africana","Diplorhynchus condylocarpon","Indet indet",0.272727272727273,0.0743801652892562,0.0743801652892562,0.0661157024793388,0.0578512396694215,23,13.001119391336,2.69178367102045,0.892015572706782,9.26059456040481,121,121,30,2,0.793800352949474,3.31482336540713,3.31482336540713,2.21763663750139,0.641874246568993,0.402634546104557,962.887405705967,962.887405705967,238.732414637843,15.9154943091895,6.3168625,26.3785262040528,26.3785262040528,17.6473916420018,5.10787295924207,-4.65338033721418,1.15439118996993,9.39263990053702,2.25795752864793,0.402549727378704,0.136027521462464,FALSE
"MAR_202","MAR_123","BGZ_15b","MAR",2015,"MOZ","Ryan C.","Woollen E.; ACES","circle",NA,NA,20,NA,NA,NA,NA,NA,5,NA,FALSE,NA,NA,NA,NA,NA,NA,FALSE,NA,NA,NA,NA,NA,NA,FALSE,NA,NA,NA,NA,NA,NA,FALSE,NA,TRUE,TRUE,TRUE,NA,NA,FALSE,NA,NA,FALSE,NA,NA,NA,37.38349,-13.258676,710.35,NA,NA,NA,NA,FALSE,NA,NA,NA,NA,0.73,"mirror_densitometer","Densiometer recordings in 4 directions for each plot (standing in the centre, face N, S, E, W). An average is taken of the four readings",NA,FALSE,NA,NA,NA,NA,NA,NA,NA,NA,NA,NA,NA,TRUE,FALSE,NA,NA,NA,NA,NA,NA,"stem",NA,TRUE,NA,NA,NA,NA,NA,NA,NA,NA,NA,NA,NA,NA,NA,NA,NA,NA,NA,NA,NA,NA,NA,NA,NA,NA,NA,NA,NA,NA,NA,NA,NA,NA,NA,NA,NA,NA,"30_moz_ryan_ACES_checkN.xlsx","30_mozambique_various_ACES_clean.csv","2017","https://doi.org/10.1111/j.1744-7429.2010.00713.x",FALSE,NA,0.125663706143592,NA,125.663706143592,32.5,5,9.3009009009009,7.3,6.03422805932194,9.3009009009009,7.3,6.03422805932194,19.52,16.7,8.27517530423311,28.5375,29.85,3.91003744958317,111,0,NA,NA,NA,NA,NA,NA,NA,NA,NA,NA,NA,NA,NA,NA,NA,111,111,20,8,0,0,NA,111,106,"Brachystegia spiciformis","Julbernardia globiflora","Phyllocosmus lemaireanus","Pseudolachnostylis maprouneifolia","Brachystegia boehmii",0.171171171171171,0.135135135135135,0.126126126126126,0.117117117117117,0.0900900900900901,20,11.2816999456824,2.53710524596982,0.899277656034413,9.92828364222401,111,111,20,8,1.06873526323206,5.57322517154705,5.57322517154705,4.33253709815953,3.45068944151694,0.496414182111201,883.309934160019,883.309934160019,159.154943091895,63.6619772367581,8.504725,44.3503167507945,44.3503167507945,34.4772347650553,27.4597140846216,-4.839089371762,2.1101550423067,10.5597211873195,1.747081395337,0.612486534440973,0.109783018707925,FALSE
"MAR_203","MAR_123","MRN_18b","MAR",2015,"MOZ","Ryan C.","Woollen E.; ACES","circle",NA,NA,20,NA,NA,NA,NA,NA,5,NA,FALSE,NA,NA,NA,NA,NA,NA,FALSE,NA,NA,NA,NA,NA,NA,FALSE,NA,NA,NA,NA,NA,NA,FALSE,NA,TRUE,TRUE,TRUE,NA,NA,FALSE,NA,NA,FALSE,NA,NA,NA,37.53517,-13.259012,688.5,NA,NA,NA,NA,FALSE,NA,NA,NA,NA,0.685,"mirror_densitometer","Densiometer recordings in 4 directions for each plot (standing in the centre, face N, S, E, W). An average is taken of the four readings",NA,FALSE,NA,NA,NA,NA,NA,NA,NA,NA,NA,NA,NA,TRUE,FALSE,NA,NA,NA,NA,NA,NA,"stem",NA,TRUE,NA,NA,NA,NA,NA,NA,NA,NA,NA,NA,NA,NA,NA,NA,NA,NA,NA,NA,NA,NA,NA,NA,NA,NA,NA,NA,NA,NA,NA,NA,NA,NA,NA,NA,NA,NA,"30_moz_ryan_ACES_checkN.xlsx","30_mozambique_various_ACES_clean.csv","2017","https://doi.org/10.1111/j.1744-7429.2010.00713.x",FALSE,NA,0.125663706143592,NA,125.663706143592,39.6,5,11.0384615384615,6.5,8.71699160747366,11.0384615384615,6.5,8.71699160747366,20.2611111111111,18.5,9.3584902558736,28.1555555555556,24,6.53205769859527,52,0,NA,NA,NA,NA,NA,NA,NA,NA,NA,NA,NA,NA,NA,NA,NA,52,52,18,9,0,0,NA,46,36,"Brachystegia boehmii","Terminalia indet","Indet indet","Pericopsis angolensis","Bauhinia petersiana",0.192307692307692,0.153846153846154,0.115384615384615,0.115384615384615,0.0961538461538462,16,11.5076414438953,2.44020623953268,0.891272189349112,9.19727891156463,52,52,18,9,0.801998338979017,5.11367333094018,5.11367333094018,4.80933205284243,4.30885779287546,0.574829931972789,413.802852038928,413.802852038928,143.239448782706,71.6197243913529,6.3821,40.6933193988163,40.6933193988163,38.2714484590083,34.2888008408081,-11.1173528568643,4.27997739590483,12.3547714624414,1.46371306569195,1.24731799962672,0.143873101472743,FALSE
"MAR_204","MAR_123","MRN_20a","MAR",2015,"MOZ","Ryan C.","Woollen E.; ACES","circle",NA,NA,20,NA,NA,NA,NA,NA,5,NA,FALSE,NA,NA,NA,NA,NA,NA,FALSE,NA,NA,NA,NA,NA,NA,FALSE,NA,NA,NA,NA,NA,NA,FALSE,NA,TRUE,TRUE,TRUE,NA,NA,FALSE,NA,NA,FALSE,NA,NA,NA,37.527887,-13.258768,681.74,NA,NA,NA,NA,FALSE,NA,NA,NA,NA,0.3875,"mirror_densitometer","Densiometer recordings in 4 directions for each plot (standing in the centre, face N, S, E, W). An average is taken of the four readings",NA,FALSE,NA,NA,NA,NA,NA,NA,NA,NA,NA,NA,NA,TRUE,FALSE,NA,NA,NA,NA,NA,NA,"stem",NA,TRUE,NA,NA,NA,NA,NA,NA,NA,NA,NA,NA,NA,NA,NA,NA,NA,NA,NA,NA,NA,NA,NA,NA,NA,NA,NA,NA,NA,NA,NA,NA,NA,NA,NA,NA,NA,NA,"30_moz_ryan_ACES_checkN.xlsx","30_mozambique_various_ACES_clean.csv","2017","https://doi.org/10.1111/j.1744-7429.2010.00713.x",FALSE,NA,0.125663706143592,NA,125.663706143592,21.5,5,7.32083333333333,6.5,2.7015369367692,7.32083333333333,6.5,2.7015369367692,12.3777777777778,11,3.11704149995124,21.5,21.5,NA,120,0,NA,NA,NA,NA,NA,NA,NA,NA,NA,NA,NA,NA,NA,NA,NA,120,120,18,1,0,0,NA,118,106,"Brachystegia spiciformis","Catunaregam spinosa","Diplorhynchus condylocarpon","Brachystegia boehmii","Flacourtia indica",0.125,0.116666666666667,0.1,0.075,0.0666666666666667,29,14.8095580329744,3.01301295990445,0.935833333333333,15.5844155844156,120,120,18,1,0.573328878307686,2.08173753700606,2.08173753700606,1.01601003394069,0.182743360439221,0.537393640841917,954.929658551372,954.929658551372,143.239448782706,7.95774715459477,4.56240625,16.5659409617231,16.5659409617231,8.08515095663128,1.4542254565563,-2.54282141935687,0.0365847615870779,8.20046714990263,2.67379050494904,0.298233824566821,0.159580935341023,FALSE
"MAR_205","MAR_123","CTB_23b","MAR",2015,"MOZ","Ryan C.","Woollen E.; ACES","circle",NA,NA,20,NA,NA,NA,NA,NA,5,NA,FALSE,NA,NA,NA,NA,NA,NA,FALSE,NA,NA,NA,NA,NA,NA,FALSE,NA,NA,NA,NA,NA,NA,FALSE,NA,TRUE,TRUE,TRUE,NA,NA,FALSE,NA,NA,FALSE,NA,NA,NA,37.465865,-13.256426,772.44,NA,NA,NA,NA,FALSE,NA,NA,NA,NA,0.1725,"mirror_densitometer","Densiometer recordings in 4 directions for each plot (standing in the centre, face N, S, E, W). An average is taken of the four readings",NA,FALSE,NA,NA,NA,NA,NA,NA,NA,NA,NA,NA,NA,TRUE,FALSE,NA,NA,NA,NA,NA,NA,"stem",NA,TRUE,NA,NA,NA,NA,NA,NA,NA,NA,NA,NA,NA,NA,NA,NA,NA,NA,NA,NA,NA,NA,NA,NA,NA,NA,NA,NA,NA,NA,NA,NA,NA,NA,NA,NA,NA,NA,"30_moz_ryan_ACES_checkN.xlsx","30_mozambique_various_ACES_clean.csv","2017","https://doi.org/10.1111/j.1744-7429.2010.00713.x",FALSE,NA,0.125663706143592,NA,125.663706143592,13.3,5,6.6030303030303,6.1,1.6916054911028,6.6030303030303,6.1,1.6916054911028,11.8666666666667,12,1.50443787951957,NA,NA,NA,66,0,NA,NA,NA,NA,NA,NA,NA,NA,NA,NA,NA,NA,NA,NA,NA,66,66,3,0,0,0,NA,61,53,"Brachystegia boehmii","Brachystegia spiciformis","Strychnos indet","Indet indet","Phyllocosmus lemaireanus",0.106060606060606,0.0909090909090909,0.0909090909090909,0.0757575757575758,0.0757575757575758,25,15.7475028533661,3.00384936515247,0.941230486685032,17.015625,66,66,3,0,0.240614581338442,0.751563470075715,0.751563470075715,0.143134010584904,0,0.680625,525.211312203255,525.211312203255,23.8732414637843,0,1.91475,5.98075206549239,5.98075206549239,1.13902426545776,0,NA,NA,7.25877013183936,3.69719683391574,0.257573032274166,0.304145100483494,FALSE
"MAR_206","MAR_123","CTB_7b","MAR",2015,"MOZ","Ryan C.","Woollen E.; ACES","circle",NA,NA,20,NA,NA,NA,NA,NA,5,NA,FALSE,NA,NA,NA,NA,NA,NA,FALSE,NA,NA,NA,NA,NA,NA,FALSE,NA,NA,NA,NA,NA,NA,FALSE,NA,TRUE,TRUE,TRUE,NA,NA,FALSE,NA,NA,FALSE,NA,NA,NA,37.483929,-13.256051,756.73,NA,NA,NA,NA,FALSE,NA,NA,NA,NA,0.15,"mirror_densitometer","Densiometer recordings in 4 directions for each plot (standing in the centre, face N, S, E, W). An average is taken of the four readings",NA,FALSE,NA,NA,NA,NA,NA,NA,NA,NA,NA,NA,NA,TRUE,FALSE,NA,NA,NA,NA,NA,NA,"stem",NA,TRUE,NA,NA,NA,NA,NA,NA,NA,NA,NA,NA,NA,NA,NA,NA,NA,NA,NA,NA,NA,NA,NA,NA,NA,NA,NA,NA,NA,NA,NA,NA,NA,NA,NA,NA,NA,NA,"30_moz_ryan_ACES_checkN.xlsx","30_mozambique_various_ACES_clean.csv","2017","https://doi.org/10.1111/j.1744-7429.2010.00713.x",FALSE,NA,0.125663706143592,NA,125.663706143592,46.3,5,7.96057692307692,6.65,5.15733840946602,7.96057692307692,6.65,5.15733840946602,16.8461538461538,12.2,10.8568423420913,34,31.6,11.2929181348312,104,0,NA,NA,NA,NA,NA,NA,NA,NA,NA,NA,NA,NA,NA,NA,NA,104,104,13,3,1,0,NA,97,95,"Parinari curatellifolia","Diplorhynchus condylocarpon","Mangifera indica","Pseudolachnostylis maprouneifolia","Indet indet",0.105769230769231,0.0865384615384615,0.0865384615384615,0.0769230769230769,0.0673076923076923,28,15.6822090409345,3.09117765121952,0.944711538461538,18.0869565217391,104,104,13,3,0.732789838218597,4.11044832661781,4.11044832661781,3.09784601063483,2.67576201520282,0.645962732919255,827.605704077856,827.605704077856,103.450713009732,23.8732414637843,5.83135625,32.7099084752517,32.7099084752517,24.6518752765021,21.293037562853,NA,NA,9.00001683541711,1.76134602734315,0.534400345954449,0.102486810436699,FALSE
"MAR_207","MAR_123","CTB_23a","MAR",2015,"MOZ","Ryan C.","Woollen E.; ACES","circle",NA,NA,20,NA,NA,NA,NA,NA,5,NA,FALSE,NA,NA,NA,NA,NA,NA,FALSE,NA,NA,NA,NA,NA,NA,FALSE,NA,NA,NA,NA,NA,NA,FALSE,NA,TRUE,TRUE,TRUE,NA,NA,FALSE,NA,NA,FALSE,NA,NA,NA,37.465637,-13.253011,762.95,NA,NA,NA,NA,FALSE,NA,NA,NA,NA,0.4025,"mirror_densitometer","Densiometer recordings in 4 directions for each plot (standing in the centre, face N, S, E, W). An average is taken of the four readings",NA,FALSE,NA,NA,NA,NA,NA,NA,NA,NA,NA,NA,NA,TRUE,FALSE,NA,NA,NA,NA,NA,NA,"stem",NA,TRUE,NA,NA,NA,NA,NA,NA,NA,NA,NA,NA,NA,NA,NA,NA,NA,NA,NA,NA,NA,NA,NA,NA,NA,NA,NA,NA,NA,NA,NA,NA,NA,NA,NA,NA,NA,NA,"30_moz_ryan_ACES_checkN.xlsx","30_mozambique_various_ACES_clean.csv","2017","https://doi.org/10.1111/j.1744-7429.2010.00713.x",FALSE,NA,0.125663706143592,NA,125.663706143592,16.3,5,7,6.3,2.02651840838028,7,6.3,2.02651840838028,11.5727272727273,10.8,1.91524980568641,NA,NA,NA,122,0,NA,NA,NA,NA,NA,NA,NA,NA,NA,NA,NA,NA,NA,NA,NA,122,122,11,0,0,0,NA,119,115,"Julbernardia globiflora","Brachystegia spiciformis","Pterocarpus angolensis","Brachystegia boehmii","Pseudolachnostylis maprouneifolia",0.163934426229508,0.114754098360656,0.0901639344262295,0.0737704918032787,0.0737704918032787,32,14.2748882052556,2.97019179989584,0.926632625638269,13.6300366300366,122,122,11,0,0.508539027614541,1.69212018112876,1.69212018112876,0.486962568154436,0,0.425938644688645,970.845152860561,970.845152860561,87.5352187005424,0,4.046825,13.4654645566098,13.4654645566098,3.87512499112513,0,NA,NA,7.74939453485728,3.37292178219582,0.221392170829335,0.20652200613926,FALSE
"MAR_208","MAR_123","CTB_7a","MAR",2015,"MOZ","Ryan C.","Woollen E.; ACES","circle",NA,NA,20,NA,NA,NA,NA,NA,5,NA,FALSE,NA,NA,NA,NA,NA,NA,FALSE,NA,NA,NA,NA,NA,NA,FALSE,NA,NA,NA,NA,NA,NA,FALSE,NA,TRUE,TRUE,TRUE,NA,NA,FALSE,NA,NA,FALSE,NA,NA,NA,37.483708,-13.252646,748.37,NA,NA,NA,NA,FALSE,NA,NA,NA,NA,0,"mirror_densitometer","Densiometer recordings in 4 directions for each plot (standing in the centre, face N, S, E, W). An average is taken of the four readings",NA,FALSE,NA,NA,NA,NA,NA,NA,NA,NA,NA,NA,NA,FALSE,FALSE,NA,NA,NA,NA,NA,NA,"stem",NA,TRUE,NA,NA,NA,NA,NA,NA,NA,NA,NA,NA,NA,NA,NA,NA,NA,NA,NA,NA,NA,NA,NA,NA,NA,NA,NA,NA,NA,NA,NA,NA,NA,NA,NA,NA,NA,NA,"30_moz_ryan_ACES_checkN.xlsx","30_mozambique_various_ACES_clean.csv","2017","https://doi.org/10.1111/j.1744-7429.2010.00713.x",FALSE,NA,0.125663706143592,NA,125.663706143592,12.3,5,7.13125,6.2,2.02181256891676,7.13125,6.2,2.02181256891676,11.1,11,1.08258948821795,NA,NA,NA,48,0,NA,NA,NA,NA,NA,NA,NA,NA,NA,NA,NA,NA,NA,NA,NA,48,48,6,0,0,0,NA,47,47,"Crossopteryx febrifuga","Garcinia livingstonei","Annona senegalensis","Brachystegia boehmii","Hymenocardia acida",0.6875,0.1875,0.0625,0.0208333333333333,0.0208333333333333,6,4.45961912117884,0.986709186107388,0.486979166666667,1.9492385786802,48,48,6,0,0.206807117394999,0.807967849834598,0.807967849834598,0.278204794924324,0,0.3248730964467,381.971863420549,381.971863420549,47.7464829275686,0,1.64571875,6.42960385802533,6.42960385802533,2.21388341520366,0,NA,NA,7.89215043570369,3.64424037294822,0.332535674234984,0.38031258109206,FALSE
"MAR_209","MAR_123","CTB_10b","MAR",2015,"MOZ","Ryan C.","Woollen E.; ACES","circle",NA,NA,20,NA,NA,NA,NA,NA,5,NA,FALSE,NA,NA,NA,NA,NA,NA,FALSE,NA,NA,NA,NA,NA,NA,FALSE,NA,NA,NA,NA,NA,NA,FALSE,NA,TRUE,TRUE,TRUE,NA,NA,FALSE,NA,NA,FALSE,NA,NA,NA,37.493893,-13.250869,704.909999999999,NA,NA,NA,NA,FALSE,NA,NA,NA,NA,0.2175,"mirror_densitometer","Densiometer recordings in 4 directions for each plot (standing in the centre, face N, S, E, W). An average is taken of the four readings",NA,FALSE,NA,NA,NA,NA,NA,NA,NA,NA,NA,NA,NA,TRUE,FALSE,NA,NA,NA,NA,NA,NA,"stem",NA,TRUE,NA,NA,NA,NA,NA,NA,NA,NA,NA,NA,NA,NA,NA,NA,NA,NA,NA,NA,NA,NA,NA,NA,NA,NA,NA,NA,NA,NA,NA,NA,NA,NA,NA,NA,NA,NA,"30_moz_ryan_ACES_checkN.xlsx","30_mozambique_various_ACES_clean.csv","2017","https://doi.org/10.1111/j.1744-7429.2010.00713.x",FALSE,NA,0.125663706143592,NA,125.663706143592,22.3,5,7.73625,6.5,2.96550820670769,7.73625,6.5,2.96550820670769,12.6666666666667,11.8,3.23190935752197,22.3,22.3,NA,80,0,NA,NA,NA,NA,NA,NA,NA,NA,NA,NA,NA,NA,NA,NA,NA,80,80,15,1,0,0,NA,77,74,"Brachystegia boehmii","Julbernardia globiflora","Monotes engleri","Pterocarpus angolensis","Pseudolachnostylis maprouneifolia",0.3125,0.0875,0.0875,0.0875,0.0625,24,12.642893085365,2.57836865701432,0.8671875,7.52941176470588,80,80,15,1,0.430611036444082,1.67714959213429,1.67714959213429,0.958332805042185,0.228286501827516,0.313725490196078,636.619772367581,636.619772367581,119.366207318921,7.95774715459477,3.42669375,13.3463323946364,13.3463323946364,7.62617015247927,1.81664626035031,NA,NA,8.68414337144497,2.61507999265044,0.395478606307153,0.193468083310841,FALSE
"MAR_210","MAR_123","MRN_13a","MAR",2015,"MOZ","Ryan C.","Woollen E.; ACES","circle",NA,NA,20,NA,NA,NA,NA,NA,5,NA,FALSE,NA,NA,NA,NA,NA,NA,FALSE,NA,NA,NA,NA,NA,NA,FALSE,NA,NA,NA,NA,NA,NA,FALSE,NA,TRUE,TRUE,TRUE,NA,NA,FALSE,NA,NA,FALSE,NA,NA,NA,37.517815,-13.249912,703.34,NA,NA,NA,NA,FALSE,NA,NA,NA,NA,0,"mirror_densitometer","Densiometer recordings in 4 directions for each plot (standing in the centre, face N, S, E, W). An average is taken of the four readings",NA,FALSE,NA,NA,NA,NA,NA,NA,NA,NA,NA,NA,NA,TRUE,FALSE,NA,NA,NA,NA,NA,NA,"stem",NA,TRUE,NA,NA,NA,NA,NA,NA,NA,NA,NA,NA,NA,NA,NA,NA,NA,NA,NA,NA,NA,NA,NA,NA,NA,NA,NA,NA,NA,NA,NA,NA,NA,NA,NA,NA,NA,NA,"30_moz_ryan_ACES_checkN.xlsx","30_mozambique_various_ACES_clean.csv","2017","https://doi.org/10.1111/j.1744-7429.2010.00713.x",FALSE,NA,0.125663706143592,NA,125.663706143592,12.1,5,6.445,6,1.84139718413589,6.445,6,1.84139718413589,10.825,10.45,0.853912563829966,NA,NA,NA,40,0,NA,NA,NA,NA,NA,NA,NA,NA,NA,NA,NA,NA,NA,NA,NA,40,40,4,0,0,0,NA,40,40,"Brachystegia spiciformis","Diplorhynchus condylocarpon","Annona senegalensis","Brachystegia boehmii","Combretum hereroense",0.2,0.175,0.125,0.125,0.075,12,10.3694921999876,2.26133347120056,0.8775,8.16326530612245,40,40,4,0,0.140881580957581,0.463713071220871,0.463713071220871,0.152805302896162,0,0.680272108843537,318.309886183791,318.309886183791,31.8309886183791,0,1.1211,3.69011137305629,3.69011137305629,1.21598596432892,0,NA,NA,7.13445946801358,3.46889931257154,0.346805858392136,0.380245863744253,FALSE
"MAR_211","MAR_123","MRN_14a","MAR",2015,"MOZ","Ryan C.","Woollen E.; ACES","circle",NA,NA,20,NA,NA,NA,NA,NA,5,NA,FALSE,NA,NA,NA,NA,NA,NA,FALSE,NA,NA,NA,NA,NA,NA,FALSE,NA,NA,NA,NA,NA,NA,FALSE,NA,TRUE,TRUE,TRUE,NA,NA,FALSE,NA,NA,FALSE,NA,NA,NA,37.515317,-13.247917,695.279999999999,NA,NA,NA,NA,FALSE,NA,NA,NA,NA,0,"mirror_densitometer","Densiometer recordings in 4 directions for each plot (standing in the centre, face N, S, E, W). An average is taken of the four readings",NA,FALSE,NA,NA,NA,NA,NA,NA,NA,NA,NA,NA,NA,TRUE,FALSE,NA,NA,NA,NA,NA,NA,"stem",NA,TRUE,NA,NA,NA,NA,NA,NA,NA,NA,NA,NA,NA,NA,NA,NA,NA,NA,NA,NA,NA,NA,NA,NA,NA,NA,NA,NA,NA,NA,NA,NA,NA,NA,NA,NA,NA,NA,"30_moz_ryan_ACES_checkN.xlsx","30_mozambique_various_ACES_clean.csv","2017","https://doi.org/10.1111/j.1744-7429.2010.00713.x",FALSE,NA,0.125663706143592,NA,125.663706143592,10,5.7,7.84444444444444,7.5,1.54847595324492,7.84444444444444,7.5,1.54847595324492,10,10,0,NA,NA,NA,9,0,NA,NA,NA,NA,NA,NA,NA,NA,NA,NA,NA,NA,NA,NA,NA,9,9,2,0,0,0,NA,9,5,"Julbernardia globiflora","Strychnos indet","Bobgunnia madagascariensis",NA,NA,0.444444444444444,0.444444444444444,0.111111111111111,NA,NA,3,3,0.964962923007428,0.592592592592593,2.45454545454545,9,9,2,0,0.0450033147626738,0.179618704093982,0.179618704093982,0.0739670806277593,0,0.818181818181818,71.6197243913529,71.6197243913529,15.9154943091895,0,0.358125,1.42936023141589,1.42936023141589,0.588611325399234,0,NA,NA,8.45771491304644,5.99670114423794,0.497460286637214,1.56055525785801,FALSE
"MAR_212","MAR_123","CTB_10a","MAR",2015,"MOZ","Ryan C.","Woollen E.; ACES","circle",NA,NA,20,NA,NA,NA,NA,NA,5,NA,FALSE,NA,NA,NA,NA,NA,NA,FALSE,NA,NA,NA,NA,NA,NA,FALSE,NA,NA,NA,NA,NA,NA,FALSE,NA,TRUE,TRUE,TRUE,NA,NA,FALSE,NA,NA,FALSE,NA,NA,NA,37.493678,-13.247477,723.47,NA,NA,NA,NA,FALSE,NA,NA,NA,NA,0.43,"mirror_densitometer","Densiometer recordings in 4 directions for each plot (standing in the centre, face N, S, E, W). An average is taken of the four readings",NA,FALSE,NA,NA,NA,NA,NA,NA,NA,NA,NA,NA,NA,TRUE,FALSE,NA,NA,NA,NA,NA,NA,"stem",NA,TRUE,NA,NA,NA,NA,NA,NA,NA,NA,NA,NA,NA,NA,NA,NA,NA,NA,NA,NA,NA,NA,NA,NA,NA,NA,NA,NA,NA,NA,NA,NA,NA,NA,NA,NA,NA,NA,"30_moz_ryan_ACES_checkN.xlsx","30_mozambique_various_ACES_clean.csv","2017","https://doi.org/10.1111/j.1744-7429.2010.00713.x",FALSE,NA,0.125663706143592,NA,125.663706143592,19.4,5,7.21538461538462,6.5,2.19430063511836,7.21538461538462,6.5,2.19430063511836,12.2636363636364,11,3.06994225589757,NA,NA,NA,130,0,NA,NA,NA,NA,NA,NA,NA,NA,NA,NA,NA,NA,NA,NA,NA,130,130,11,0,0,0,NA,130,126,"Julbernardia globiflora","Brachystegia boehmii","Brachystegia spiciformis","Catunaregam spinosa","Burkea africana",0.284615384615385,0.138461538461538,0.130769230769231,0.0538461538461538,0.0461538461538462,26,11.6492298994325,2.54770017413416,0.869349112426036,7.65398550724638,130,130,11,0,0.580343269304989,2.14034112587672,2.14034112587672,0.625516118540898,0,0.294384057971014,1034.50713009732,1034.50713009732,87.5352187005424,0,4.618225,17.0322935043076,17.0322935043076,4.97769911247199,0,-2.39191672170648,0.364280927065277,7.99755802189848,3.09160565897719,0.24153550826859,0.173526762032944,FALSE
"MAR_213","MAR_123","MRN_21b","MAR",2015,"MOZ","Ryan C.","Woollen E.; ACES","circle",NA,NA,20,NA,NA,NA,NA,NA,5,NA,FALSE,NA,NA,NA,NA,NA,NA,FALSE,NA,NA,NA,NA,NA,NA,FALSE,NA,NA,NA,NA,NA,NA,FALSE,NA,TRUE,TRUE,TRUE,NA,NA,FALSE,NA,NA,FALSE,NA,NA,NA,37.543515,-13.247386,687.49,NA,NA,NA,NA,FALSE,NA,NA,NA,NA,0.135,"mirror_densitometer","Densiometer recordings in 4 directions for each plot (standing in the centre, face N, S, E, W). An average is taken of the four readings",NA,FALSE,NA,NA,NA,NA,NA,NA,NA,NA,NA,NA,NA,TRUE,FALSE,NA,NA,NA,NA,NA,NA,"stem",NA,TRUE,NA,NA,NA,NA,NA,NA,NA,NA,NA,NA,NA,NA,NA,NA,NA,NA,NA,NA,NA,NA,NA,NA,NA,NA,NA,NA,NA,NA,NA,NA,NA,NA,NA,NA,NA,NA,"30_moz_ryan_ACES_checkN.xlsx","30_mozambique_various_ACES_clean.csv","2017","https://doi.org/10.1111/j.1744-7429.2010.00713.x",FALSE,NA,0.125663706143592,NA,125.663706143592,17,5,7.11058823529412,6.3,2.36658401244392,7.11058823529412,6.3,2.36658401244392,12.29,11.65,2.31202172231241,NA,NA,NA,85,0,NA,NA,NA,NA,NA,NA,NA,NA,NA,NA,NA,NA,NA,NA,NA,85,85,10,0,0,0,NA,84,84,"Zanha africana","Mangifera indica","Brachystegia spiciformis","Dalbergiella nyasae","Senna petersiana",0.176470588235294,0.0823529411764706,0.0705882352941176,0.0705882352941176,0.0705882352941176,22,14.0735233989364,2.83199555549299,0.925951557093426,13.5046728971963,85,85,10,0,0.374485698289537,1.26308105854864,1.26308105854864,0.541429880667952,0,0.613848768054375,676.408508140555,676.408508140555,79.5774715459477,0,2.9800625,10.051279699688,10.051279699688,4.30856209229798,0,NA,NA,7.93299349767697,2.97055511807761,0.308662329455751,0.217109077216986,FALSE
"MAR_214","MAR_123","MRN_14b","MAR",2015,"MOZ","Ryan C.","Woollen E.; ACES","circle",NA,NA,20,NA,NA,NA,NA,NA,5,NA,FALSE,NA,NA,NA,NA,NA,NA,FALSE,NA,NA,NA,NA,NA,NA,FALSE,NA,NA,NA,NA,NA,NA,FALSE,NA,TRUE,TRUE,TRUE,NA,NA,FALSE,NA,NA,FALSE,NA,NA,NA,37.51519,-13.24441,698.71,NA,NA,NA,NA,FALSE,NA,NA,NA,NA,0,"mirror_densitometer","Densiometer recordings in 4 directions for each plot (standing in the centre, face N, S, E, W). An average is taken of the four readings",NA,FALSE,NA,NA,NA,NA,NA,NA,NA,NA,NA,NA,NA,TRUE,FALSE,NA,NA,NA,NA,NA,NA,"stem",NA,TRUE,NA,NA,NA,NA,NA,NA,NA,NA,NA,NA,NA,NA,NA,NA,NA,NA,NA,NA,NA,NA,NA,NA,NA,NA,NA,NA,NA,NA,NA,NA,NA,NA,NA,NA,NA,NA,"30_moz_ryan_ACES_checkN.xlsx","30_mozambique_various_ACES_clean.csv","2017","https://doi.org/10.1111/j.1744-7429.2010.00713.x",FALSE,NA,0.125663706143592,NA,125.663706143592,5.4,5.4,5.4,5.4,0,5.4,5.4,0,NA,NA,NA,NA,NA,NA,2,0,NA,NA,NA,NA,NA,NA,NA,NA,NA,NA,NA,NA,NA,NA,NA,2,2,0,0,0,0,NA,2,2,"Strychnos cocculoides",NA,NA,NA,NA,1,NA,NA,NA,NA,1,1,0,0,1,2,2,0,0,0.00458044208893392,0.0128914052654299,0.0128914052654299,0,0,1,15.9154943091895,15.9154943091895,0,0,0.03645,0.102586543569703,0.102586543569703,0,0,NA,NA,NA,NA,NA,NA,FALSE
"MAR_215","MAR_123","MRN_12a","MAR",2015,"MOZ","Ryan C.","Woollen E.; ACES","circle",NA,NA,20,NA,NA,NA,NA,NA,5,NA,FALSE,NA,NA,NA,NA,NA,NA,FALSE,NA,NA,NA,NA,NA,NA,FALSE,NA,NA,NA,NA,NA,NA,FALSE,NA,TRUE,TRUE,TRUE,NA,NA,FALSE,NA,NA,FALSE,NA,NA,NA,37.533747,-13.24303,745.7,NA,NA,NA,NA,FALSE,NA,NA,NA,NA,0.2875,"mirror_densitometer","Densiometer recordings in 4 directions for each plot (standing in the centre, face N, S, E, W). An average is taken of the four readings",NA,FALSE,NA,NA,NA,NA,NA,NA,NA,NA,NA,NA,NA,TRUE,FALSE,NA,NA,NA,NA,NA,NA,"stem",NA,TRUE,NA,NA,NA,NA,NA,NA,NA,NA,NA,NA,NA,NA,NA,NA,NA,NA,NA,NA,NA,NA,NA,NA,NA,NA,NA,NA,NA,NA,NA,NA,NA,NA,NA,NA,NA,NA,"30_moz_ryan_ACES_checkN.xlsx","30_mozambique_various_ACES_clean.csv","2017","https://doi.org/10.1111/j.1744-7429.2010.00713.x",FALSE,NA,0.125663706143592,NA,125.663706143592,20,5,8.22125,6.9,3.40507182757477,8.22125,6.9,3.40507182757477,13.1024390243902,13,2.92228402152136,20,20,NA,160,0,NA,NA,NA,NA,NA,NA,NA,NA,NA,NA,NA,NA,NA,NA,NA,160,160,41,1,0,0,NA,159,156,"Brachystegia bussei","Brachystegia boehmii","Julbernardia globiflora","Aganope stuhlmannii","Diplorhynchus condylocarpon",0.3375,0.25,0.1125,0.075,0.05,20,8.52562245861676,2.05792954015497,0.80015625,5.00390930414386,160,160,41,1,0.994138145672569,3.9231115894183,3.9231115894183,2.69120456990131,0.173658342309742,0.250195465207193,1273.23954473516,1273.23954473516,326.267633338385,7.95774715459477,7.9111,31.2191300878512,31.2191300878512,21.4159255085646,1.381929179387,-4.02084549928662,0.261820785052139,9.28359970617113,2.52648948068254,0.309316292985026,0.141211672579357,FALSE
"MAR_216","MAR_123","ANK_17a","MAR",2015,"MOZ","Ryan C.","Woollen E.; ACES","circle",NA,NA,20,NA,NA,NA,NA,NA,5,NA,FALSE,NA,NA,NA,NA,NA,NA,FALSE,NA,NA,NA,NA,NA,NA,FALSE,NA,NA,NA,NA,NA,NA,FALSE,NA,TRUE,TRUE,TRUE,NA,NA,FALSE,NA,NA,FALSE,NA,NA,NA,37.553111,-13.242866,722.85,NA,NA,NA,NA,FALSE,NA,NA,NA,NA,0,"mirror_densitometer","Densiometer recordings in 4 directions for each plot (standing in the centre, face N, S, E, W). An average is taken of the four readings",NA,FALSE,NA,NA,NA,NA,NA,NA,NA,NA,NA,NA,NA,TRUE,FALSE,NA,NA,NA,NA,NA,NA,"stem",NA,TRUE,NA,NA,NA,NA,NA,NA,NA,NA,NA,NA,NA,NA,NA,NA,NA,NA,NA,NA,NA,NA,NA,NA,NA,NA,NA,NA,NA,NA,NA,NA,NA,NA,NA,NA,NA,NA,"30_moz_ryan_ACES_checkN.xlsx","30_mozambique_various_ACES_clean.csv","2017","https://doi.org/10.1111/j.1744-7429.2010.00713.x",FALSE,NA,0.125663706143592,NA,125.663706143592,36,5,14.6888888888889,14.6,9.92855030259257,14.6888888888889,14.6,9.92855030259257,19.3666666666667,16.15,8.87978978730165,29.05,29.05,9.82878425849301,9,0,NA,NA,NA,NA,NA,NA,NA,NA,NA,NA,NA,NA,NA,NA,NA,9,9,6,2,0,0,NA,9,9,"Mangifera indica","Pterocarpus angolensis","Bauhinia petersiana",NA,NA,0.666666666666667,0.222222222222222,0.111111111111111,NA,NA,3,3,0.848685557726417,0.493827160493827,1.97560975609756,9,9,6,2,0.214451397719346,1.10565461244246,1.10565461244246,1.0907448392777,0.821239143046357,0.658536585365854,71.6197243913529,71.6197243913529,47.7464829275686,15.9154943091895,1.70655,8.7985198461286,8.7985198461286,8.67987164115106,6.53521345381899,NA,NA,16.5524502069803,1.67557508015699,3.48748589670602,0.424362697794687,FALSE
"MAR_217","MAR_123","ANK_7b","MAR",2015,"MOZ","Ryan C.","Woollen E.; ACES","circle",NA,NA,20,NA,NA,NA,NA,NA,5,NA,FALSE,NA,NA,NA,NA,NA,NA,FALSE,NA,NA,NA,NA,NA,NA,FALSE,NA,NA,NA,NA,NA,NA,FALSE,NA,TRUE,TRUE,TRUE,NA,NA,FALSE,NA,NA,FALSE,NA,NA,NA,37.564762,-13.242891,708.73,NA,NA,NA,NA,FALSE,NA,NA,NA,NA,0.055,"mirror_densitometer","Densiometer recordings in 4 directions for each plot (standing in the centre, face N, S, E, W). An average is taken of the four readings",NA,FALSE,NA,NA,NA,NA,NA,NA,NA,NA,NA,NA,NA,TRUE,FALSE,NA,NA,NA,NA,NA,NA,"stem",NA,TRUE,NA,NA,NA,NA,NA,NA,NA,NA,NA,NA,NA,NA,NA,NA,NA,NA,NA,NA,NA,NA,NA,NA,NA,NA,NA,NA,NA,NA,NA,NA,NA,NA,NA,NA,NA,NA,"30_moz_ryan_ACES_checkN.xlsx","30_mozambique_various_ACES_clean.csv","2017","https://doi.org/10.1111/j.1744-7429.2010.00713.x",FALSE,NA,0.125663706143592,NA,125.663706143592,15.7,5,7.18175182481752,6.4,2.16238631044577,7.18175182481752,6.4,2.16238631044577,11.96,11.7,1.56332977966902,NA,NA,NA,137,0,NA,NA,NA,NA,NA,NA,NA,NA,NA,NA,NA,NA,NA,NA,NA,137,137,15,0,0,0,NA,131,122,"Pterocarpus angolensis","Brachystegia spiciformis","Julbernardia globiflora","Flacourtia indica","Ozoroa insignis",0.160583941605839,0.072992700729927,0.072992700729927,0.0583941605839416,0.0583941605839416,29,14.9529285003005,3.03204405349145,0.936863977835793,15.8388185654008,137,137,15,0,0.604917592439532,2.07368145514475,2.07368145514475,0.720157001158686,0,0.546166157427615,1090.21136017948,1090.21136017948,119.366207318921,0,4.81378125,16.5018326992141,16.5018326992141,5.73082732683203,0,NA,NA,7.97425570788211,3.30651203233508,0.21941539816478,0.195707700998341,FALSE
"MAR_218","MAR_123","ANK_2a","MAR",2015,"MOZ","Ryan C.","Woollen E.; ACES","circle",NA,NA,20,NA,NA,NA,NA,NA,5,NA,FALSE,NA,NA,NA,NA,NA,NA,FALSE,NA,NA,NA,NA,NA,NA,FALSE,NA,NA,NA,NA,NA,NA,FALSE,NA,TRUE,TRUE,TRUE,NA,NA,FALSE,NA,NA,FALSE,NA,NA,NA,37.565984,-13.24128,729.169999999999,NA,NA,NA,NA,FALSE,NA,NA,NA,NA,0.86,"mirror_densitometer","Densiometer recordings in 4 directions for each plot (standing in the centre, face N, S, E, W). An average is taken of the four readings",NA,FALSE,NA,NA,NA,NA,NA,NA,NA,NA,NA,NA,NA,TRUE,FALSE,NA,NA,NA,NA,NA,NA,"stem",NA,TRUE,NA,NA,NA,NA,NA,NA,NA,NA,NA,NA,NA,NA,NA,NA,NA,NA,NA,NA,NA,NA,NA,NA,NA,NA,NA,NA,NA,NA,NA,NA,NA,NA,NA,NA,NA,NA,"30_moz_ryan_ACES_checkN.xlsx","30_mozambique_various_ACES_clean.csv","2017","https://doi.org/10.1111/j.1744-7429.2010.00713.x",FALSE,NA,0.125663706143592,NA,125.663706143592,37.4,5,9.35507246376812,8,4.91813376960535,9.35507246376812,8,4.91813376960535,14.9783783783784,13,6.5014158772077,29.04,30.7,7.36668174960748,138,0,NA,NA,NA,NA,NA,NA,NA,NA,NA,NA,NA,NA,NA,NA,NA,138,138,37,5,0,0,NA,137,129,"Diplorhynchus condylocarpon","Bauhinia petersiana","Brachystegia spiciformis","Brachystegia boehmii","Julbernardia globiflora",0.202898550724638,0.13768115942029,0.130434782608696,0.123188405797101,0.0507246376811594,26,12.0329967585208,2.65389594572601,0.89676538542323,9.68667344862665,138,138,37,5,1.20881887965563,6.25519071252471,6.25519071252471,4.77285845041368,2.7043076020442,0.372564363408717,1098.16910733408,1098.16910733408,294.436644720006,39.7887357729738,9.619475,49.7772260940411,49.7772260940411,37.981200753063,21.5201961253162,-5.11418892731241,1.36360428404527,10.5907605772871,2.02016789696903,0.475551535328391,0.110092915976349,FALSE
"MAR_219","MAR_123","MRN_12b","MAR",2015,"MOZ","Ryan C.","Woollen E.; ACES","circle",NA,NA,20,NA,NA,NA,NA,NA,5,NA,FALSE,NA,NA,NA,NA,NA,NA,FALSE,NA,NA,NA,NA,NA,NA,FALSE,NA,NA,NA,NA,NA,NA,FALSE,NA,TRUE,TRUE,TRUE,NA,NA,FALSE,NA,NA,FALSE,NA,NA,NA,37.533612,-13.239271,745.34,NA,NA,NA,NA,FALSE,NA,NA,NA,NA,0.2225,"mirror_densitometer","Densiometer recordings in 4 directions for each plot (standing in the centre, face N, S, E, W). An average is taken of the four readings",NA,FALSE,NA,NA,NA,NA,NA,NA,NA,NA,NA,NA,NA,TRUE,FALSE,NA,NA,NA,NA,NA,NA,"stem",NA,TRUE,NA,NA,NA,NA,NA,NA,NA,NA,NA,NA,NA,NA,NA,NA,NA,NA,NA,NA,NA,NA,NA,NA,NA,NA,NA,NA,NA,NA,NA,NA,NA,NA,NA,NA,NA,NA,"30_moz_ryan_ACES_checkN.xlsx","30_mozambique_various_ACES_clean.csv","2017","https://doi.org/10.1111/j.1744-7429.2010.00713.x",FALSE,NA,0.125663706143592,NA,125.663706143592,35.4,5,7.78846153846154,6.4,4.53646030474542,7.78846153846154,6.4,4.53646030474542,14.4555555555556,12,7.90080867872256,35.4,35.4,NA,52,0,NA,NA,NA,NA,NA,NA,NA,NA,NA,NA,NA,NA,NA,NA,NA,52,52,9,1,0,0,NA,52,50,"Brachystegia boehmii","Piliostigma thonningii","Annona senegalensis","Diospyros kirkii","Senna petersiana",0.192307692307692,0.115384615384615,0.0769230769230769,0.0769230769230769,0.0769230769230769,18,13.4737070026884,2.65834136315143,0.912721893491124,11.4576271186441,52,52,9,1,0.330171963114327,1.5365079769084,1.5365079769084,1.10259972177728,0.720788139142957,0.63653483992467,413.802852038928,413.802852038928,71.6197243913529,7.95774715459477,2.627425,12.227141981255,12.227141981255,8.77420979863011,5.73584976333053,NA,NA,8.80788791137778,1.88307458470856,0.691575044308038,0.15837958052434,FALSE
"MAR_220","MAR_123","MRN_4b","MAR",2015,"MOZ","Ryan C.","Woollen E.; ACES","circle",NA,NA,20,NA,NA,NA,NA,NA,5,NA,FALSE,NA,NA,NA,NA,NA,NA,FALSE,NA,NA,NA,NA,NA,NA,FALSE,NA,NA,NA,NA,NA,NA,FALSE,NA,TRUE,TRUE,TRUE,NA,NA,FALSE,NA,NA,FALSE,NA,NA,NA,37.527166,-13.239047,734.38,NA,NA,NA,NA,FALSE,NA,NA,NA,NA,0.7975,"mirror_densitometer","Densiometer recordings in 4 directions for each plot (standing in the centre, face N, S, E, W). An average is taken of the four readings",NA,FALSE,NA,NA,NA,NA,NA,NA,NA,NA,NA,NA,NA,TRUE,FALSE,NA,NA,NA,NA,NA,NA,"stem",NA,TRUE,NA,NA,NA,NA,NA,NA,NA,NA,NA,NA,NA,NA,NA,NA,NA,NA,NA,NA,NA,NA,NA,NA,NA,NA,NA,NA,NA,NA,NA,NA,NA,NA,NA,NA,NA,NA,"30_moz_ryan_ACES_checkN.xlsx","30_mozambique_various_ACES_clean.csv","2017","https://doi.org/10.1111/j.1744-7429.2010.00713.x",FALSE,NA,0.125663706143592,NA,125.663706143592,12.6,5,6.99047619047619,6.4,1.9200037052938,6.99047619047619,6.4,1.9200037052938,11.1333333333333,10.8,0.724568837309472,NA,NA,NA,84,0,NA,NA,NA,NA,NA,NA,NA,NA,NA,NA,NA,NA,NA,NA,NA,84,84,9,0,0,0,NA,84,84,"Julbernardia globiflora","Diplorhynchus condylocarpon","Brachystegia spiciformis","Brachystegia boehmii","Catunaregam spinosa",0.369047619047619,0.130952380952381,0.107142857142857,0.0833333333333333,0.0714285714285714,15,9.62632886579274,2.13617529276371,0.816326530612245,5.44444444444444,84,84,9,0,0.34642185111502,1.23430396780345,1.23430396780345,0.371132935181438,0,0.362962962962963,668.45076098596,668.45076098596,71.6197243913529,0,2.7567375,9.8222788876929,9.8222788876929,2.95338205891649,0,NA,NA,7.72378049394314,3.71141406406684,0.241656945234355,0.290930694953235,FALSE
"MAR_221","MAR_123","ANK_17b","MAR",2015,"MOZ","Ryan C.","Woollen E.; ACES","circle",NA,NA,20,NA,NA,NA,NA,NA,5,NA,FALSE,NA,NA,NA,NA,NA,NA,FALSE,NA,NA,NA,NA,NA,NA,FALSE,NA,NA,NA,NA,NA,NA,FALSE,NA,TRUE,TRUE,TRUE,NA,NA,FALSE,NA,NA,FALSE,NA,NA,NA,37.553054,-13.238957,722.029999999999,NA,NA,NA,NA,FALSE,NA,NA,NA,NA,0.035,"mirror_densitometer","Densiometer recordings in 4 directions for each plot (standing in the centre, face N, S, E, W). An average is taken of the four readings",NA,FALSE,NA,NA,NA,NA,NA,NA,NA,NA,NA,NA,NA,TRUE,FALSE,NA,NA,NA,NA,NA,NA,"stem",NA,TRUE,NA,NA,NA,NA,NA,NA,NA,NA,NA,NA,NA,NA,NA,NA,NA,NA,NA,NA,NA,NA,NA,NA,NA,NA,NA,NA,NA,NA,NA,NA,NA,NA,NA,NA,NA,NA,"30_moz_ryan_ACES_checkN.xlsx","30_mozambique_various_ACES_clean.csv","2017","https://doi.org/10.1111/j.1744-7429.2010.00713.x",FALSE,NA,0.125663706143592,NA,125.663706143592,16.5,5,7.49298245614035,6.7,2.63715618267663,7.49298245614035,6.7,2.63715618267663,13.3428571428571,12,2.03621965322764,NA,NA,NA,57,0,NA,NA,NA,NA,NA,NA,NA,NA,NA,NA,NA,NA,NA,NA,NA,57,57,7,0,0,0,NA,54,49,"Diplorhynchus condylocarpon","Brachystegia boehmii","Bauhinia petersiana","Vitex indet","Combretum hereroense",0.210526315789474,0.140350877192982,0.12280701754386,0.0701754385964912,0.0526315789473684,17,12.4119912886121,2.53891477856476,0.897506925207756,9.75675675675676,57,57,7,0,0.281935164112945,1.03147182300458,1.03147182300458,0.454451832091192,0,0.573926868044515,453.591587811902,453.591587811902,55.7042300821634,0,2.24356875,8.20819196455938,8.20819196455938,3.61641277372406,0,-2.9257811368783,0.727499068849745,8.38786014002051,2.87672725341266,0.411518609281181,0.261934221262204,FALSE
"MAR_222","MAR_123","MRN_8b","MAR",2015,"MOZ","Ryan C.","Woollen E.; ACES","circle",NA,NA,20,NA,NA,NA,NA,NA,5,NA,FALSE,NA,NA,NA,NA,NA,NA,FALSE,NA,NA,NA,NA,NA,NA,FALSE,NA,NA,NA,NA,NA,NA,FALSE,NA,TRUE,TRUE,TRUE,NA,NA,FALSE,NA,NA,FALSE,NA,NA,NA,37.541463,-13.238422,699.159999999999,NA,NA,NA,NA,FALSE,NA,NA,NA,NA,0.0125,"mirror_densitometer","Densiometer recordings in 4 directions for each plot (standing in the centre, face N, S, E, W). An average is taken of the four readings",NA,FALSE,NA,NA,NA,NA,NA,NA,NA,NA,NA,NA,NA,TRUE,FALSE,NA,NA,TRUE,NA,NA,NA,"stem",NA,TRUE,NA,NA,NA,NA,NA,NA,NA,NA,NA,NA,NA,NA,NA,NA,NA,NA,NA,NA,NA,NA,NA,NA,NA,NA,NA,NA,NA,NA,NA,NA,NA,NA,NA,NA,NA,NA,"30_moz_ryan_ACES_checkN.xlsx","30_mozambique_various_ACES_clean.csv","2017","https://doi.org/10.1111/j.1744-7429.2010.00713.x",FALSE,NA,0.125663706143592,NA,125.663706143592,38,5.3,15.3744186046512,13.6,7.85614994229591,15.3744186046512,13.6,7.85614994229591,18.6766666666667,17,7.13348990052692,26.69,24.55,6.05097788240325,43,0,NA,NA,NA,NA,NA,NA,NA,NA,NA,NA,NA,NA,NA,NA,NA,43,43,30,10,0,0,NA,43,43,"Crossopteryx febrifuga","Ficus trichopoda",NA,NA,NA,0.906976744186046,0.0930232558139535,NA,NA,NA,2,1.97520460254436,0.309477286774126,0.168739859383451,1.20299284320104,43,43,30,10,1.00187196138754,4.16606423641426,4.16606423641426,4.01126152019979,2.78340144267974,0.601496421600521,342.183127647575,342.183127647575,238.732414637843,79.5774715459477,7.97264375,33.1524858231846,33.1524858231846,31.9206049487054,22.1496049105797,-12.3161472791985,2.17970622982806,17.4423937381564,2.11908975789864,1.3305352581059,0.240832041479116,FALSE
"MAR_223","MAR_123","ANK_22a","MAR",2015,"MOZ","Ryan C.","Woollen E.; ACES","circle",NA,NA,20,NA,NA,NA,NA,NA,5,NA,FALSE,NA,NA,NA,NA,NA,NA,FALSE,NA,NA,NA,NA,NA,NA,FALSE,NA,NA,NA,NA,NA,NA,FALSE,NA,TRUE,TRUE,TRUE,NA,NA,FALSE,NA,NA,FALSE,NA,NA,NA,37.566715,-13.237861,718.08,NA,NA,NA,NA,FALSE,NA,NA,NA,NA,0.45,"mirror_densitometer","Densiometer recordings in 4 directions for each plot (standing in the centre, face N, S, E, W). An average is taken of the four readings",NA,FALSE,NA,NA,NA,NA,NA,NA,NA,NA,NA,NA,NA,TRUE,TRUE,NA,NA,NA,NA,NA,NA,"stem",NA,TRUE,NA,NA,NA,NA,NA,NA,NA,NA,NA,NA,NA,NA,NA,NA,NA,NA,NA,NA,NA,NA,NA,NA,NA,NA,NA,NA,NA,NA,NA,NA,NA,NA,NA,NA,NA,NA,"30_moz_ryan_ACES_checkN.xlsx","30_mozambique_various_ACES_clean.csv","2017","https://doi.org/10.1111/j.1744-7429.2010.00713.x",FALSE,NA,0.125663706143592,NA,125.663706143592,62,5,11.8146666666667,7.5,9.98685207732719,11.8146666666667,7.5,9.98685207732719,22.212,18.6,11.6651303750394,34.3333333333333,28.7,11.6762579622069,75,0,NA,NA,NA,NA,NA,NA,NA,NA,NA,NA,NA,NA,NA,NA,NA,75,75,25,9,1,1,NA,74,57,"Brachystegia boehmii","Terminalia indet","Brachystegia bussei","Pterocarpus angolensis","Brachystegia spiciformis",0.16,0.16,0.106666666666667,0.0933333333333333,0.0666666666666667,17,11.8460033755132,2.54636840639247,0.904888888888889,10.5140186915888,75,75,25,9,1.40189880795077,9.45314111675627,9.45314111675627,8.9037933702723,7.1595469574896,0.618471687740517,596.831036594607,596.831036594607,198.943678864869,71.6197243913529,11.15595625,75.22570682385,75.22570682385,70.8541363573842,56.9738644291505,-9.25849218414965,2.52428887405689,13.1681478158964,1.41293786790639,1.14676614862537,0.111872590949405,FALSE
"MAR_224","MAR_123","ANK_2b","MAR",2015,"MOZ","Ryan C.","Woollen E.; ACES","circle",NA,NA,20,NA,NA,NA,NA,NA,5,NA,FALSE,NA,NA,NA,NA,NA,NA,FALSE,NA,NA,NA,NA,NA,NA,FALSE,NA,NA,NA,NA,NA,NA,FALSE,NA,TRUE,TRUE,TRUE,NA,NA,FALSE,NA,NA,FALSE,NA,NA,NA,37.565997,-13.237617,717.519999999999,NA,NA,NA,NA,FALSE,NA,NA,NA,NA,0.5325,"mirror_densitometer","Densiometer recordings in 4 directions for each plot (standing in the centre, face N, S, E, W). An average is taken of the four readings",NA,FALSE,NA,NA,NA,NA,NA,NA,NA,NA,NA,NA,NA,TRUE,FALSE,NA,NA,NA,NA,NA,NA,"stem",NA,TRUE,NA,NA,NA,NA,NA,NA,NA,NA,NA,NA,NA,NA,NA,NA,NA,NA,NA,NA,NA,NA,NA,NA,NA,NA,NA,NA,NA,NA,NA,NA,NA,NA,NA,NA,NA,NA,"30_moz_ryan_ACES_checkN.xlsx","30_mozambique_various_ACES_clean.csv","2017","https://doi.org/10.1111/j.1744-7429.2010.00713.x",FALSE,NA,0.125663706143592,NA,125.663706143592,12.1,5,7.03796296296296,6.5,1.8742583626145,7.03796296296296,6.5,1.8742583626145,11.22,11.2,0.55337349251859,NA,NA,NA,108,0,NA,NA,NA,NA,NA,NA,NA,NA,NA,NA,NA,NA,NA,NA,NA,108,108,10,0,0,0,NA,106,86,"Terminalia indet","Brachystegia bussei","Phyllocosmus lemaireanus","Ozoroa insignis","Pterocarpus angolensis",0.166666666666667,0.0833333333333333,0.0833333333333333,0.0740740740740741,0.0740740740740741,25,14.3027456215612,2.90846943972,0.929698216735254,14.2243902439024,108,108,10,0,0.449674220666065,1.44993945980398,1.44993945980398,0.39288841978892,0,0.568975609756098,859.436692696235,859.436692696235,79.5774715459477,0,3.57839375,11.5382516105898,11.5382516105898,3.12650670464851,0,NA,NA,7.76243215236026,3.8389928598607,0.206997877536665,0.266859126493892,FALSE
"MAR_225","MAR_123","ANK_15a","MAR",2015,"MOZ","Ryan C.","Woollen E.; ACES","circle",NA,NA,20,NA,NA,NA,NA,NA,5,NA,FALSE,NA,NA,NA,NA,NA,NA,FALSE,NA,NA,NA,NA,NA,NA,FALSE,NA,NA,NA,NA,NA,NA,FALSE,NA,TRUE,TRUE,TRUE,NA,NA,FALSE,NA,NA,FALSE,NA,NA,NA,37.564291,-13.237218,721.649999999999,NA,NA,NA,NA,FALSE,NA,NA,NA,NA,0.335,"mirror_densitometer","Densiometer recordings in 4 directions for each plot (standing in the centre, face N, S, E, W). An average is taken of the four readings",NA,FALSE,NA,NA,NA,NA,NA,NA,NA,NA,NA,NA,NA,TRUE,FALSE,NA,NA,NA,NA,NA,NA,"stem",NA,TRUE,NA,NA,NA,NA,NA,NA,NA,NA,NA,NA,NA,NA,NA,NA,NA,NA,NA,NA,NA,NA,NA,NA,NA,NA,NA,NA,NA,NA,NA,NA,NA,NA,NA,NA,NA,NA,"30_moz_ryan_ACES_checkN.xlsx","30_mozambique_various_ACES_clean.csv","2017","https://doi.org/10.1111/j.1744-7429.2010.00713.x",FALSE,NA,0.125663706143592,NA,125.663706143592,17.1,5,6.72574257425743,6.2,1.79809084672308,6.72574257425743,6.2,1.79809084672308,12.08,11,2.82966429104231,NA,NA,NA,101,0,NA,NA,NA,NA,NA,NA,NA,NA,NA,NA,NA,NA,NA,NA,NA,101,101,5,0,0,0,NA,100,100,"Brachystegia boehmii","Pseudolachnostylis maprouneifolia","Brachystegia spiciformis","Julbernardia globiflora","Diospyros kirkii",0.198019801980198,0.198019801980198,0.128712871287129,0.108910891089109,0.0495049504950495,19,11.0450879522977,2.45393639637667,0.881678266836585,8.45153272576636,101,101,5,0,0.384225420913829,1.31421414820069,1.31421414820069,0.272624559579514,0,0.44481751188244,803.732462614071,803.732462614071,39.7887357729738,0,3.05756875,10.4581838983722,10.4581838983722,2.16947731326653,0,NA,NA,7.39860373439189,3.38639290726656,0.231394900230922,0.211047328856894,FALSE
"MAR_226","MAR_123","ANK_1a","MAR",2015,"MOZ","Ryan C.","Woollen E.; ACES","circle",NA,NA,20,NA,NA,NA,NA,NA,5,NA,FALSE,NA,NA,NA,NA,NA,NA,FALSE,NA,NA,NA,NA,NA,NA,FALSE,NA,NA,NA,NA,NA,NA,FALSE,NA,TRUE,TRUE,TRUE,NA,NA,FALSE,NA,NA,FALSE,NA,NA,NA,37.563929,-13.229991,731.279999999999,NA,NA,NA,NA,FALSE,NA,NA,NA,NA,0.41,"mirror_densitometer","Densiometer recordings in 4 directions for each plot (standing in the centre, face N, S, E, W). An average is taken of the four readings",NA,FALSE,NA,NA,NA,NA,NA,NA,NA,NA,NA,NA,NA,TRUE,FALSE,NA,NA,NA,NA,NA,NA,"stem",NA,TRUE,NA,NA,NA,NA,NA,NA,NA,NA,NA,NA,NA,NA,NA,NA,NA,NA,NA,NA,NA,NA,NA,NA,NA,NA,NA,NA,NA,NA,NA,NA,NA,NA,NA,NA,NA,NA,"30_moz_ryan_ACES_checkN.xlsx","30_mozambique_various_ACES_clean.csv","2017","https://doi.org/10.1111/j.1744-7429.2010.00713.x",FALSE,NA,0.125663706143592,NA,125.663706143592,21.6,5,7.82788461538462,6.9,2.9399312035663,7.82788461538462,6.9,2.9399312035663,13,11.75,3.28382846868784,20.9,20.9,0.989949493661168,104,0,NA,NA,NA,NA,NA,NA,NA,NA,NA,NA,NA,NA,NA,NA,NA,104,104,18,2,0,0,NA,101,92,"Julbernardia globiflora","Ziziphus mucronata","Brachystegia boehmii","Uapaca kirkiana","Bobgunnia madagascariensis",0.144230769230769,0.0961538461538462,0.0865384615384615,0.0865384615384615,0.0673076923076923,18,12.7172930519041,2.696651512202,0.923631656804734,13.0944309927361,104,104,18,2,0.570429188288423,2.22916507707924,2.22916507707924,1.18593238877162,0.38311691318285,0.727468388485338,827.605704077856,827.605704077856,143.239448782706,15.9154943091895,4.53933125,17.7391320492494,17.7391320492494,9.43735009228915,3.04874752575796,-3.37817894248575,0.823254399367284,8.77868322090371,2.64883902887624,0.346268440198713,0.171326562695725,FALSE
"MAR_227","MAR_123","ANK_18a","MAR",2015,"MOZ","Ryan C.","Woollen E.; ACES","circle",NA,NA,20,NA,NA,NA,NA,NA,5,NA,FALSE,NA,NA,NA,NA,NA,NA,FALSE,NA,NA,NA,NA,NA,NA,FALSE,NA,NA,NA,NA,NA,NA,FALSE,NA,TRUE,TRUE,TRUE,NA,NA,FALSE,NA,NA,FALSE,NA,NA,NA,37.572497,-13.227722,721.7,NA,NA,NA,NA,FALSE,NA,NA,NA,NA,0.0125,"mirror_densitometer","Densiometer recordings in 4 directions for each plot (standing in the centre, face N, S, E, W). An average is taken of the four readings",NA,FALSE,NA,NA,NA,NA,NA,NA,NA,NA,NA,NA,NA,TRUE,TRUE,NA,NA,NA,NA,NA,NA,"stem",NA,TRUE,NA,NA,NA,NA,NA,NA,NA,NA,NA,NA,NA,NA,NA,NA,NA,NA,NA,NA,NA,NA,NA,NA,NA,NA,NA,NA,NA,NA,NA,NA,NA,NA,NA,NA,NA,NA,"30_moz_ryan_ACES_checkN.xlsx","30_mozambique_various_ACES_clean.csv","2017","https://doi.org/10.1111/j.1744-7429.2010.00713.x",FALSE,NA,0.125663706143592,NA,125.663706143592,30,5,14.3153846153846,12.7,7.37012241780564,14.3153846153846,12.7,7.37012241780564,17.9807692307692,16.5,6.26661115632807,24.84,24.25,3.45388669955072,39,0,NA,NA,NA,NA,NA,NA,NA,NA,NA,NA,NA,NA,NA,NA,NA,39,39,26,10,0,0,NA,36,28,"Uapaca indet","Brachystegia boehmii","Burkea africana","Indet indet","Ochna schweinfurthiana",0.179487179487179,0.153846153846154,0.0769230769230769,0.0769230769230769,0.0769230769230769,17,13.5993233052056,2.5939678408442,0.907297830374753,10.7872340425532,39,39,26,10,0.789827023640847,4.46282776190886,4.46282776190886,4.29015889696096,3.15069768683308,0.634543178973717,310.352139029196,310.352139029196,206.901426019464,79.5774715459477,6.28524375,35.5140549237768,35.5140549237768,34.1399997550505,25.0724555523842,-10.4092765485178,2.16661949612662,16.246486845143,2.11504060580771,1.30184796714587,0.262231500682564,FALSE
"MAR_228","MAR_123","ANK_1b","MAR",2015,"MOZ","Ryan C.","Woollen E.; ACES","circle",NA,NA,20,NA,NA,NA,NA,NA,5,NA,FALSE,NA,NA,NA,NA,NA,NA,FALSE,NA,NA,NA,NA,NA,NA,FALSE,NA,NA,NA,NA,NA,NA,FALSE,NA,TRUE,TRUE,TRUE,NA,NA,FALSE,NA,NA,FALSE,NA,NA,NA,37.563939,-13.226328,725.13,NA,NA,NA,NA,FALSE,NA,NA,NA,NA,0.03,"mirror_densitometer","Densiometer recordings in 4 directions for each plot (standing in the centre, face N, S, E, W). An average is taken of the four readings",NA,FALSE,NA,NA,NA,NA,NA,NA,NA,NA,NA,NA,NA,FALSE,FALSE,NA,NA,NA,NA,NA,NA,"stem",NA,TRUE,NA,NA,NA,NA,NA,NA,NA,NA,NA,NA,NA,NA,NA,NA,NA,NA,NA,NA,NA,NA,NA,NA,NA,NA,NA,NA,NA,NA,NA,NA,NA,NA,NA,NA,NA,NA,"30_moz_ryan_ACES_checkN.xlsx","30_mozambique_various_ACES_clean.csv","2017","https://doi.org/10.1111/j.1744-7429.2010.00713.x",FALSE,NA,0.125663706143592,NA,125.663706143592,11.5,5,7.43076923076923,7.15,1.84819246417016,7.43076923076923,7.15,1.84819246417016,10.7666666666667,10.8,0.750555349946514,NA,NA,NA,26,0,NA,NA,NA,NA,NA,NA,NA,NA,NA,NA,NA,NA,NA,NA,NA,26,26,3,0,0,0,NA,26,21,"Syzygium guineense","Monotes engleri","Protea indet","Uapaca nitida","Pseudolachnostylis maprouneifolia",0.307692307692308,0.192307692307692,0.153846153846154,0.115384615384615,0.0769230769230769,9,8.84615384615385,1.91540305466714,0.819526627218935,5.54098360655738,26,26,3,0,0.119460631449079,0.389718381500159,0.389718381500159,0.10463774794422,0,0.615664845173042,206.901426019464,206.901426019464,23.8732414637843,0,0.9506375,3.10128034147617,3.10128034147617,0.832680740966318,0,NA,NA,8.1491480473795,4.38680653051288,0.386287762630701,0.649083061815419,FALSE
"MAR_229","MAR_123","ANK_18b","MAR",2015,"MOZ","Ryan C.","Woollen E.; ACES","circle",NA,NA,20,NA,NA,NA,NA,NA,5,NA,FALSE,NA,NA,NA,NA,NA,NA,FALSE,NA,NA,NA,NA,NA,NA,FALSE,NA,NA,NA,NA,NA,NA,FALSE,NA,TRUE,TRUE,TRUE,NA,NA,FALSE,NA,NA,FALSE,NA,NA,NA,37.572504,-13.224058,706.45,NA,NA,NA,NA,FALSE,NA,NA,NA,NA,0.06,"mirror_densitometer","Densiometer recordings in 4 directions for each plot (standing in the centre, face N, S, E, W). An average is taken of the four readings",NA,FALSE,NA,NA,NA,NA,NA,NA,NA,NA,NA,NA,NA,TRUE,FALSE,NA,NA,NA,NA,NA,NA,"stem",NA,TRUE,NA,NA,NA,NA,NA,NA,NA,NA,NA,NA,NA,NA,NA,NA,NA,NA,NA,NA,NA,NA,NA,NA,NA,NA,NA,NA,NA,NA,NA,NA,NA,NA,NA,NA,NA,NA,"30_moz_ryan_ACES_checkN.xlsx","30_mozambique_various_ACES_clean.csv","2017","https://doi.org/10.1111/j.1744-7429.2010.00713.x",FALSE,NA,0.125663706143592,NA,125.663706143592,49.4,5.3,16.5210526315789,16.5,9.6308289101757,16.5210526315789,16.5,9.6308289101757,19.2666666666667,16.8,8.98408646016998,28.9,23.1,13.7506363489113,19,0,NA,NA,NA,NA,NA,NA,NA,NA,NA,NA,NA,NA,NA,NA,NA,19,19,15,4,1,0,NA,19,19,"Syzygium guineense","Brachystegia boehmii","Faurea rochetiana","Bobgunnia madagascariensis","Parinari curatellifolia",0.421052631578947,0.263157894736842,0.105263157894737,0.0526315789473684,0.0526315789473684,7,7,1.57238549197017,0.731301939058172,3.72164948453608,19,19,15,4,0.538430496315284,3.32099152763434,3.32099152763434,3.28144911983635,2.17975402879386,0.531664212076583,151.197195937301,151.197195937301,119.366207318921,31.8309886183791,4.28469375,26.4276108794655,26.4276108794655,26.1129423963252,17.3459314203508,0.458294932962153,9.85749588420691,18.6935239832505,1.88840427986014,2.40829771323639,0.302555660331524,FALSE
"MAR_230","MAR_123","ANK_0b","MAR",2015,"MOZ","Ryan C.","Woollen E.; ACES","circle",NA,NA,20,NA,NA,NA,NA,NA,5,NA,FALSE,NA,NA,NA,NA,NA,NA,FALSE,NA,NA,NA,NA,NA,NA,FALSE,NA,NA,NA,NA,NA,NA,FALSE,NA,TRUE,TRUE,TRUE,NA,NA,FALSE,NA,NA,FALSE,NA,NA,NA,37.578868,-13.222692,696.71,NA,NA,NA,NA,FALSE,NA,NA,NA,NA,0.2325,"mirror_densitometer","Densiometer recordings in 4 directions for each plot (standing in the centre, face N, S, E, W). An average is taken of the four readings",NA,FALSE,NA,NA,NA,NA,NA,NA,NA,NA,NA,NA,NA,TRUE,FALSE,NA,NA,NA,NA,NA,NA,"stem",NA,TRUE,NA,NA,NA,NA,NA,NA,NA,NA,NA,NA,NA,NA,NA,NA,NA,NA,NA,NA,NA,NA,NA,NA,NA,NA,NA,NA,NA,NA,NA,NA,NA,NA,NA,NA,NA,NA,"30_moz_ryan_ACES_checkN.xlsx","30_mozambique_various_ACES_clean.csv","2017","https://doi.org/10.1111/j.1744-7429.2010.00713.x",FALSE,NA,0.125663706143592,NA,125.663706143592,33,5,8.68253968253968,6.5,5.33329589080559,8.68253968253968,6.5,5.33329589080559,16.5142857142857,15.2,6.68567436824751,26.7333333333333,25,5.60475988186232,63,0,NA,NA,NA,NA,NA,NA,NA,NA,NA,NA,NA,NA,NA,NA,NA,63,63,14,3,0,0,NA,56,52,"Brachystegia boehmii","Syzygium guineense","Hymenocardia acida","Indet indet","Uapaca nitida",0.253968253968254,0.158730158730159,0.126984126984127,0.111111111111111,0.0634920634920635,15,10.3680957469174,2.29594903161217,0.867220962459058,7.53130929791272,63,63,14,3,0.511520399042797,2.48311371458955,2.48311371458955,1.98445180940952,1.13717348692394,0.502087286527514,501.33807073947,501.33807073947,111.408460164327,23.8732414637843,4.07055,19.7599910968103,19.7599910968103,15.7917657397591,9.04933907984963,-3.62161063853078,1.1569049617965,9.85908306887097,1.81825633203334,0.728589488844366,0.153117061025402,FALSE
"MAR_231","MAR_123","NSV_13a","MAR",2015,"MOZ","Ryan C.","Woollen E.; ACES","circle",NA,NA,20,NA,NA,NA,NA,NA,5,NA,FALSE,NA,NA,NA,NA,NA,NA,FALSE,NA,NA,NA,NA,NA,NA,FALSE,NA,NA,NA,NA,NA,NA,FALSE,NA,TRUE,TRUE,TRUE,NA,NA,FALSE,NA,NA,FALSE,NA,NA,NA,37.451408,-13.137297,590.139999999999,NA,NA,NA,NA,FALSE,NA,NA,NA,NA,0.6125,"mirror_densitometer","Densiometer recordings in 4 directions for each plot (standing in the centre, face N, S, E, W). An average is taken of the four readings",NA,FALSE,NA,NA,NA,NA,NA,NA,NA,NA,NA,NA,NA,TRUE,FALSE,NA,NA,NA,NA,NA,NA,"stem",NA,TRUE,NA,NA,NA,NA,NA,NA,NA,NA,NA,NA,NA,NA,NA,NA,NA,NA,NA,NA,NA,NA,NA,NA,NA,NA,NA,NA,NA,NA,NA,NA,NA,NA,NA,NA,NA,NA,"30_moz_ryan_ACES_checkN.xlsx","30_mozambique_various_ACES_clean.csv","2017","https://doi.org/10.1111/j.1744-7429.2010.00713.x",FALSE,NA,0.125663706143592,NA,125.663706143592,12.9,5,6.21384615384615,5.5,1.62873387588689,6.21384615384615,5.5,1.62873387588689,11.9,12,1.05356537528527,NA,NA,NA,65,0,NA,NA,NA,NA,NA,NA,NA,NA,NA,NA,NA,NA,NA,NA,NA,65,65,3,0,0,0,NA,65,65,"Julbernardia globiflora","Brachystegia boehmii","Dichrostachys cinerea","Pseudolachnostylis maprouneifolia","Catunaregam spinosa",0.323076923076923,0.184615384615385,0.0923076923076923,0.0923076923076923,0.0769230769230769,13,9.25329388292681,2.09876023581443,0.829822485207101,5.87621696801113,65,65,3,0,0.210451364873163,0.62112393713787,0.62112393713787,0.110569936006037,0,0.45201668984701,517.25356504866,517.25356504866,23.8732414637843,0,1.67471875,4.94274724340958,4.94274724340958,0.879887593635764,0,NA,NA,6.83829195610993,3.52381134585353,0.256787517927782,0.284887917423308,FALSE
"MAR_232","MAR_123","NSV_4a","MAR",2015,"MOZ","Ryan C.","Woollen E.; ACES","circle",NA,NA,20,NA,NA,NA,NA,NA,5,NA,FALSE,NA,NA,NA,NA,NA,NA,FALSE,NA,NA,NA,NA,NA,NA,FALSE,NA,NA,NA,NA,NA,NA,FALSE,NA,TRUE,TRUE,TRUE,NA,NA,FALSE,NA,NA,FALSE,NA,NA,NA,37.437989,-13.135695,589.159999999999,NA,NA,NA,NA,FALSE,NA,NA,NA,NA,0.015,"mirror_densitometer","Densiometer recordings in 4 directions for each plot (standing in the centre, face N, S, E, W). An average is taken of the four readings",NA,FALSE,NA,NA,NA,NA,NA,NA,NA,NA,NA,NA,NA,TRUE,FALSE,NA,NA,TRUE,NA,NA,NA,"stem",NA,TRUE,NA,NA,NA,NA,NA,NA,NA,NA,NA,NA,NA,NA,NA,NA,NA,NA,NA,NA,NA,NA,NA,NA,NA,NA,NA,NA,NA,NA,NA,NA,NA,NA,NA,NA,NA,NA,"30_moz_ryan_ACES_checkN.xlsx","30_mozambique_various_ACES_clean.csv","2017","https://doi.org/10.1111/j.1744-7429.2010.00713.x",FALSE,NA,0.125663706143592,NA,125.663706143592,6.7,5.1,5.9,6.1,0.579655069847578,5.9,6.1,0.579655069847578,NA,NA,NA,NA,NA,NA,11,0,NA,NA,NA,NA,NA,NA,NA,NA,NA,NA,NA,NA,NA,NA,NA,11,11,0,0,0,0,NA,11,11,"Pterocarpus angolensis","Diplorhynchus condylocarpon","Brachystegia spiciformis",NA,NA,0.545454545454545,0.363636363636364,0.0909090909090909,NA,NA,3,3,0.916464885539471,0.56198347107438,2.28301886792453,11,11,0,0,0.0303375748575532,0.0763067182987908,0.0763067182987908,0,0,0.761006289308176,87.5352187005424,87.5352187005424,0,0,0.24141875,0.607229570418667,0.607229570418667,0,0,NA,NA,6.14939935948765,12.7627429486533,0.153260525983042,3.11945162586177,FALSE
"MAR_233","MAR_123","NSV_22a","MAR",2015,"MOZ","Ryan C.","Woollen E.; ACES","circle",NA,NA,20,NA,NA,NA,NA,NA,5,NA,FALSE,NA,NA,NA,NA,NA,NA,FALSE,NA,NA,NA,NA,NA,NA,FALSE,NA,NA,NA,NA,NA,NA,FALSE,NA,TRUE,TRUE,TRUE,NA,NA,FALSE,NA,NA,FALSE,NA,NA,NA,37.426451,-13.135193,565.59,NA,NA,NA,NA,FALSE,NA,NA,NA,NA,0.3775,"mirror_densitometer","Densiometer recordings in 4 directions for each plot (standing in the centre, face N, S, E, W). An average is taken of the four readings",NA,FALSE,NA,NA,NA,NA,NA,NA,NA,NA,NA,NA,NA,TRUE,FALSE,NA,NA,NA,NA,NA,NA,"stem",NA,TRUE,NA,NA,NA,NA,NA,NA,NA,NA,NA,NA,NA,NA,NA,NA,NA,NA,NA,NA,NA,NA,NA,NA,NA,NA,NA,NA,NA,NA,NA,NA,NA,NA,NA,NA,NA,NA,"30_moz_ryan_ACES_checkN.xlsx","30_mozambique_various_ACES_clean.csv","2017","https://doi.org/10.1111/j.1744-7429.2010.00713.x",FALSE,NA,0.125663706143592,NA,125.663706143592,32.3,5,12.7439024390244,11.2,6.68872367423292,12.7439024390244,11.2,6.68872367423292,17.195652173913,16.3,5.70609548568017,24.2857142857143,22.9,4.17749070273395,41,0,NA,NA,NA,NA,NA,NA,NA,NA,NA,NA,NA,NA,NA,NA,NA,41,41,23,7,0,0,NA,38,31,"Monotes engleri","Julbernardia globiflora","Indet indet","Terminalia indet","Uapaca indet",0.292682926829268,0.146341463414634,0.0731707317073171,0.0731707317073171,0.0731707317073171,16,12.2796446756701,2.38147864489463,0.864961332540155,7.40528634361234,41,41,23,7,0.663524003392249,3.67858815267128,3.67858815267128,3.44827709730737,2.14131416281763,0.462830396475771,326.267633338385,326.267633338385,183.02818455568,55.7042300821634,5.28015625,29.2732744048459,29.2732744048459,27.440517259352,17.0400366862554,-10.9722003922481,1.6767515796896,14.4714388618967,2.07334794702468,1.15617370967348,0.242421954029864,FALSE
"MAR_234","MAR_123","NSV_13b","MAR",2015,"MOZ","Ryan C.","Woollen E.; ACES","circle",NA,NA,20,NA,NA,NA,NA,NA,5,NA,FALSE,NA,NA,NA,NA,NA,NA,FALSE,NA,NA,NA,NA,NA,NA,FALSE,NA,NA,NA,NA,NA,NA,FALSE,NA,TRUE,TRUE,TRUE,NA,NA,FALSE,NA,NA,FALSE,NA,NA,NA,37.45117,-13.13376,571.35,NA,NA,NA,NA,FALSE,NA,NA,NA,NA,0.2925,"mirror_densitometer","Densiometer recordings in 4 directions for each plot (standing in the centre, face N, S, E, W). An average is taken of the four readings",NA,FALSE,NA,NA,NA,NA,NA,NA,NA,NA,NA,NA,NA,TRUE,FALSE,NA,NA,NA,NA,NA,NA,"stem",NA,TRUE,NA,NA,NA,NA,NA,NA,NA,NA,NA,NA,NA,NA,NA,NA,NA,NA,NA,NA,NA,NA,NA,NA,NA,NA,NA,NA,NA,NA,NA,NA,NA,NA,NA,NA,NA,NA,"30_moz_ryan_ACES_checkN.xlsx","30_mozambique_various_ACES_clean.csv","2017","https://doi.org/10.1111/j.1744-7429.2010.00713.x",FALSE,NA,0.125663706143592,NA,125.663706143592,21.3,5,6.40729166666667,5.95,2.08540011516996,6.40729166666667,5.95,2.08540011516996,13.08,11.5,4.65317096182807,21.3,21.3,NA,96,0,NA,NA,NA,NA,NA,NA,NA,NA,NA,NA,NA,NA,NA,NA,NA,96,96,5,1,0,0,NA,92,78,"Dichrostachys cinerea","Brachystegia boehmii","Burkea africana","Pterocarpus angolensis","Combretum indet",0.15625,0.125,0.125,0.125,0.104166666666667,17,11.0577018026017,2.48725123869368,0.900390625,10.0392156862745,96,96,5,1,0.341983566093661,1.1337916803979,1.1337916803979,0.369113535423209,0.199547026946026,0.590542099192618,763.943726841098,763.943726841098,39.7887357729738,7.95774715459477,2.72141875,9.0224275185896,9.0224275185896,2.93731218623646,1.58794478588759,NA,NA,7.10366305387795,2.73336398475894,0.282675916610809,0.163448958095497,FALSE
"MAR_235","MAR_123","NSV_4b","MAR",2015,"MOZ","Ryan C.","Woollen E.; ACES","circle",NA,NA,20,NA,NA,NA,NA,NA,5,NA,FALSE,NA,NA,NA,NA,NA,NA,FALSE,NA,NA,NA,NA,NA,NA,FALSE,NA,NA,NA,NA,NA,NA,FALSE,NA,TRUE,TRUE,TRUE,NA,NA,FALSE,NA,NA,FALSE,NA,NA,NA,37.4377,-13.13213,581.519999999999,NA,NA,NA,NA,FALSE,NA,NA,NA,NA,0,"mirror_densitometer","Densiometer recordings in 4 directions for each plot (standing in the centre, face N, S, E, W). An average is taken of the four readings",NA,FALSE,NA,NA,NA,NA,NA,NA,NA,NA,NA,NA,NA,TRUE,FALSE,NA,NA,TRUE,NA,NA,NA,"stem",NA,TRUE,NA,NA,NA,NA,NA,NA,NA,NA,NA,NA,NA,NA,NA,NA,NA,NA,NA,NA,NA,NA,NA,NA,NA,NA,NA,NA,NA,NA,NA,NA,NA,NA,NA,NA,NA,NA,"30_moz_ryan_ACES_checkN.xlsx","30_mozambique_various_ACES_clean.csv","2017","https://doi.org/10.1111/j.1744-7429.2010.00713.x",FALSE,NA,0.125663706143592,NA,125.663706143592,7.3,5,5.82307692307692,5.6,0.697798736687791,5.82307692307692,5.6,0.697798736687791,NA,NA,NA,NA,NA,NA,13,0,NA,NA,NA,NA,NA,NA,NA,NA,NA,NA,NA,NA,NA,NA,NA,13,13,0,0,0,0,NA,13,13,"Senna petersiana","Brachystegia spiciformis","Brachystegia boehmii","Berchemia zeyheri","Julbernardia globiflora",0.307692307692308,0.230769230769231,0.153846153846154,0.0769230769230769,0.0769230769230769,7,7,1.77823330579971,0.804733727810651,5.12121212121212,13,13,0,0,0.035079808968147,0.0921948304406894,0.0921948304406894,0,0,0.731601731601731,103.450713009732,103.450713009732,0,0,0.27915625,0.733663149607743,0.733663149607743,0,0,NA,NA,6.13454093761369,8.62818270116223,0.209661441381857,1.74425211533086,FALSE
"MAR_236","MAR_123","NSV_22b","MAR",2015,"MOZ","Ryan C.","Woollen E.; ACES","circle",NA,NA,20,NA,NA,NA,NA,NA,5,NA,FALSE,NA,NA,NA,NA,NA,NA,FALSE,NA,NA,NA,NA,NA,NA,FALSE,NA,NA,NA,NA,NA,NA,FALSE,NA,TRUE,TRUE,TRUE,NA,NA,FALSE,NA,NA,FALSE,NA,NA,NA,37.42621,-13.131625,556.039999999999,NA,NA,NA,NA,FALSE,NA,NA,NA,NA,0.03,"mirror_densitometer","Densiometer recordings in 4 directions for each plot (standing in the centre, face N, S, E, W). An average is taken of the four readings",NA,FALSE,NA,NA,NA,NA,NA,NA,NA,NA,NA,NA,NA,TRUE,FALSE,NA,NA,NA,NA,NA,NA,"stem",NA,TRUE,NA,NA,NA,NA,NA,NA,NA,NA,NA,NA,NA,NA,NA,NA,NA,NA,NA,NA,NA,NA,NA,NA,NA,NA,NA,NA,NA,NA,NA,NA,NA,NA,NA,NA,NA,NA,"30_moz_ryan_ACES_checkN.xlsx","30_mozambique_various_ACES_clean.csv","2017","https://doi.org/10.1111/j.1744-7429.2010.00713.x",FALSE,NA,0.125663706143592,NA,125.663706143592,28.3,5,10.7645833333333,7.9,6.72165410187464,10.7645833333333,7.9,6.72165410187464,18.875,19.8,5.68512679424713,23.575,23.2,3.17883626505047,48,0,NA,NA,NA,NA,NA,NA,NA,NA,NA,NA,NA,NA,NA,NA,NA,48,48,16,8,0,0,NA,39,27,"Indet indet","Hymenocardia acida","Brachystegia spiciformis","Terminalia indet","Julbernardia globiflora",0.1875,0.104166666666667,0.0833333333333333,0.0833333333333333,0.0625,16,12.9092349604223,2.59078068662828,0.911458333333333,11.2941176470588,48,48,16,8,0.603621685469926,3.18859574816829,3.18859574816829,2.84885582131626,2.22771368343796,0.705882352941176,381.971863420549,381.971863420549,127.323954473516,63.6619772367581,4.80346875,25.3740387421392,25.3740387421392,22.6704743059302,17.7275822256302,-6.18306107596089,3.00395145428367,12.2186147086885,1.77453717334837,1.05765190465596,0.187465586019577,FALSE
"MAR_237","MAR_123","NSV_11a","MAR",2015,"MOZ","Ryan C.","Woollen E.; ACES","circle",NA,NA,20,NA,NA,NA,NA,NA,5,NA,FALSE,NA,NA,NA,NA,NA,NA,FALSE,NA,NA,NA,NA,NA,NA,FALSE,NA,NA,NA,NA,NA,NA,FALSE,NA,TRUE,TRUE,TRUE,NA,NA,FALSE,NA,NA,FALSE,NA,NA,NA,37.467831,-13.128389,585.87,NA,NA,NA,NA,FALSE,NA,NA,NA,NA,0.09,"mirror_densitometer","Densiometer recordings in 4 directions for each plot (standing in the centre, face N, S, E, W). An average is taken of the four readings",NA,FALSE,NA,NA,NA,NA,NA,NA,NA,NA,NA,NA,NA,TRUE,FALSE,NA,NA,NA,NA,NA,NA,"stem",NA,TRUE,NA,NA,NA,NA,NA,NA,NA,NA,NA,NA,NA,NA,NA,NA,NA,NA,NA,NA,NA,NA,NA,NA,NA,NA,NA,NA,NA,NA,NA,NA,NA,NA,NA,NA,NA,NA,"30_moz_ryan_ACES_checkN.xlsx","30_mozambique_various_ACES_clean.csv","2017","https://doi.org/10.1111/j.1744-7429.2010.00713.x",FALSE,NA,0.125663706143592,NA,125.663706143592,10.4,5,6.29508196721311,6,1.26483546090762,6.29508196721311,6,1.26483546090762,10.4,10.4,NA,NA,NA,NA,61,0,NA,NA,NA,NA,NA,NA,NA,NA,NA,NA,NA,NA,NA,NA,NA,61,61,1,0,0,0,NA,54,49,"Piliostigma thonningii","Pteleopsis myrtifolia","Diplorhynchus condylocarpon","Indet indet","Strychnos indet",0.213114754098361,0.213114754098361,0.114754098360656,0.114754098360656,0.0819672131147541,14,9.9470498449501,2.24870635637547,0.865896264445042,7.45691382765531,61,61,1,0,0.197394120406681,0.545942248296577,0.545942248296577,0.0262306939779946,0,0.532636701975379,485.422576430281,485.422576430281,7.95774715459477,0,1.5708125,4.34447037295516,4.34447037295516,0.208737230366432,0,NA,NA,6.82328246555318,4.84527964189631,0.191882882112103,0.432298415990343,FALSE
"MAR_238","MAR_123","NSV_8a","MAR",2015,"MOZ","Ryan C.","Woollen E.; ACES","circle",NA,NA,20,NA,NA,NA,NA,NA,5,NA,FALSE,NA,NA,NA,NA,NA,NA,FALSE,NA,NA,NA,NA,NA,NA,FALSE,NA,NA,NA,NA,NA,NA,FALSE,NA,TRUE,TRUE,TRUE,NA,NA,FALSE,NA,NA,FALSE,NA,NA,NA,37.436689,-13.127372,566.549999999999,NA,NA,NA,NA,FALSE,NA,NA,NA,NA,0.0525,"mirror_densitometer","Densiometer recordings in 4 directions for each plot (standing in the centre, face N, S, E, W). An average is taken of the four readings",NA,FALSE,NA,NA,NA,NA,NA,NA,NA,NA,NA,NA,NA,TRUE,FALSE,NA,NA,NA,NA,NA,NA,"stem",NA,TRUE,NA,NA,NA,NA,NA,NA,NA,NA,NA,NA,NA,NA,NA,NA,NA,NA,NA,NA,NA,NA,NA,NA,NA,NA,NA,NA,NA,NA,NA,NA,NA,NA,NA,NA,NA,NA,"30_moz_ryan_ACES_checkN.xlsx","30_mozambique_various_ACES_clean.csv","2017","https://doi.org/10.1111/j.1744-7429.2010.00713.x",FALSE,NA,0.125663706143592,NA,125.663706143592,42.3,5.2,11.4938775510204,7.9,8.72165428123361,11.4938775510204,7.9,8.72165428123361,18.635,13.75,9.95263916334705,31.4333333333333,31.1,9.03120516136505,49,0,NA,NA,NA,NA,NA,NA,NA,NA,NA,NA,NA,NA,NA,NA,NA,49,49,20,6,1,0,NA,49,40,"Catunaregam spinosa","Brachystegia boehmii","Diospyros kirkii","Strychnos indet","Diplorhynchus condylocarpon",0.163265306122449,0.122448979591837,0.122448979591837,0.122448979591837,0.102040816326531,14,11.0215273640382,2.40284989000832,0.896293211162016,9.6425702811245,49,49,20,6,0.795182653717054,5.22188615064032,5.22188615064032,4.89818007922662,3.92807688165387,0.688755020080321,389.929610575144,389.929610575144,159.154943091895,47.7464829275686,6.3278625,41.5544496568759,41.5544496568759,38.9784785881584,31.2586426280106,-7.94418965164851,3.20423068967712,12.9289704836629,1.53084836117958,1.28545408879586,0.151387026266324,FALSE
"MAR_239","MAR_123","NSV_15a","MAR",2015,"MOZ","Ryan C.","Woollen E.; ACES","circle",NA,NA,20,NA,NA,NA,NA,NA,5,NA,FALSE,NA,NA,NA,NA,NA,NA,FALSE,NA,NA,NA,NA,NA,NA,FALSE,NA,NA,NA,NA,NA,NA,FALSE,NA,TRUE,TRUE,TRUE,NA,NA,FALSE,NA,NA,FALSE,NA,NA,NA,37.471627,-13.125349,588.85,NA,NA,NA,NA,FALSE,NA,NA,NA,NA,0.1075,"mirror_densitometer","Densiometer recordings in 4 directions for each plot (standing in the centre, face N, S, E, W). An average is taken of the four readings",NA,FALSE,NA,NA,NA,NA,NA,NA,NA,NA,NA,NA,NA,TRUE,FALSE,NA,NA,NA,NA,NA,NA,"stem",NA,TRUE,NA,NA,NA,NA,NA,NA,NA,NA,NA,NA,NA,NA,NA,NA,NA,NA,NA,NA,NA,NA,NA,NA,NA,NA,NA,NA,NA,NA,NA,NA,NA,NA,NA,NA,NA,NA,"30_moz_ryan_ACES_checkN.xlsx","30_mozambique_various_ACES_clean.csv","2017","https://doi.org/10.1111/j.1744-7429.2010.00713.x",FALSE,NA,0.125663706143592,NA,125.663706143592,14.2,5,6.6530303030303,6.15,1.77327227575469,6.6530303030303,6.15,1.77327227575469,11.475,10.85,1.50783667171595,NA,NA,NA,132,0,NA,NA,NA,NA,NA,NA,NA,NA,NA,NA,NA,NA,NA,NA,NA,132,132,8,0,0,0,NA,111,108,"Berchemia zeyheri","Indet indet","Brachystegia boehmii","Pseudolachnostylis maprouneifolia","Julbernardia globiflora",0.159090909090909,0.159090909090909,0.143939393939394,0.106060606060606,0.0681818181818182,19,11.4348643552067,2.54997939011375,0.899793388429752,9.97938144329897,132,132,8,0,0.491236706074895,1.6050405589167,1.6050405589167,0.375049685986295,0,0.525230602278893,1050.42262440651,1050.42262440651,63.6619772367581,0,3.9091375,12.7725069407286,12.7725069407286,2.9845505714891,0,NA,NA,7.33267311117322,3.58860944304643,0.189514706275966,0.21035301656074,FALSE
"MAR_240","MAR_123","NSV_15b","MAR",2015,"MOZ","Ryan C.","Woollen E.; ACES","circle",NA,NA,20,NA,NA,NA,NA,NA,5,NA,FALSE,NA,NA,NA,NA,NA,NA,FALSE,NA,NA,NA,NA,NA,NA,FALSE,NA,NA,NA,NA,NA,NA,FALSE,NA,TRUE,TRUE,TRUE,NA,NA,FALSE,NA,NA,FALSE,NA,NA,NA,37.471373,-13.121796,590.49,NA,NA,NA,NA,FALSE,NA,NA,NA,NA,0.5325,"mirror_densitometer","Densiometer recordings in 4 directions for each plot (standing in the centre, face N, S, E, W). An average is taken of the four readings",NA,FALSE,NA,NA,NA,NA,NA,NA,NA,NA,NA,NA,NA,TRUE,FALSE,NA,NA,NA,NA,NA,NA,"stem",NA,TRUE,NA,NA,NA,NA,NA,NA,NA,NA,NA,NA,NA,NA,NA,NA,NA,NA,NA,NA,NA,NA,NA,NA,NA,NA,NA,NA,NA,NA,NA,NA,NA,NA,NA,NA,NA,NA,"30_moz_ryan_ACES_checkN.xlsx","30_mozambique_various_ACES_clean.csv","2017","https://doi.org/10.1111/j.1744-7429.2010.00713.x",FALSE,NA,0.125663706143592,NA,125.663706143592,36.5,5,7.71481481481481,6.95,4.40040338662939,7.71481481481481,6.95,4.40040338662939,15.3333333333333,11.1,10.4218360506519,36.5,36.5,NA,54,0,NA,NA,NA,NA,NA,NA,NA,NA,NA,NA,NA,NA,NA,NA,NA,54,54,6,1,0,0,NA,47,45,"Pterocarpus angolensis","Annona senegalensis","Indet indet","Senna petersiana","Brachystegia boehmii",0.203703703703704,0.166666666666667,0.12962962962963,0.12962962962963,0.0740740740740741,15,10.8207401802226,2.35372383948445,0.880658436213992,8.37931034482759,54,54,6,1,0.333029241632766,1.36999768094842,1.36999768094842,0.844634982217222,0.669882180282987,0.558620689655173,429.718346348117,429.718346348117,47.7464829275686,7.95774715459477,2.6501625,10.9020951473687,10.9020951473687,6.7213916264103,5.33075301406068,NA,NA,8.70655053130364,1.90164986201839,0.664300928261288,0.151890713054666,FALSE
"MAR_241","MAR_123","NSV_9a","MAR",2015,"MOZ","Ryan C.","Woollen E.; ACES","circle",NA,NA,20,NA,NA,NA,NA,NA,5,NA,FALSE,NA,NA,NA,NA,NA,NA,FALSE,NA,NA,NA,NA,NA,NA,FALSE,NA,NA,NA,NA,NA,NA,FALSE,NA,TRUE,TRUE,TRUE,NA,NA,FALSE,NA,NA,FALSE,NA,NA,NA,37.46112,-13.115447,560.639999999999,NA,NA,NA,NA,FALSE,NA,NA,NA,NA,0,"mirror_densitometer","Densiometer recordings in 4 directions for each plot (standing in the centre, face N, S, E, W). An average is taken of the four readings",NA,FALSE,NA,NA,NA,NA,NA,NA,NA,NA,NA,NA,NA,TRUE,FALSE,NA,NA,NA,NA,NA,NA,"stem",NA,TRUE,NA,NA,NA,NA,NA,NA,NA,NA,NA,NA,NA,NA,NA,NA,NA,NA,NA,NA,NA,NA,NA,NA,NA,NA,NA,NA,NA,NA,NA,NA,NA,NA,NA,NA,NA,NA,"30_moz_ryan_ACES_checkN.xlsx","30_mozambique_various_ACES_clean.csv","2017","https://doi.org/10.1111/j.1744-7429.2010.00713.x",FALSE,NA,0.125663706143592,NA,125.663706143592,27.5,5,10.9129032258065,9.4,6.15774536311703,10.9129032258065,9.4,6.15774536311703,16.9416666666667,16.2,5.76989968927038,25.5333333333333,25.2,1.82300118851671,31,0,NA,NA,NA,NA,NA,NA,NA,NA,NA,NA,NA,NA,NA,NA,NA,31,31,12,3,0,0,NA,31,20,"Terminalia indet","Bobgunnia madagascariensis","Strychnos indet","Brachystegia boehmii","Brachystegia spiciformis",0.225806451612903,0.193548387096774,0.129032258064516,0.0645161290322581,0.0645161290322581,12,11.0640380506899,2.24532342678081,0.869927159209157,7.688,31,31,12,3,0.379297832836673,2.10213000183192,2.10213000183192,1.8133420923179,1.02721563418193,0.640666666666667,246.690161792438,246.690161792438,95.4929658551372,23.8732414637843,3.01835625,16.7282190406663,16.7282190406663,14.4301178754497,8.17432229006653,-8.36516075370843,2.46958093631007,12.4011504454383,1.95027534862721,1.21414326304448,0.255386177174303,FALSE
"MAR_242","MAR_123","NSV_9b","MAR",2015,"MOZ","Ryan C.","Woollen E.; ACES","circle",NA,NA,20,NA,NA,NA,NA,NA,5,NA,FALSE,NA,NA,NA,NA,NA,NA,FALSE,NA,NA,NA,NA,NA,NA,FALSE,NA,NA,NA,NA,NA,NA,FALSE,NA,TRUE,TRUE,TRUE,NA,NA,FALSE,NA,NA,FALSE,NA,NA,NA,37.460981,-13.113615,558.039999999999,NA,NA,NA,NA,FALSE,NA,NA,NA,NA,0.81,"mirror_densitometer","Densiometer recordings in 4 directions for each plot (standing in the centre, face N, S, E, W). An average is taken of the four readings",NA,FALSE,NA,NA,NA,NA,NA,NA,NA,NA,NA,NA,NA,TRUE,FALSE,NA,NA,NA,NA,NA,NA,"stem",NA,TRUE,NA,NA,NA,NA,NA,NA,NA,NA,NA,NA,NA,NA,NA,NA,NA,NA,NA,NA,NA,NA,NA,NA,NA,NA,NA,NA,NA,NA,NA,NA,NA,NA,NA,NA,NA,NA,"30_moz_ryan_ACES_checkN.xlsx","30_mozambique_various_ACES_clean.csv","2017","https://doi.org/10.1111/j.1744-7429.2010.00713.x",FALSE,NA,0.125663706143592,NA,125.663706143592,35.3,5,11.3354838709677,8.8,7.78034054040896,11.3354838709677,8.8,7.78034054040896,20.16,16.8,8.26158445927764,28.775,28.5,5.6694355980115,31,0,NA,NA,NA,NA,NA,NA,NA,NA,NA,NA,NA,NA,NA,NA,NA,31,31,10,4,0,0,NA,25,21,"Ozoroa insignis","Indet indet","Julbernardia globiflora","Terminalia indet","Brachystegia boehmii",0.225806451612903,0.193548387096774,0.193548387096774,0.0967741935483871,0.0645161290322581,12,10.6084511212431,2.14996733670295,0.853277835587929,6.81560283687943,31,31,10,4,0.455475956899082,2.83980062486841,2.83980062486841,2.55313034356734,2.02047963911705,0.567966903073286,246.690161792438,246.690161792438,79.5774715459477,31.8309886183791,3.6245625,22.598415342163,22.598415342163,20.3171657268326,16.0784660991004,NA,NA,12.826080194267,1.65593638238669,1.48166193751201,0.210338164253627,FALSE
"MAR_243","MAR_243","SNG_OF436","MAR",2014,"MOZ","Ryan C.","Woollen E.; ACES","circle",NA,NA,20,NA,NA,NA,NA,NA,5,NA,FALSE,NA,NA,NA,NA,NA,NA,FALSE,NA,NA,NA,NA,NA,NA,FALSE,NA,NA,NA,NA,NA,NA,FALSE,NA,TRUE,TRUE,TRUE,NA,NA,FALSE,NA,NA,FALSE,NA,NA,NA,32.842999,-24.00767,64.93,NA,NA,NA,NA,FALSE,NA,NA,NA,NA,0.3425,"mirror_densitometer","Densiometer recordings in 4 directions for each plot (standing in the centre, face N, S, E, W). An average is taken of the four readings",NA,FALSE,NA,NA,NA,NA,NA,NA,NA,NA,NA,NA,NA,TRUE,TRUE,NA,NA,NA,NA,NA,NA,"stem",NA,TRUE,NA,NA,NA,NA,NA,NA,NA,NA,NA,NA,NA,NA,NA,NA,NA,NA,NA,NA,NA,NA,NA,NA,NA,NA,NA,NA,NA,NA,NA,NA,NA,NA,NA,NA,NA,NA,"30_moz_ryan_ACES_checkN.xlsx","30_mozambique_various_ACES_clean.csv","2017","https://doi.org/10.1111/j.1744-7429.2010.00713.x",FALSE,NA,0.125663706143592,NA,125.663706143592,43.4,5,9.71188311688312,6.95,7.70500777395497,9.71188311688312,6.95,7.70500777395497,20.9484848484848,16.1,10.5510995046761,32.6,33.2,6.49474146265012,154,0,NA,NA,NA,NA,NA,NA,NA,NA,NA,NA,NA,NA,NA,NA,NA,154,154,33,13,2,0,NA,154,154,"Colophospermum mopane","Spirostachys africana","Glenniea africana","Euclea natalensis","Senegalia nigrescens",0.551948051948052,0.253246753246753,0.103896103896104,0.0649350649350649,0.012987012987013,6,4.38788897910554,1.20147130235681,0.615871141845168,2.6032930845225,154,154,33,13,1.85421172297242,9.1602441108356,9.1602441108356,8.02026856782534,6.93623398111814,0.433882180753751,1225.49306180759,1225.49306180759,262.605656101627,103.450713009732,14.7553480625,72.8949065083954,72.8949065083954,63.8232693746979,55.1967962268464,-7.9073134285105,2.01752367358894,10.9296246787049,1.50678529126179,0.623902674590452,0.0807646520187192,FALSE
"MAR_244","MAR_243","SNG_SS506","MAR",2014,"MOZ","Ryan C.","Woollen E.; ACES","circle",NA,NA,20,NA,NA,NA,NA,NA,5,NA,FALSE,NA,NA,NA,NA,NA,NA,FALSE,NA,NA,NA,NA,NA,NA,FALSE,NA,NA,NA,NA,NA,NA,FALSE,NA,TRUE,TRUE,TRUE,NA,NA,FALSE,NA,NA,FALSE,NA,NA,NA,32.871749,-24.002431,61.8999999999999,NA,NA,NA,NA,FALSE,NA,NA,NA,NA,0.5625,"mirror_densitometer","Densiometer recordings in 4 directions for each plot (standing in the centre, face N, S, E, W). An average is taken of the four readings",NA,FALSE,NA,NA,NA,NA,NA,NA,NA,NA,NA,NA,NA,TRUE,FALSE,NA,NA,NA,NA,NA,NA,"stem",NA,TRUE,NA,NA,NA,NA,NA,NA,NA,NA,NA,NA,NA,NA,NA,NA,NA,NA,NA,NA,NA,NA,NA,NA,NA,NA,NA,NA,NA,NA,NA,NA,NA,NA,NA,NA,NA,NA,"30_moz_ryan_ACES_checkN.xlsx","30_mozambique_various_ACES_clean.csv","2017","https://doi.org/10.1111/j.1744-7429.2010.00713.x",FALSE,NA,0.125663706143592,NA,125.663706143592,33.9,5,9.11293103448276,7.2,5.25936895160583,9.11293103448276,7.2,5.25936895160583,16.1966666666667,14,5.92094373496689,23.5888888888889,22.5,4.16336535883065,116,0,NA,NA,NA,NA,NA,NA,NA,NA,NA,NA,NA,NA,NA,NA,NA,116,116,30,9,0,0,NA,116,116,"Colophospermum mopane","Vachellia nilotica","Diospyros mespiliformis","Euclea natalensis","Senegalia nigrescens",0.698275862068966,0.172413793103448,0.0775862068965517,0.0431034482758621,0.00862068965517241,5,3.81811597179441,0.928700210436159,0.474732461355529,1.90379173740804,116,116,30,9,1.00643198312423,4.13561382446478,4.13561382446478,3.33005510361196,2.17539123198834,0.380758347481607,923.098669932993,923.098669932993,238.732414637843,71.6197243913529,8.00893125,32.9101691441374,32.9101691441374,26.4997365254118,17.3112133864856,-4.16783197991327,1.71106160046711,10.3549511194307,1.90082300004394,0.539229133275592,0.12039665967225,FALSE
"MAR_245","MAR_243","SNG_OF480","MAR",2014,"MOZ","Ryan C.","Woollen E.; ACES","circle",NA,NA,20,NA,NA,NA,NA,NA,5,NA,FALSE,NA,NA,NA,NA,NA,NA,FALSE,NA,NA,NA,NA,NA,NA,FALSE,NA,NA,NA,NA,NA,NA,FALSE,NA,TRUE,TRUE,TRUE,NA,NA,FALSE,NA,NA,FALSE,NA,NA,NA,32.861936,-24.000108,66.59,NA,NA,NA,NA,FALSE,NA,NA,NA,NA,0.35,"mirror_densitometer","Densiometer recordings in 4 directions for each plot (standing in the centre, face N, S, E, W). An average is taken of the four readings",NA,FALSE,NA,NA,NA,NA,NA,NA,NA,NA,NA,NA,NA,FALSE,FALSE,NA,NA,NA,NA,NA,NA,"stem",NA,TRUE,NA,NA,NA,NA,NA,NA,NA,NA,NA,NA,NA,NA,NA,NA,NA,NA,NA,NA,NA,NA,NA,NA,NA,NA,NA,NA,NA,NA,NA,NA,NA,NA,NA,NA,NA,NA,"30_moz_ryan_ACES_checkN.xlsx","30_mozambique_various_ACES_clean.csv","2017","https://doi.org/10.1111/j.1744-7429.2010.00713.x",FALSE,NA,0.125663706143592,NA,125.663706143592,35.7,5,7.90772946859903,6.4,3.85259188561897,7.90772946859903,6.4,3.85259188561897,14.0853658536585,12.3,4.64604998765671,24.75,21.5,7.35866835779409,207,0,NA,NA,NA,NA,NA,NA,NA,NA,NA,NA,NA,NA,NA,NA,NA,207,207,41,4,0,0,NA,207,207,"Colophospermum mopane","Spirostachys africana","Euclea natalensis","Manilkara mochisia",NA,0.657004830917874,0.27536231884058,0.0531400966183575,0.0144927536231884,NA,4,3.08780963593231,0.848430524697935,0.489486335737123,1.95881142857143,207,207,41,4,1.25677136452186,4.31790321965177,4.31790321965177,2.91555769983199,1.05496660138042,0.489702857142857,1647.25366100112,1647.25366100112,326.267633338385,31.8309886183791,10.00106875,34.3607820599995,34.3607820599995,23.2012709898949,8.39515747032754,-3.62821809447307,0.373125285553574,8.94217901389516,2.13776189027497,0.309688579979736,0.0956503193676484,FALSE
"MAR_246","MAR_243","SNG_SS514","MAR",2014,"MOZ","Ryan C.","Woollen E.; ACES","circle",NA,NA,20,NA,NA,NA,NA,NA,5,NA,FALSE,NA,NA,NA,NA,NA,NA,FALSE,NA,NA,NA,NA,NA,NA,FALSE,NA,NA,NA,NA,NA,NA,FALSE,NA,TRUE,TRUE,TRUE,NA,NA,FALSE,NA,NA,FALSE,NA,NA,NA,32.874729,-23.997747,66.3799999999999,NA,NA,NA,NA,FALSE,NA,NA,NA,NA,0.6,"mirror_densitometer","Densiometer recordings in 4 directions for each plot (standing in the centre, face N, S, E, W). An average is taken of the four readings",NA,FALSE,NA,NA,NA,NA,NA,NA,NA,NA,NA,NA,NA,TRUE,TRUE,NA,NA,NA,NA,NA,NA,"stem",NA,TRUE,NA,NA,NA,NA,NA,NA,NA,NA,NA,NA,NA,NA,NA,NA,NA,NA,NA,NA,NA,NA,NA,NA,NA,NA,NA,NA,NA,NA,NA,NA,NA,NA,NA,NA,NA,NA,"30_moz_ryan_ACES_checkN.xlsx","30_mozambique_various_ACES_clean.csv","2017","https://doi.org/10.1111/j.1744-7429.2010.00713.x",FALSE,NA,0.125663706143592,NA,125.663706143592,46,5,7.49617021276596,6.4,4.45269847750637,7.49617021276596,6.4,4.45269847750637,14.6689655172414,10.9,9.68928360348527,41.9666666666667,44.3,5.57882902886738,235,0,NA,NA,NA,NA,NA,NA,NA,NA,NA,NA,NA,NA,NA,NA,NA,235,235,29,3,2,0,NA,235,235,"Colophospermum mopane","Spirostachys africana","Euclea natalensis","Vachellia nilotica","Boscia mossambicensis",0.71063829787234,0.212765957446809,0.0595744680851064,0.00851063829787234,0.00425531914893617,6,3.2155290254859,0.827078220864419,0.446066093254866,1.80526952371613,235,235,29,3,1.40151631904519,5.75560900585482,5.75560900585482,3.94192274930938,2.96689831070109,0.300878253952688,1870.07058132977,1870.07058132977,230.774667483248,23.8732414637843,11.1529125,45.8016811893012,45.8016811893012,31.3688245419491,23.6098265899536,NA,NA,8.45121850835609,1.84572861482151,0.318289742088064,0.0688313289865237,FALSE
"MAR_247","MAR_243","SNG_OF485","MAR",2014,"MOZ","Ryan C.","Woollen E.; ACES","circle",NA,NA,20,NA,NA,NA,NA,NA,5,NA,FALSE,NA,NA,NA,NA,NA,NA,FALSE,NA,NA,NA,NA,NA,NA,FALSE,NA,NA,NA,NA,NA,NA,FALSE,NA,TRUE,TRUE,TRUE,NA,NA,FALSE,NA,NA,FALSE,NA,NA,NA,32.872003,-23.992707,67.8599999999999,NA,NA,NA,NA,FALSE,NA,NA,NA,NA,0.52,"mirror_densitometer","Densiometer recordings in 4 directions for each plot (standing in the centre, face N, S, E, W). An average is taken of the four readings",NA,FALSE,NA,NA,NA,NA,NA,NA,NA,NA,NA,NA,NA,FALSE,FALSE,NA,NA,NA,NA,NA,NA,"stem",NA,TRUE,NA,NA,NA,NA,NA,NA,NA,NA,NA,NA,NA,NA,NA,NA,NA,NA,NA,NA,NA,NA,NA,NA,NA,NA,NA,NA,NA,NA,NA,NA,NA,NA,NA,NA,NA,NA,"30_moz_ryan_ACES_checkN.xlsx","30_mozambique_various_ACES_clean.csv","2017","https://doi.org/10.1111/j.1744-7429.2010.00713.x",FALSE,NA,0.125663706143592,NA,125.663706143592,27.6,5,7.66459330143541,6.3,3.68122705715106,7.66459330143541,6.3,3.68122705715106,14.3290322580645,12.3,5.41215875280755,25.16,26.5,2.80588666912974,209,0,NA,NA,NA,NA,NA,NA,NA,NA,NA,NA,NA,NA,NA,NA,NA,209,209,31,5,0,0,NA,203,203,"Colophospermum mopane","Spirostachys africana","Boscia mossambicensis","Glenniea africana","Euclea natalensis",0.483253588516746,0.301435406698565,0.062200956937799,0.0526315789473684,0.0334928229665072,9,5.55659987291206,1.41851228172244,0.666422472013003,2.99780385697619,209,209,31,5,1.18568497675276,4.04757586390825,4.04757586390825,2.4722820676919,1.33041697351384,0.333089317441798,1663.16915531031,1663.16915531031,246.690161792438,39.7887357729738,9.43538125,32.2095853140224,32.2095853140224,19.6737955895309,10.5871218854044,-3.66974137954102,1.12973748891426,8.66217491602232,2.15499223126518,0.296482042814471,0.0950013158329359,FALSE
"MAR_248","MAR_243","SNG_OF415","MAR",2014,"MOZ","Ryan C.","Woollen E.; ACES","circle",NA,NA,20,NA,NA,NA,NA,NA,5,NA,FALSE,NA,NA,NA,NA,NA,NA,FALSE,NA,NA,NA,NA,NA,NA,FALSE,NA,NA,NA,NA,NA,NA,FALSE,NA,TRUE,TRUE,TRUE,NA,NA,FALSE,NA,NA,FALSE,NA,NA,NA,32.878139,-23.983897,66.67,NA,NA,NA,NA,FALSE,NA,NA,NA,NA,NA,"mirror_densitometer","Densiometer recordings in 4 directions for each plot (standing in the centre, face N, S, E, W). An average is taken of the four readings",NA,FALSE,NA,NA,NA,NA,NA,NA,NA,NA,NA,NA,NA,FALSE,FALSE,NA,NA,NA,NA,NA,NA,"stem",NA,TRUE,NA,NA,NA,NA,NA,NA,NA,NA,NA,NA,NA,NA,NA,NA,NA,NA,NA,NA,NA,NA,NA,NA,NA,NA,NA,NA,NA,NA,NA,NA,NA,NA,NA,NA,NA,NA,"30_moz_ryan_ACES_checkN.xlsx","30_mozambique_various_ACES_clean.csv","2017","https://doi.org/10.1111/j.1744-7429.2010.00713.x",FALSE,NA,0.125663706143592,NA,125.663706143592,22.9,5,6.76263157894737,6.2,2.22430618658851,6.76263157894737,6.2,2.22430618658851,13.5909090909091,12.7,3.90011654837507,22.9,22.9,NA,190,0,NA,NA,NA,NA,NA,NA,NA,NA,NA,NA,NA,NA,NA,NA,NA,190,190,11,1,0,0,NA,176,176,"Colophospermum mopane","Combretum molle","Indet indet","Spirostachys africana","Manilkara mochisia",0.815789473684211,0.0789473684210526,0.0736842105263158,0.0263157894736842,0.00526315789473684,5,3.40285206571596,0.682047028393115,0.322105263157895,1.47515527950311,190,190,11,1,0.755897822982077,2.23293113300005,2.23293113300005,0.710814774661921,0.215835920783146,0.295031055900621,1511.97195937301,1511.97195937301,87.5352187005424,7.95774715459477,6.01524375,17.7691013700372,17.7691013700372,5.65648425050982,1.71756768447142,-2.12130403322242,0.469170832368822,7.51287931652765,2.77811361124423,0.209045552800207,0.122169827348904,FALSE
"MAR_249","MAR_243","SNG_OF402","MAR",2014,"MOZ","Ryan C.","Woollen E.; ACES","circle",NA,NA,20,NA,NA,NA,NA,NA,5,NA,FALSE,NA,NA,NA,NA,NA,NA,FALSE,NA,NA,NA,NA,NA,NA,FALSE,NA,NA,NA,NA,NA,NA,FALSE,NA,TRUE,TRUE,TRUE,NA,NA,FALSE,NA,NA,FALSE,NA,NA,NA,32.854725,-23.983386,66.04,NA,NA,NA,NA,FALSE,NA,NA,NA,NA,NA,"mirror_densitometer","Densiometer recordings in 4 directions for each plot (standing in the centre, face N, S, E, W). An average is taken of the four readings",NA,FALSE,NA,NA,NA,NA,NA,NA,NA,NA,NA,NA,NA,FALSE,FALSE,NA,NA,NA,NA,NA,NA,"stem",NA,TRUE,NA,NA,NA,NA,NA,NA,NA,NA,NA,NA,NA,NA,NA,NA,NA,NA,NA,NA,NA,NA,NA,NA,NA,NA,NA,NA,NA,NA,NA,NA,NA,NA,NA,NA,NA,NA,"30_moz_ryan_ACES_checkN.xlsx","30_mozambique_various_ACES_clean.csv","2017","https://doi.org/10.1111/j.1744-7429.2010.00713.x",FALSE,NA,0.125663706143592,NA,125.663706143592,30.4,5,7.626,6.6,3.60559650744459,7.626,6.6,3.60559650744459,14.9157894736842,12.2,5.60191070160637,23.45,21.65,4.83769917763944,150,0,NA,NA,NA,NA,NA,NA,NA,NA,NA,NA,NA,NA,NA,NA,NA,150,150,19,4,0,0,NA,135,135,"Colophospermum mopane","Indet indet","Combretum molle","Glenniea africana","Senegalia burkei",0.8,0.1,0.0533333333333333,0.0333333333333333,0.00666666666666667,6,3.65735144154832,0.745285400456337,0.345955555555555,1.5289480837184,150,150,19,4,0.837268214302706,2.99613719263331,2.99613719263331,1.76207079097079,0.968947546108288,0.254824680619734,1193.66207318921,1193.66207318921,151.197195937301,31.8309886183791,6.66276875,23.8425022194533,23.8425022194533,14.0221138230424,7.71063957799481,-3.48958100978441,0.99009544505486,8.6114281908512,2.1755433671968,0.344678822335171,0.112152617792129,FALSE
"MAR_250","MAR_243","SNG_OF486","MAR",2014,"MOZ","Ryan C.","Woollen E.; ACES","circle",NA,NA,20,NA,NA,NA,NA,NA,5,NA,FALSE,NA,NA,NA,NA,NA,NA,FALSE,NA,NA,NA,NA,NA,NA,FALSE,NA,NA,NA,NA,NA,NA,FALSE,NA,TRUE,TRUE,TRUE,NA,NA,FALSE,NA,NA,FALSE,NA,NA,NA,32.84935875,-23.9822178,NA,NA,NA,NA,NA,FALSE,NA,NA,NA,NA,NA,"mirror_densitometer","Densiometer recordings in 4 directions for each plot (standing in the centre, face N, S, E, W). An average is taken of the four readings",NA,FALSE,NA,NA,NA,NA,NA,NA,NA,NA,NA,NA,NA,TRUE,TRUE,NA,NA,NA,NA,NA,NA,"stem",NA,TRUE,NA,NA,NA,NA,NA,NA,NA,NA,NA,NA,NA,NA,NA,NA,NA,NA,NA,NA,NA,NA,NA,NA,NA,NA,NA,NA,NA,NA,NA,NA,NA,NA,NA,NA,NA,NA,"30_moz_ryan_ACES_checkN.xlsx","30_mozambique_various_ACES_clean.csv","2017","https://doi.org/10.1111/j.1744-7429.2010.00713.x",FALSE,NA,0.125663706143592,NA,125.663706143592,23.8,5,8.88904109589041,7.75,4.35144246060483,8.88904109589041,7.75,4.35144246060483,14.6692307692308,13,4.38587168591879,22.1666666666667,22.5,1.36479546697176,146,0,NA,NA,NA,NA,NA,NA,NA,NA,NA,NA,NA,NA,NA,NA,NA,146,146,39,6,0,0,NA,138,138,"Colophospermum mopane","Indet indet","Combretum molle","Glenniea africana","Euclea natalensis",0.876712328767123,0.0547945205479452,0.0479452054794521,0.0136986301369863,0.00684931506849315,5,3.01134596757559,0.513037638696989,0.225839744792644,1.29172221548903,146,146,39,6,1.12168837820464,4.30208399500244,4.30208399500244,3.18749771208463,1.19652286217199,0.258344443097806,1161.83108457084,1161.83108457084,310.352139029196,47.7464829275686,8.9261125,34.2348966700583,34.2348966700583,25.3653008486188,9.52162640185672,-4.97634666350327,0.864084018736952,10.0877160357102,2.17886303267513,0.408106296665022,0.126292452763263,FALSE
"MAR_251","MAR_243","SNG_OF408","MAR",2014,"MOZ","Ryan C.","Woollen E.; ACES","circle",NA,NA,20,NA,NA,NA,NA,NA,5,NA,FALSE,NA,NA,NA,NA,NA,NA,FALSE,NA,NA,NA,NA,NA,NA,FALSE,NA,NA,NA,NA,NA,NA,FALSE,NA,TRUE,TRUE,TRUE,NA,NA,FALSE,NA,NA,FALSE,NA,NA,NA,32.890332,-23.980824,66.7999999999999,NA,NA,NA,NA,FALSE,NA,NA,NA,NA,NA,"mirror_densitometer","Densiometer recordings in 4 directions for each plot (standing in the centre, face N, S, E, W). An average is taken of the four readings",NA,FALSE,NA,NA,NA,NA,NA,NA,NA,NA,NA,NA,NA,FALSE,FALSE,NA,NA,NA,NA,NA,NA,"stem",NA,TRUE,NA,NA,NA,NA,NA,NA,NA,NA,NA,NA,NA,NA,NA,NA,NA,NA,NA,NA,NA,NA,NA,NA,NA,NA,NA,NA,NA,NA,NA,NA,NA,NA,NA,NA,NA,NA,"30_moz_ryan_ACES_checkN.xlsx","30_mozambique_various_ACES_clean.csv","2017","https://doi.org/10.1111/j.1744-7429.2010.00713.x",FALSE,NA,0.125663706143592,NA,125.663706143592,37.7,5,9.30395480225989,7.8,5.33214268697952,9.30395480225989,7.8,5.33214268697952,15.384,12.15,6.69451069678642,25.9583333333333,24.4,5.38186489025595,177,0,NA,NA,NA,NA,NA,NA,NA,NA,NA,NA,NA,NA,NA,NA,NA,177,177,50,12,0,0,NA,177,177,"Spirostachys africana","Colophospermum mopane","Glenniea africana","Combretum molle","Euclea natalensis",0.553672316384181,0.299435028248588,0.0621468926553672,0.0282485875706215,0.0225988700564972,7,4.54138340789841,1.1837600651105,0.597976315873472,2.48741564112743,177,177,50,12,1.59637988656941,6.51735328102157,6.51735328102157,5.23520441712399,3.70868922204381,0.355345091589633,1408.52124636327,1408.52124636327,397.887357729738,95.4929658551372,12.7035875,51.8634495275382,51.8634495275382,41.6604330540904,29.5128111039954,-5.57474173055332,1.720954774501,10.557901680225,1.90420702083032,0.444236792006321,0.0945548253830207,FALSE
"MAR_252","MAR_243","SNG_OF499","MAR",2014,"MOZ","Ryan C.","Woollen E.; ACES","circle",NA,NA,20,NA,NA,NA,NA,NA,5,NA,FALSE,NA,NA,NA,NA,NA,NA,FALSE,NA,NA,NA,NA,NA,NA,FALSE,NA,NA,NA,NA,NA,NA,FALSE,NA,TRUE,TRUE,TRUE,NA,NA,FALSE,NA,NA,FALSE,NA,NA,NA,32.85433823,-23.9775078,NA,NA,NA,NA,NA,FALSE,NA,NA,NA,NA,NA,"mirror_densitometer","Densiometer recordings in 4 directions for each plot (standing in the centre, face N, S, E, W). An average is taken of the four readings",NA,FALSE,NA,NA,NA,NA,NA,NA,NA,NA,NA,NA,NA,TRUE,TRUE,NA,NA,NA,NA,NA,NA,"stem",NA,TRUE,NA,NA,NA,NA,NA,NA,NA,NA,NA,NA,NA,NA,NA,NA,NA,NA,NA,NA,NA,NA,NA,NA,NA,NA,NA,NA,NA,NA,NA,NA,NA,NA,NA,NA,NA,NA,"30_moz_ryan_ACES_checkN.xlsx","30_mozambique_various_ACES_clean.csv","2017","https://doi.org/10.1111/j.1744-7429.2010.00713.x",FALSE,NA,0.125663706143592,NA,125.663706143592,52.8,5,7.96036036036036,6.2,6.96950864681656,7.96036036036036,6.2,6.96950864681656,22.5454545454545,15.5,16.1428227789543,46.6666666666667,50,8.3170507593337,111,0,NA,NA,NA,NA,NA,NA,NA,NA,NA,NA,NA,NA,NA,NA,NA,111,111,11,3,2,0,NA,104,104,"Colophospermum mopane","Indet indet","Strychnos madagascariensis","Lannea schweinfurthii","Guibourtia conjugata",0.864864864864865,0.0630630630630631,0.036036036036036,0.027027027027027,0.00900900900900901,5,3.25106969006804,0.559621987485457,0.245921597272948,1.32612205360026,111,111,11,3,0.972081023651715,5.24591155813184,5.24591155813184,4.4035950991946,3.90958935494863,0.265224410720052,883.309934160019,883.309934160019,87.5352187005424,23.8732414637843,7.735575,41.7456377749794,41.7456377749794,35.0426963706033,31.1115235649765,-7.38604890335017,6.22833526145679,8.95215688052936,1.48639551459245,0.610353371764053,0.0841409539914988,FALSE
"MAR_253","MAR_243","SNG_OF438","MAR",2014,"MOZ","Ryan C.","Woollen E.; ACES","circle",NA,NA,20,NA,NA,NA,NA,NA,5,NA,FALSE,NA,NA,NA,NA,NA,NA,FALSE,NA,NA,NA,NA,NA,NA,FALSE,NA,NA,NA,NA,NA,NA,FALSE,NA,TRUE,TRUE,TRUE,NA,NA,FALSE,NA,NA,FALSE,NA,NA,NA,32.883254,-23.975063,68.01,NA,NA,NA,NA,FALSE,NA,NA,NA,NA,NA,"mirror_densitometer","Densiometer recordings in 4 directions for each plot (standing in the centre, face N, S, E, W). An average is taken of the four readings",NA,FALSE,NA,NA,NA,NA,NA,NA,NA,NA,NA,NA,NA,FALSE,FALSE,NA,NA,NA,NA,NA,NA,"stem",NA,TRUE,NA,NA,NA,NA,NA,NA,NA,NA,NA,NA,NA,NA,NA,NA,NA,NA,NA,NA,NA,NA,NA,NA,NA,NA,NA,NA,NA,NA,NA,NA,NA,NA,NA,NA,NA,NA,"30_moz_ryan_ACES_checkN.xlsx","30_mozambique_various_ACES_clean.csv","2017","https://doi.org/10.1111/j.1744-7429.2010.00713.x",FALSE,NA,0.125663706143592,NA,125.663706143592,33.4,5,8.0606936416185,6.5,4.50918488790084,8.0606936416185,6.5,4.50918488790084,17.356,16.9,5.60104752107437,26.02,25,4.66497588418204,173,0,NA,NA,NA,NA,NA,NA,NA,NA,NA,NA,NA,NA,NA,NA,NA,173,173,25,5,0,0,NA,173,173,"Colophospermum mopane","Euclea natalensis","Senegalia burkei","Glenniea africana","Spirostachys africana",0.751445086705202,0.104046242774566,0.0751445086705202,0.0635838150289017,0.00578034682080925,5,3.80212092310054,0.849665236988307,0.414781649904775,1.70876391664288,173,173,25,5,1.15750960303904,4.55560815908152,4.55560815908152,3.21113029820529,1.55528723203428,0.341752783328576,1376.69025774489,1376.69025774489,198.943678864869,39.7887357729738,9.21116875,36.2523778653797,36.2523778653797,25.5533629935762,12.3765825452984,-4.07596266599897,1.08630906776698,9.1497472318559,1.94249807794601,0.382136424086113,0.0966308591603876,FALSE
"MAR_254","MAR_243","SNG_OF416","MAR",2014,"MOZ","Ryan C.","Woollen E.; ACES","circle",NA,NA,20,NA,NA,NA,NA,NA,5,NA,FALSE,NA,NA,NA,NA,NA,NA,FALSE,NA,NA,NA,NA,NA,NA,FALSE,NA,NA,NA,NA,NA,NA,FALSE,NA,TRUE,TRUE,TRUE,NA,NA,FALSE,NA,NA,FALSE,NA,NA,NA,32.905042,-23.973997,71.51,NA,NA,NA,NA,FALSE,NA,NA,NA,NA,NA,"mirror_densitometer","Densiometer recordings in 4 directions for each plot (standing in the centre, face N, S, E, W). An average is taken of the four readings",NA,FALSE,NA,NA,NA,NA,NA,NA,NA,NA,NA,NA,NA,FALSE,FALSE,NA,NA,NA,NA,NA,NA,"stem",NA,TRUE,NA,NA,NA,NA,NA,NA,NA,NA,NA,NA,NA,NA,NA,NA,NA,NA,NA,NA,NA,NA,NA,NA,NA,NA,NA,NA,NA,NA,NA,NA,NA,NA,NA,NA,NA,NA,"30_moz_ryan_ACES_checkN.xlsx","30_mozambique_various_ACES_clean.csv","2017","https://doi.org/10.1111/j.1744-7429.2010.00713.x",FALSE,NA,0.125663706143592,NA,125.663706143592,47.6,5,10.6638554216867,8.6,7.13983292680891,10.6638554216867,8.6,7.13983292680891,16.0942857142857,14,8.23260886593647,35.225,35.55,12.2828810409719,83,0,NA,NA,NA,NA,NA,NA,NA,NA,NA,NA,NA,NA,NA,NA,NA,83,83,35,4,2,0,NA,75,58,"Guibourtia conjugata","Combretum indet","Aganope stuhlmannii","Indet indet","Lannea schweinfurthii",0.457831325301205,0.204819277108434,0.0963855421686747,0.0963855421686747,0.0843373493975904,6,5.67160292841753,1.51121981031475,0.719117433589781,3.56020671834625,83,83,35,4,1.06961098218425,4.31929735141633,4.31929735141633,3.91105959853875,2.3606633434169,0.593367786391042,660.493013831366,660.493013831366,278.521150410817,31.8309886183791,8.51169375,34.371876208082,34.371876208082,31.1232233917223,18.785562004032,-6.95030741463346,1.3524411413509,12.0661945642154,1.69721120483878,0.830810882906693,0.123026104777266,FALSE
"MAR_255","MAR_243","SNG_OF451","MAR",2014,"MOZ","Ryan C.","Woollen E.; ACES","circle",NA,NA,20,NA,NA,NA,NA,NA,5,NA,FALSE,NA,NA,NA,NA,NA,NA,FALSE,NA,NA,NA,NA,NA,NA,FALSE,NA,NA,NA,NA,NA,NA,FALSE,NA,TRUE,TRUE,TRUE,NA,NA,FALSE,NA,NA,FALSE,NA,NA,NA,32.855095,-23.96524,71.34,NA,NA,NA,NA,FALSE,NA,NA,NA,NA,NA,"mirror_densitometer","Densiometer recordings in 4 directions for each plot (standing in the centre, face N, S, E, W). An average is taken of the four readings",NA,FALSE,NA,NA,NA,NA,NA,NA,NA,NA,NA,NA,NA,TRUE,FALSE,NA,NA,NA,NA,NA,NA,"stem",NA,TRUE,NA,NA,NA,NA,NA,NA,NA,NA,NA,NA,NA,NA,NA,NA,NA,NA,NA,NA,NA,NA,NA,NA,NA,NA,NA,NA,NA,NA,NA,NA,NA,NA,NA,NA,NA,NA,"30_moz_ryan_ACES_checkN.xlsx","30_mozambique_various_ACES_clean.csv","2017","https://doi.org/10.1111/j.1744-7429.2010.00713.x",FALSE,NA,0.125663706143592,NA,125.663706143592,30.5,5.1,13.275,12.8,5.37731195589095,13.275,12.8,5.37731195589095,14.7807692307692,14,4.78163312944598,25.8,26.6,5.14684369298311,32,0,NA,NA,NA,NA,NA,NA,NA,NA,NA,NA,NA,NA,NA,NA,NA,32,32,26,3,0,0,NA,32,32,"Spirostachys africana","Colophospermum mopane","Senegalia burkei",NA,NA,0.625,0.3125,0.0625,NA,NA,3,2.95766129032258,0.830523691482846,0.5078125,2.03174603174603,32,32,26,3,0.513304823670036,2.08682940363286,2.08682940363286,2.02885867544856,0.812877118596144,0.677248677248677,254.647908947033,254.647908947033,206.901426019464,23.8732414637843,4.08475,16.6064607488841,16.6064607488841,16.1451443516257,6.46867057754366,1.38526222337803,9.37791097559036,14.9356012647157,2.59712283021133,1.07808692005428,0.325120277667943,FALSE
"MAR_256","MAR_243","SNG_OF469","MAR",2014,"MOZ","Ryan C.","Woollen E.; ACES","circle",NA,NA,20,NA,NA,NA,NA,NA,5,NA,FALSE,NA,NA,NA,NA,NA,NA,FALSE,NA,NA,NA,NA,NA,NA,FALSE,NA,NA,NA,NA,NA,NA,FALSE,NA,TRUE,TRUE,TRUE,NA,NA,FALSE,NA,NA,FALSE,NA,NA,NA,32.875087,-23.964393,67.4599999999999,NA,NA,NA,NA,FALSE,NA,NA,NA,NA,NA,"mirror_densitometer","Densiometer recordings in 4 directions for each plot (standing in the centre, face N, S, E, W). An average is taken of the four readings",NA,FALSE,NA,NA,NA,NA,NA,NA,NA,NA,NA,NA,NA,FALSE,FALSE,NA,NA,NA,NA,NA,NA,"stem",NA,TRUE,NA,NA,NA,NA,NA,NA,NA,NA,NA,NA,NA,NA,NA,NA,NA,NA,NA,NA,NA,NA,NA,NA,NA,NA,NA,NA,NA,NA,NA,NA,NA,NA,NA,NA,NA,NA,"30_moz_ryan_ACES_checkN.xlsx","30_mozambique_various_ACES_clean.csv","2017","https://doi.org/10.1111/j.1744-7429.2010.00713.x",FALSE,NA,0.125663706143592,NA,125.663706143592,36,5,9.80384615384615,7.2,6.16036850611931,9.80384615384615,7.2,6.16036850611931,18.3029411764706,16.75,6.48347481161133,25.4833333333333,23.7,4.83713539069135,130,0,NA,NA,NA,NA,NA,NA,NA,NA,NA,NA,NA,NA,NA,NA,NA,130,130,34,12,0,0,NA,118,118,"Spirostachys africana","Colophospermum mopane","Indet indet","Glenniea africana","Euclea natalensis",0.407692307692308,0.4,0.0923076923076923,0.0769230769230769,0.0230769230769231,5,4.30000834843257,1.2365289706256,0.658816568047337,2.93097467915366,130,130,34,12,1.36585217384348,5.73387560450931,5.73387560450931,4.79437636546987,3.32995842552209,0.586194935830732,1034.50713009732,1034.50713009732,270.563403256222,95.4929658551372,10.86910625,45.6287322765843,45.6287322765843,38.1524348803742,26.4989671856172,-5.69849714897559,1.3245084429989,11.1298164830616,1.77297283330501,0.586767690069623,0.107748056584962,FALSE
"MAR_257","MAR_243","SNG_CF238","MAR",2014,"MOZ","Ryan C.","Woollen E.; ACES","circle",NA,NA,20,NA,NA,NA,NA,NA,5,NA,FALSE,NA,NA,NA,NA,NA,NA,FALSE,NA,NA,NA,NA,NA,NA,FALSE,NA,NA,NA,NA,NA,NA,FALSE,NA,TRUE,TRUE,TRUE,NA,NA,FALSE,NA,NA,FALSE,NA,NA,NA,32.848663,-23.960589,74.7399999999999,NA,NA,NA,NA,FALSE,NA,NA,NA,NA,NA,"mirror_densitometer","Densiometer recordings in 4 directions for each plot (standing in the centre, face N, S, E, W). An average is taken of the four readings",NA,FALSE,NA,NA,NA,NA,NA,NA,NA,NA,NA,NA,NA,FALSE,FALSE,NA,NA,NA,NA,NA,NA,"stem",NA,TRUE,NA,NA,NA,NA,NA,NA,NA,NA,NA,NA,NA,NA,NA,NA,NA,NA,NA,NA,NA,NA,NA,NA,NA,NA,NA,NA,NA,NA,NA,NA,NA,NA,NA,NA,NA,NA,"30_moz_ryan_ACES_checkN.xlsx","30_mozambique_various_ACES_clean.csv","2017","https://doi.org/10.1111/j.1744-7429.2010.00713.x",FALSE,NA,0.125663706143592,NA,125.663706143592,86.8,5,11.3312056737589,9.1,8.29654088634683,11.3312056737589,9.1,8.29654088634683,16.73,15,10.448863371808,29.9272727272727,22.6,19.2963256040673,141,0,NA,NA,NA,NA,NA,NA,NA,NA,NA,NA,NA,NA,NA,NA,NA,141,141,60,11,1,1,NA,138,133,"Diospyros natalensis","Glenniea africana","Guibourtia conjugata","Manilkara mochisia","Spirostachys africana",0.390070921985816,0.148936170212766,0.148936170212766,0.0709219858156028,0.0709219858156028,13,8.08709338471103,1.94207553510157,0.788893918816961,4.73695496783417,141,141,60,11,2.17872827738555,10.9774577487275,10.9774577487275,10.0749965124463,7.29889563063622,0.364381151371859,1122.04234879786,1122.04234879786,477.464829275686,87.5352187005424,17.33776875,87.3558331646205,87.3558331646205,80.1742748294714,58.0827659363795,-6.01514617689301,0.46295847077123,12.769855236869,1.6210524868513,0.705497464826832,0.0834225834643909,FALSE
"MAR_258","MAR_243","MTB_CF123","MAR",2014,"MOZ","Ryan C.","Woollen E.; ACES","circle",NA,NA,20,NA,NA,NA,NA,NA,5,NA,FALSE,NA,NA,NA,NA,NA,NA,FALSE,NA,NA,NA,NA,NA,NA,FALSE,NA,NA,NA,NA,NA,NA,FALSE,NA,TRUE,TRUE,TRUE,NA,NA,FALSE,NA,NA,FALSE,NA,NA,NA,32.69998,-23.959282,79.04,NA,NA,NA,NA,FALSE,NA,NA,NA,NA,0.2225,"mirror_densitometer","Densiometer recordings in 4 directions for each plot (standing in the centre, face N, S, E, W). An average is taken of the four readings",NA,FALSE,NA,NA,NA,NA,NA,NA,NA,NA,NA,NA,NA,TRUE,TRUE,NA,NA,NA,NA,NA,NA,"stem",NA,TRUE,NA,NA,NA,NA,NA,NA,NA,NA,NA,NA,NA,NA,NA,NA,NA,NA,NA,NA,NA,NA,NA,NA,NA,NA,NA,NA,NA,NA,NA,NA,NA,NA,NA,NA,NA,NA,"30_moz_ryan_ACES_checkN.xlsx","30_mozambique_various_ACES_clean.csv","2017","https://doi.org/10.1111/j.1744-7429.2010.00713.x",FALSE,NA,0.125663706143592,NA,125.663706143592,45,5.1,11.4116666666667,9.35,7.5070157393424,11.4116666666667,9.35,7.5070157393424,16.8538461538462,12.55,8.68001063452025,28.4571428571429,24.6,8.96341771551773,60,0,NA,NA,NA,NA,NA,NA,NA,NA,NA,NA,NA,NA,NA,NA,NA,60,60,26,7,1,0,NA,60,60,"Boscia albitrunca","Glenniea africana","Commiphora pyracanthoides","Senegalia nigrescens","Vachellia nilotica",0.866666666666667,0.0833333333333333,0.0166666666666667,0.0166666666666667,0.0166666666666667,5,3.19056005003741,0.535813513415355,0.241111111111111,1.31771595900439,60,60,26,7,0.874818100494738,3.49902445222015,3.49902445222015,3.16372577131399,2.39501968173246,0.263543191800878,477.464829275686,477.464829275686,206.901426019464,55.7042300821634,6.96158125,27.8443518785124,27.8443518785124,25.176129754592,19.058961057505,-5.10712589918221,1.65309123580381,12.9274254855236,1.71696746819544,1.03528510275659,0.150457420641046,FALSE
"MAR_259","MAR_243","SNG_CF237","MAR",2014,"MOZ","Ryan C.","Woollen E.; ACES","circle",NA,NA,20,NA,NA,NA,NA,NA,5,NA,FALSE,NA,NA,NA,NA,NA,NA,FALSE,NA,NA,NA,NA,NA,NA,FALSE,NA,NA,NA,NA,NA,NA,FALSE,NA,TRUE,TRUE,TRUE,NA,NA,FALSE,NA,NA,FALSE,NA,NA,NA,32.84693965,-23.9579456,NA,NA,NA,NA,NA,FALSE,NA,NA,NA,NA,NA,"mirror_densitometer","Densiometer recordings in 4 directions for each plot (standing in the centre, face N, S, E, W). An average is taken of the four readings",NA,FALSE,NA,NA,NA,NA,NA,NA,NA,NA,NA,NA,NA,FALSE,FALSE,NA,NA,NA,NA,NA,NA,"stem",NA,TRUE,NA,NA,NA,NA,NA,NA,NA,NA,NA,NA,NA,NA,NA,NA,NA,NA,NA,NA,NA,NA,NA,NA,NA,NA,NA,NA,NA,NA,NA,NA,NA,NA,NA,NA,NA,NA,"30_moz_ryan_ACES_checkN.xlsx","30_mozambique_various_ACES_clean.csv","2017","https://doi.org/10.1111/j.1744-7429.2010.00713.x",FALSE,NA,0.125663706143592,NA,125.663706143592,54.4,5,14.0381443298969,10,9.99396112763195,14.0381443298969,10,9.99396112763195,20.4061224489796,17.3,10.663946427161,30.1809523809524,26.6,9.31523585571611,97,0,NA,NA,NA,NA,NA,NA,NA,NA,NA,NA,NA,NA,NA,NA,NA,97,97,49,21,3,0,NA,96,95,"Olax dissitiflora","Spirostachys africana","Glenniea africana","Manilkara mochisia","Senegalia burkei",0.257731958762887,0.257731958762887,0.216494845360825,0.123711340206186,0.11340206185567,8,5.72018455435987,1.67703582145349,0.791795089807631,4.80296069423175,97,97,49,21,2.25441866918849,11.448759142605,11.448759142605,10.8558597373248,9.42709767030779,0.600370086778969,771.901473995692,771.901473995692,389.929610575144,167.11269024649,17.94009375,91.1063304907061,91.1063304907061,86.3881869353761,75.0184596619788,-10.2269626397849,1.71388367761299,15.8227612746018,1.58352990143234,1.07976362858316,0.114310051168236,FALSE
"MAR_260","MAR_243","SNG_OF464","MAR",2014,"MOZ","Ryan C.","Woollen E.; ACES","circle",NA,NA,20,NA,NA,NA,NA,NA,5,NA,FALSE,NA,NA,NA,NA,NA,NA,FALSE,NA,NA,NA,NA,NA,NA,FALSE,NA,NA,NA,NA,NA,NA,FALSE,NA,TRUE,TRUE,TRUE,NA,NA,FALSE,NA,NA,FALSE,NA,NA,NA,32.884469,-23.956977,66.8599999999999,NA,NA,NA,NA,FALSE,NA,NA,NA,NA,NA,"mirror_densitometer","Densiometer recordings in 4 directions for each plot (standing in the centre, face N, S, E, W). An average is taken of the four readings",NA,FALSE,NA,NA,NA,NA,NA,NA,NA,NA,NA,NA,NA,FALSE,FALSE,NA,NA,NA,NA,NA,NA,"stem",NA,TRUE,NA,NA,NA,NA,NA,NA,NA,NA,NA,NA,NA,NA,NA,NA,NA,NA,NA,NA,NA,NA,NA,NA,NA,NA,NA,NA,NA,NA,NA,NA,NA,NA,NA,NA,NA,NA,"30_moz_ryan_ACES_checkN.xlsx","30_mozambique_various_ACES_clean.csv","2017","https://doi.org/10.1111/j.1744-7429.2010.00713.x",FALSE,NA,0.125663706143592,NA,125.663706143592,28,5.1,10.5137096774194,8.55,5.23992389129578,10.5137096774194,8.55,5.23992389129578,15.1545454545455,13.4,4.60876050589238,23.9875,23.3,3.14980158105237,124,0,NA,NA,NA,NA,NA,NA,NA,NA,NA,NA,NA,NA,NA,NA,NA,124,124,55,8,0,0,NA,123,123,"Colophospermum mopane","Glenniea africana","Strychnos madagascariensis","Combretum molle","Euclea natalensis",0.774193548387097,0.161290322580645,0.0403225806451613,0.00806451612903226,0.00806451612903226,6,3.28003649491464,0.738513328394048,0.372788761706556,1.59435918705931,124,124,55,8,1.34176715376473,5.62441756420448,5.62441756420448,4.92916821845693,1.98569423072808,0.265726531176552,986.760647169751,986.760647169751,437.676093502712,63.6619772367581,10.67744375,44.757692867801,44.757692867801,39.2250743649446,15.8016526144716,-6.10838334786415,0.371710722203377,11.937053584408,2.15577481491237,0.528627275584036,0.139760892483098,FALSE
"MAR_261","MAR_243","MTB_CF125","MAR",2014,"MOZ","Ryan C.","Woollen E.; ACES","circle",NA,NA,20,NA,NA,NA,NA,NA,5,NA,FALSE,NA,NA,NA,NA,NA,NA,FALSE,NA,NA,NA,NA,NA,NA,FALSE,NA,NA,NA,NA,NA,NA,FALSE,NA,TRUE,TRUE,TRUE,NA,NA,FALSE,NA,NA,FALSE,NA,NA,NA,32.694032,-23.955345,73.4599999999999,NA,NA,NA,NA,FALSE,NA,NA,NA,NA,0.1525,"mirror_densitometer","Densiometer recordings in 4 directions for each plot (standing in the centre, face N, S, E, W). An average is taken of the four readings",NA,FALSE,NA,NA,NA,NA,NA,NA,NA,NA,NA,NA,NA,FALSE,FALSE,NA,NA,NA,NA,NA,NA,"stem",NA,TRUE,NA,NA,NA,NA,NA,NA,NA,NA,NA,NA,NA,NA,NA,NA,NA,NA,NA,NA,NA,NA,NA,NA,NA,NA,NA,NA,NA,NA,NA,NA,NA,NA,NA,NA,NA,NA,"30_moz_ryan_ACES_checkN.xlsx","30_mozambique_various_ACES_clean.csv","2017","https://doi.org/10.1111/j.1744-7429.2010.00713.x",FALSE,NA,0.125663706143592,NA,125.663706143592,66,5,14.325,11.85,10.5686454953146,14.325,11.85,10.5686454953146,19.753488372093,15,10.6370052363751,29.5882352941176,27,10.9890788031198,72,0,NA,NA,NA,NA,NA,NA,NA,NA,NA,NA,NA,NA,NA,NA,NA,72,72,43,17,2,1,NA,72,72,"Spirostachys africana","Boscia albitrunca","Euclea natalensis","Glenniea africana","Senegalia nigrescens",0.444444444444444,0.305555555555556,0.138888888888889,0.0972222222222222,0.0138888888888889,5,4.29486416626145,1.28286466294936,0.68016975308642,3.12665862484922,72,72,43,17,1.78326537954983,9.0075669238536,9.0075669238536,8.8026368843889,7.51980947180631,0.625331724969843,572.957795130823,572.957795130823,342.183127647575,135.281701628111,14.190775,71.6799400581179,71.6799400581179,70.0491586196767,59.8407424273614,-8.65889226864593,1.8999690749014,16.0714798704311,1.53129611140972,1.31420514229496,0.128189296795328,FALSE
"MAR_262","MAR_243","SNG_OF449","MAR",2014,"MOZ","Ryan C.","Woollen E.; ACES","circle",NA,NA,20,NA,NA,NA,NA,NA,5,NA,FALSE,NA,NA,NA,NA,NA,NA,FALSE,NA,NA,NA,NA,NA,NA,FALSE,NA,NA,NA,NA,NA,NA,FALSE,NA,TRUE,TRUE,TRUE,NA,NA,FALSE,NA,NA,FALSE,NA,NA,NA,32.87274557,-23.955211,71.5,NA,NA,NA,NA,FALSE,NA,NA,NA,NA,NA,"mirror_densitometer","Densiometer recordings in 4 directions for each plot (standing in the centre, face N, S, E, W). An average is taken of the four readings",NA,FALSE,NA,NA,NA,NA,NA,NA,NA,NA,NA,NA,NA,TRUE,TRUE,NA,NA,NA,NA,NA,NA,"stem",NA,TRUE,NA,NA,NA,NA,NA,NA,NA,NA,NA,NA,NA,NA,NA,NA,NA,NA,NA,NA,NA,NA,NA,NA,NA,NA,NA,NA,NA,NA,NA,NA,NA,NA,NA,NA,NA,NA,"30_moz_ryan_ACES_checkN.xlsx","30_mozambique_various_ACES_clean.csv","2017","https://doi.org/10.1111/j.1744-7429.2010.00713.x",FALSE,NA,0.125663706143592,NA,125.663706143592,38,5.1,14.17,13,7.26337546794917,14.17,13,7.26337546794917,17.6723404255319,16,6.30740427998367,26.1076923076923,24.5,5.00507434817598,70,0,NA,NA,NA,NA,NA,NA,NA,NA,NA,NA,NA,NA,NA,NA,NA,70,70,47,13,0,0,NA,70,70,"Spirostachys africana","Colophospermum mopane","Glenniea africana","Senegalia burkei","Vachellia nilotica",0.657142857142857,0.285714285714286,0.0285714285714286,0.0142857142857143,0.0142857142857143,5,3.30432824503503,0.856803183896529,0.48530612244898,1.94290245836638,70,70,47,13,1.38979582225281,6.36449428469224,6.36449428469224,6.11853830183643,3.86471490107049,0.388580491673275,557.042300821634,557.042300821634,374.014116265954,103.450713009732,11.05964375,50.6470362844443,50.6470362844443,48.689780761718,30.7544240073137,-8.00428901964529,1.39440032589563,16.0724754895156,2.10160564869789,0.968287980749238,0.187989301786139,FALSE
"MAR_263","MAR_243","MTB_CF124","MAR",2014,"MOZ","Ryan C.","Woollen E.; ACES","circle",NA,NA,20,NA,NA,NA,NA,NA,5,NA,FALSE,NA,NA,NA,NA,NA,NA,FALSE,NA,NA,NA,NA,NA,NA,FALSE,NA,NA,NA,NA,NA,NA,FALSE,NA,TRUE,TRUE,TRUE,NA,NA,FALSE,NA,NA,FALSE,NA,NA,NA,32.695174,-23.950463,77.25,NA,NA,NA,NA,FALSE,NA,NA,NA,NA,0.28,"mirror_densitometer","Densiometer recordings in 4 directions for each plot (standing in the centre, face N, S, E, W). An average is taken of the four readings",NA,FALSE,NA,NA,NA,NA,NA,NA,NA,NA,NA,NA,NA,TRUE,TRUE,NA,NA,NA,NA,NA,NA,"stem",NA,TRUE,NA,NA,NA,NA,NA,NA,NA,NA,NA,NA,NA,NA,NA,NA,NA,NA,NA,NA,NA,NA,NA,NA,NA,NA,NA,NA,NA,NA,NA,NA,NA,NA,NA,NA,NA,NA,"30_moz_ryan_ACES_checkN.xlsx","30_mozambique_various_ACES_clean.csv","2017","https://doi.org/10.1111/j.1744-7429.2010.00713.x",FALSE,NA,0.125663706143592,NA,125.663706143592,38.2,5,13.2216666666667,12.65,7.16074732551617,13.2216666666667,12.65,7.16074732551617,18.1441176470588,16.65,5.73538676281496,25.6111111111111,22.5,6.00050923764901,60,0,NA,NA,NA,NA,NA,NA,NA,NA,NA,NA,NA,NA,NA,NA,NA,60,60,34,9,0,0,NA,60,60,"Boscia albitrunca","Spirostachys africana","Euclea natalensis",NA,NA,0.516666666666667,0.433333333333333,0.05,NA,NA,3,2.80873757935158,0.853345392328727,0.542777777777778,2.18712029161604,60,60,34,9,1.06139100500613,4.43859233436602,4.43859233436602,4.21106335922537,2.42311882966648,0.729040097205346,477.464829275686,477.464829275686,270.563403256222,71.6197243913529,8.44628125,35.3211955192073,35.3211955192073,33.510577464694,19.2825669720234,-8.07862941265497,5.23978553107418,14.9995678125511,1.99535887867113,1.0283935551688,0.191755156546824,FALSE
"MAR_264","MAR_243","SNG_SS515","MAR",2014,"MOZ","Ryan C.","Woollen E.; ACES","circle",NA,NA,20,NA,NA,NA,NA,NA,5,NA,FALSE,NA,NA,NA,NA,NA,NA,FALSE,NA,NA,NA,NA,NA,NA,FALSE,NA,NA,NA,NA,NA,NA,FALSE,NA,TRUE,TRUE,TRUE,NA,NA,FALSE,NA,NA,FALSE,NA,NA,NA,32.87436529,-23.9493907,66.7,NA,NA,NA,NA,FALSE,NA,NA,NA,NA,NA,"mirror_densitometer","Densiometer recordings in 4 directions for each plot (standing in the centre, face N, S, E, W). An average is taken of the four readings",NA,FALSE,NA,NA,NA,NA,NA,NA,NA,NA,NA,NA,NA,TRUE,FALSE,NA,NA,NA,NA,NA,NA,"stem",NA,TRUE,NA,NA,NA,NA,NA,NA,NA,NA,NA,NA,NA,NA,NA,NA,NA,NA,NA,NA,NA,NA,NA,NA,NA,NA,NA,NA,NA,NA,NA,NA,NA,NA,NA,NA,NA,NA,"30_moz_ryan_ACES_checkN.xlsx","30_mozambique_various_ACES_clean.csv","2017","https://doi.org/10.1111/j.1744-7429.2010.00713.x",FALSE,NA,0.125663706143592,NA,125.663706143592,21,5,8.78282828282828,7.9,3.21041164644039,8.78282828282828,7.9,3.21041164644039,12.4657142857143,12,2.19289532717966,21,21,NA,99,0,NA,NA,NA,NA,NA,NA,NA,NA,NA,NA,NA,NA,NA,NA,NA,99,99,35,1,0,0,NA,99,97,"Colophospermum mopane","Spirostachys africana","Senegalia burkei","Euclea natalensis","Grewia indet",0.797979797979798,0.0909090909090909,0.0606060606060606,0.0303030303030303,0.0202020202020202,5,3.80074526654608,0.752755308887992,0.349964289358229,1.53837702087584,99,99,35,1,0.679112586139362,2.33594497432627,2.33594497432627,1.70162175842479,0.169133130233872,0.307675404175169,787.816968304882,787.816968304882,278.521150410817,7.95774715459477,5.40420625,18.5888594727348,18.5888594727348,13.5410757063014,1.3459186858663,-2.57624114444458,0.892436110945478,9.85914225829142,2.88909174190416,0.364100158162749,0.211393785302946,FALSE
"MAR_265","MAR_243","SNG_SS487","MAR",2014,"MOZ","Ryan C.","Woollen E.; ACES","circle",NA,NA,20,NA,NA,NA,NA,NA,5,NA,FALSE,NA,NA,NA,NA,NA,NA,FALSE,NA,NA,NA,NA,NA,NA,FALSE,NA,NA,NA,NA,NA,NA,FALSE,NA,TRUE,TRUE,TRUE,NA,NA,FALSE,NA,NA,FALSE,NA,NA,NA,32.826704,-23.948809,77.56,NA,NA,NA,NA,FALSE,NA,NA,NA,NA,0.365,"mirror_densitometer","Densiometer recordings in 4 directions for each plot (standing in the centre, face N, S, E, W). An average is taken of the four readings",NA,FALSE,NA,NA,NA,NA,NA,NA,NA,NA,NA,NA,NA,FALSE,FALSE,NA,NA,NA,NA,NA,NA,"stem",NA,TRUE,NA,NA,NA,NA,NA,NA,NA,NA,NA,NA,NA,NA,NA,NA,NA,NA,NA,NA,NA,NA,NA,NA,NA,NA,NA,NA,NA,NA,NA,NA,NA,NA,NA,NA,NA,NA,"30_moz_ryan_ACES_checkN.xlsx","30_mozambique_various_ACES_clean.csv","2017","https://doi.org/10.1111/j.1744-7429.2010.00713.x",FALSE,NA,0.125663706143592,NA,125.663706143592,51.8,5.6,16.3025641025641,11.2,11.5591496495539,16.3025641025641,11.2,11.5591496495539,23.1545454545455,20.25,11.2992510191195,30.5333333333333,28,10.2301100441369,39,0,NA,NA,NA,NA,NA,NA,NA,NA,NA,NA,NA,NA,NA,NA,NA,39,39,22,12,3,0,NA,35,30,"Guibourtia conjugata","Dichrostachys cinerea","Combretum indet","Indet indet","Strychnos madagascariensis",0.384615384615385,0.282051282051282,0.128205128205128,0.102564102564103,0.0512820512820513,7,6.14359682115737,1.56160620035823,0.741617357001972,3.87022900763359,39,39,22,12,1.21285111382651,5.61189516416011,5.61189516416011,5.43638528450843,4.81401451951266,0.55288985823337,310.352139029196,310.352139029196,175.070437401085,95.4929658551372,9.6515625,44.6580427744793,44.6580427744793,43.2613795290778,38.3087103448297,-14.7174696585714,3.75055626846004,18.3282482879073,1.56761979994453,1.9892870052238,0.185061594398529,FALSE
"MAR_266","MAR_243","MTB_OF212","MAR",2014,"MOZ","Ryan C.","Woollen E.; ACES","circle",NA,NA,20,NA,NA,NA,NA,NA,5,NA,FALSE,NA,NA,NA,NA,NA,NA,FALSE,NA,NA,NA,NA,NA,NA,FALSE,NA,NA,NA,NA,NA,NA,FALSE,NA,TRUE,TRUE,TRUE,NA,NA,FALSE,NA,NA,FALSE,NA,NA,NA,32.689168,-23.948422,75.7399999999999,NA,NA,NA,NA,FALSE,NA,NA,NA,NA,0.55,"mirror_densitometer","Densiometer recordings in 4 directions for each plot (standing in the centre, face N, S, E, W). An average is taken of the four readings",NA,FALSE,NA,NA,NA,NA,NA,NA,NA,NA,NA,NA,NA,FALSE,FALSE,NA,NA,NA,NA,NA,NA,"stem",NA,TRUE,NA,NA,NA,NA,NA,NA,NA,NA,NA,NA,NA,NA,NA,NA,NA,NA,NA,NA,NA,NA,NA,NA,NA,NA,NA,NA,NA,NA,NA,NA,NA,NA,NA,NA,NA,NA,"30_moz_ryan_ACES_checkN.xlsx","30_mozambique_various_ACES_clean.csv","2017","https://doi.org/10.1111/j.1744-7429.2010.00713.x",FALSE,NA,0.125663706143592,NA,125.663706143592,23.3,5,7.37362637362637,6.5,3.00920200440195,7.37362637362637,6.5,3.00920200440195,14.23,13.75,4.28875791394717,23.3,23.3,NA,91,0,NA,NA,NA,NA,NA,NA,NA,NA,NA,NA,NA,NA,NA,NA,NA,91,91,10,1,0,0,NA,91,91,"Boscia albitrunca","Euclea natalensis","Spirostachys africana","Sclerocarya birrea",NA,0.758241758241758,0.120879120879121,0.0989010989010989,0.021978021978022,NA,4,3.40626887904979,0.777985744152687,0.400193213380027,1.66720354338635,91,91,10,1,0.452599828824721,1.24038738081851,1.24038738081851,0.626371653205912,0.185771236463165,0.416800885846587,724.154991068124,724.154991068124,79.5774715459477,7.95774715459477,3.601675,9.87068915030379,9.87068915030379,4.98450724101816,1.4783205283703,-2.7287954824229,0.912796534604759,8.29059790725329,2.44308279818335,0.379422306483448,0.164114808157018,FALSE
"MAR_267","MAR_243","SNG_SS479","MAR",2014,"MOZ","Ryan C.","Woollen E.; ACES","circle",NA,NA,20,NA,NA,NA,NA,NA,5,NA,FALSE,NA,NA,NA,NA,NA,NA,FALSE,NA,NA,NA,NA,NA,NA,FALSE,NA,NA,NA,NA,NA,NA,FALSE,NA,TRUE,TRUE,TRUE,NA,NA,FALSE,NA,NA,FALSE,NA,NA,NA,32.822782,-23.947327,79.26,NA,NA,NA,NA,FALSE,NA,NA,NA,NA,0.13,"mirror_densitometer","Densiometer recordings in 4 directions for each plot (standing in the centre, face N, S, E, W). An average is taken of the four readings",NA,FALSE,NA,NA,NA,NA,NA,NA,NA,NA,NA,NA,NA,FALSE,FALSE,NA,NA,NA,NA,NA,NA,"stem",NA,TRUE,NA,NA,NA,NA,NA,NA,NA,NA,NA,NA,NA,NA,NA,NA,NA,NA,NA,NA,NA,NA,NA,NA,NA,NA,NA,NA,NA,NA,NA,NA,NA,NA,NA,NA,NA,NA,"30_moz_ryan_ACES_checkN.xlsx","30_mozambique_various_ACES_clean.csv","2017","https://doi.org/10.1111/j.1744-7429.2010.00713.x",FALSE,NA,0.125663706143592,NA,125.663706143592,50.6,5.3,12.2652173913043,10.85,7.63294663915157,12.2652173913043,10.85,7.63294663915157,15.9192307692308,13.05,8.4587951497016,35.2333333333333,28.2,13.3237882500936,46,0,NA,NA,NA,NA,NA,NA,NA,NA,NA,NA,NA,NA,NA,NA,NA,46,46,26,3,1,0,NA,31,29,"Guibourtia conjugata","Indet indet","Terminalia sericea","Combretum indet","Sclerocarya birrea",0.543478260869565,0.326086956521739,0.0652173913043478,0.0434782608695652,0.0217391304347826,5,4.25296432083899,1.09440705158991,0.591682419659735,2.44907407407407,46,46,26,3,0.749412790346904,2.67357683035927,2.67357683035927,2.45988006816146,1.34497615667681,0.489814814814815,366.056369111359,366.056369111359,206.901426019464,23.8732414637843,5.9636375,21.275648414382,21.275648414382,19.5751036130562,10.7029801837927,-7.8537549423304,1.10097548391884,13.8969931227106,1.79836718469609,1.21334396080246,0.173066457775461,FALSE
"MAR_268","MAR_243","SNG_SS492","MAR",2014,"MOZ","Ryan C.","Woollen E.; ACES","circle",NA,NA,20,NA,NA,NA,NA,NA,5,NA,FALSE,NA,NA,NA,NA,NA,NA,FALSE,NA,NA,NA,NA,NA,NA,FALSE,NA,NA,NA,NA,NA,NA,FALSE,NA,TRUE,TRUE,TRUE,NA,NA,FALSE,NA,NA,FALSE,NA,NA,NA,32.82279,-23.945152,85.3199999999999,NA,NA,NA,NA,FALSE,NA,NA,NA,NA,0.31,"mirror_densitometer","Densiometer recordings in 4 directions for each plot (standing in the centre, face N, S, E, W). An average is taken of the four readings",NA,FALSE,NA,NA,NA,NA,NA,NA,NA,NA,NA,NA,NA,FALSE,FALSE,NA,NA,NA,NA,NA,NA,"stem",NA,TRUE,NA,NA,NA,NA,NA,NA,NA,NA,NA,NA,NA,NA,NA,NA,NA,NA,NA,NA,NA,NA,NA,NA,NA,NA,NA,NA,NA,NA,NA,NA,NA,NA,NA,NA,NA,NA,"30_moz_ryan_ACES_checkN.xlsx","30_mozambique_various_ACES_clean.csv","2017","https://doi.org/10.1111/j.1744-7429.2010.00713.x",FALSE,NA,0.125663706143592,NA,125.663706143592,49.2,5.5,11.0074626865672,9.9,5.92466118281564,11.0074626865672,9.9,5.92466118281564,14.7586206896552,13,7.40219645208576,37.35,37.35,16.7584307141212,67,0,NA,NA,NA,NA,NA,NA,NA,NA,NA,NA,NA,NA,NA,NA,NA,67,67,29,2,1,0,NA,50,41,"Guibourtia conjugata","Indet indet","Combretum indet","Dichrostachys cinerea",NA,0.597014925373134,0.253731343283582,0.134328358208955,0.0149253731343284,NA,4,3.36263045299835,0.988351929696353,0.560926709734908,2.27752409944191,67,67,29,2,0.819540206958499,3.23237516278596,3.23237516278596,2.72176271112541,1.44717178489343,0.569381024860477,533.169059357849,533.169059357849,230.774667483248,15.9154943091895,6.52169375,25.7224242542428,25.7224242542428,21.6590994699404,11.5162271534455,-5.19637367761586,1.07224693449841,12.4324769851581,1.97571445476668,0.818847761315014,0.147413567309723,FALSE
"MAR_269","MAR_243","MTB_OF185","MAR",2014,"MOZ","Ryan C.","Woollen E.; ACES","circle",NA,NA,20,NA,NA,NA,NA,NA,5,NA,FALSE,NA,NA,NA,NA,NA,NA,FALSE,NA,NA,NA,NA,NA,NA,FALSE,NA,NA,NA,NA,NA,NA,FALSE,NA,TRUE,TRUE,TRUE,NA,NA,FALSE,NA,NA,FALSE,NA,NA,NA,32.75748722,-23.943722,NA,NA,NA,NA,NA,FALSE,NA,NA,NA,NA,0.475,"mirror_densitometer","Densiometer recordings in 4 directions for each plot (standing in the centre, face N, S, E, W). An average is taken of the four readings",NA,FALSE,NA,NA,NA,NA,NA,NA,NA,NA,NA,NA,NA,FALSE,FALSE,NA,NA,NA,NA,NA,NA,"stem",NA,TRUE,NA,NA,NA,NA,NA,NA,NA,NA,NA,NA,NA,NA,NA,NA,NA,NA,NA,NA,NA,NA,NA,NA,NA,NA,NA,NA,NA,NA,NA,NA,NA,NA,NA,NA,NA,NA,"30_moz_ryan_ACES_checkN.xlsx","30_mozambique_various_ACES_clean.csv","2017","https://doi.org/10.1111/j.1744-7429.2010.00713.x",FALSE,NA,0.125663706143592,NA,125.663706143592,19.5,5,8.55,7.95,3.06350014078387,8.55,7.95,3.06350014078387,12.5302325581395,11.9,2.34485606053528,NA,NA,NA,152,0,NA,NA,NA,NA,NA,NA,NA,NA,NA,NA,NA,NA,NA,NA,NA,152,152,43,0,0,0,NA,152,146,"Guibourtia conjugata","Albizia brevifolia","Combretum indet","Glenniea africana","Gardenia indet",0.881578947368421,0.0263157894736842,0.0263157894736842,0.0197368421052632,0.0131578947368421,9,3.55101220872981,0.593161351960583,0.220567867036011,1.28298533984896,152,152,43,0,0.984003367772088,2.68444089508397,2.68444089508397,1.70956160952095,0,0.142553926649884,1209.5775674984,1209.5775674984,342.183127647575,0,7.83045,21.3621018945323,21.3621018945323,13.6042590337698,0,-3.80712901874238,0.286048115994929,9.58766857480653,2.91522897506847,0.28341954309698,0.17044113468933,FALSE
"MAR_270","MAR_243","MTB_OF208","MAR",2014,"MOZ","Ryan C.","Woollen E.; ACES","circle",NA,NA,20,NA,NA,NA,NA,NA,5,NA,FALSE,NA,NA,NA,NA,NA,NA,FALSE,NA,NA,NA,NA,NA,NA,FALSE,NA,NA,NA,NA,NA,NA,FALSE,NA,TRUE,TRUE,TRUE,NA,NA,FALSE,NA,NA,FALSE,NA,NA,NA,32.753738,-23.94179,80.06,NA,NA,NA,NA,FALSE,NA,NA,NA,NA,0.0375,"mirror_densitometer","Densiometer recordings in 4 directions for each plot (standing in the centre, face N, S, E, W). An average is taken of the four readings",NA,FALSE,NA,NA,NA,NA,NA,NA,NA,NA,NA,NA,NA,FALSE,FALSE,NA,NA,NA,NA,NA,NA,"stem",NA,TRUE,NA,NA,NA,NA,NA,NA,NA,NA,NA,NA,NA,NA,NA,NA,NA,NA,NA,NA,NA,NA,NA,NA,NA,NA,NA,NA,NA,NA,NA,NA,NA,NA,NA,NA,NA,NA,"30_moz_ryan_ACES_checkN.xlsx","30_mozambique_various_ACES_clean.csv","2017","https://doi.org/10.1111/j.1744-7429.2010.00713.x",FALSE,NA,0.125663706143592,NA,125.663706143592,27.9,5,8.33834951456311,7.35,3.49359486310127,8.33834951456311,7.35,3.49359486310127,13.336170212766,12,3.80728281129474,24.4333333333333,22.8,3.00388637157488,206,0,NA,NA,NA,NA,NA,NA,NA,NA,NA,NA,NA,NA,NA,NA,NA,206,206,47,3,0,0,NA,205,201,"Guibourtia conjugata","Pterocarpus lucens","Glenniea africana","Boscia albitrunca","Aganope stuhlmannii",0.58252427184466,0.266990291262136,0.0339805825242718,0.0242718446601942,0.0194174757281553,12,5.14530668994495,1.2739151505104,0.586341785276652,2.41745471117694,206,206,47,3,1.32142062894376,3.49188503389787,3.49188503389787,2.24853215430253,0.597439444851693,0.201454559264745,1639.29591384652,1639.29591384652,374.014116265954,23.8732414637843,10.51553125,27.7875381926728,27.7875381926728,17.8932503529158,4.75427204231124,-3.41623933214002,0.042964428192675,9.39644065442682,2.43219158827949,0.286566864337676,0.112872694558925,FALSE
"MAR_271","MAR_243","SNG_CF235","MAR",2014,"MOZ","Ryan C.","Woollen E.; ACES","circle",NA,NA,20,NA,NA,NA,NA,NA,5,NA,FALSE,NA,NA,NA,NA,NA,NA,FALSE,NA,NA,NA,NA,NA,NA,FALSE,NA,NA,NA,NA,NA,NA,FALSE,NA,TRUE,TRUE,TRUE,NA,NA,FALSE,NA,NA,FALSE,NA,NA,NA,32.870925,-23.941639,76.25,NA,NA,NA,NA,FALSE,NA,NA,NA,NA,NA,"mirror_densitometer","Densiometer recordings in 4 directions for each plot (standing in the centre, face N, S, E, W). An average is taken of the four readings",NA,FALSE,NA,NA,NA,NA,NA,NA,NA,NA,NA,NA,NA,FALSE,FALSE,NA,NA,NA,NA,NA,NA,"stem",NA,TRUE,NA,NA,NA,NA,NA,NA,NA,NA,NA,NA,NA,NA,NA,NA,NA,NA,NA,NA,NA,NA,NA,NA,NA,NA,NA,NA,NA,NA,NA,NA,NA,NA,NA,NA,NA,NA,"30_moz_ryan_ACES_checkN.xlsx","30_mozambique_various_ACES_clean.csv","2017","https://doi.org/10.1111/j.1744-7429.2010.00713.x",FALSE,NA,0.125663706143592,NA,125.663706143592,33,5,10.4139534883721,8.1,6.24419567279591,10.4139534883721,8.1,6.24419567279591,16.7015873015873,14.2,6.38285233194761,25.6117647058824,25,4.48231000056628,172,0,NA,NA,NA,NA,NA,NA,NA,NA,NA,NA,NA,NA,NA,NA,NA,172,172,63,17,0,0,NA,171,170,"Colophospermum mopane","Spirostachys africana","Euclea natalensis","Glenniea africana","Boscia mossambicensis",0.529069767441861,0.284883720930233,0.0813953488372093,0.0581395348837209,0.0290697674418605,8,4.68520645751856,1.25675463491125,0.627974580854516,2.68798836998001,172,172,63,17,1.98868783998276,8.73474044984149,8.73474044984149,7.66860569606166,5.05227814078668,0.335998546247501,1368.7325105903,1368.7325105903,501.33807073947,135.281701628111,15.825475,69.50885596085,69.50885596085,61.0248251575439,40.2047519990665,-7.09315769357574,0.775733128136696,11.8280743178496,1.83439727775014,0.523504521792879,0.098585226184155,FALSE
"MAR_272","MAR_243","MTB_SS232","MAR",2014,"MOZ","Ryan C.","Woollen E.; ACES","circle",NA,NA,20,NA,NA,NA,NA,NA,5,NA,FALSE,NA,NA,NA,NA,NA,NA,FALSE,NA,NA,NA,NA,NA,NA,FALSE,NA,NA,NA,NA,NA,NA,FALSE,NA,TRUE,TRUE,TRUE,NA,NA,FALSE,NA,NA,FALSE,NA,NA,NA,32.710543,-23.937446,82.87,NA,NA,NA,NA,FALSE,NA,NA,NA,NA,0.3175,"mirror_densitometer","Densiometer recordings in 4 directions for each plot (standing in the centre, face N, S, E, W). An average is taken of the four readings",NA,FALSE,NA,NA,NA,NA,NA,NA,NA,NA,NA,NA,NA,FALSE,FALSE,NA,NA,NA,NA,NA,NA,"stem",NA,TRUE,NA,NA,NA,NA,NA,NA,NA,NA,NA,NA,NA,NA,NA,NA,NA,NA,NA,NA,NA,NA,NA,NA,NA,NA,NA,NA,NA,NA,NA,NA,NA,NA,NA,NA,NA,NA,"30_moz_ryan_ACES_checkN.xlsx","30_mozambique_various_ACES_clean.csv","2017","https://doi.org/10.1111/j.1744-7429.2010.00713.x",FALSE,NA,0.125663706143592,NA,125.663706143592,13.2,5,7.6155737704918,7.3,1.91988379864461,7.6155737704918,7.3,1.91988379864461,11.2294117647059,11,0.977090519017016,NA,NA,NA,122,0,NA,NA,NA,NA,NA,NA,NA,NA,NA,NA,NA,NA,NA,NA,NA,122,122,17,0,0,0,NA,121,121,"Boscia albitrunca","Diospyros natalensis","Euclea natalensis","Indet indet",NA,0.967213114754098,0.0163934426229508,0.00819672131147541,0.00819672131147541,NA,4,1.77902723208237,0.178389241060565,0.0640956732061274,1.06848528356066,122,122,17,0,0.590747438775515,1.59448871702507,1.59448871702507,0.546022261918493,0,0.267121320890165,970.845152860561,970.845152860561,135.281701628111,0,4.70101875,12.6885380509397,12.6885380509397,4.34510710112728,0,NA,NA,8.36774409379911,4.08128776247307,0.197223953485768,0.267907155516903,FALSE
"MAR_273","MAR_243","MTB_SS296","MAR",2014,"MOZ","Ryan C.","Woollen E.; ACES","circle",NA,NA,20,NA,NA,NA,NA,NA,5,NA,FALSE,NA,NA,NA,NA,NA,NA,FALSE,NA,NA,NA,NA,NA,NA,FALSE,NA,NA,NA,NA,NA,NA,FALSE,NA,TRUE,TRUE,TRUE,NA,NA,FALSE,NA,NA,FALSE,NA,NA,NA,32.696136,-23.936799,78.5,NA,NA,NA,NA,FALSE,NA,NA,NA,NA,0.2275,"mirror_densitometer","Densiometer recordings in 4 directions for each plot (standing in the centre, face N, S, E, W). An average is taken of the four readings",NA,FALSE,NA,NA,NA,NA,NA,NA,NA,NA,NA,NA,NA,TRUE,TRUE,NA,NA,NA,NA,NA,NA,"stem",NA,TRUE,NA,NA,NA,NA,NA,NA,NA,NA,NA,NA,NA,NA,NA,NA,NA,NA,NA,NA,NA,NA,NA,NA,NA,NA,NA,NA,NA,NA,NA,NA,NA,NA,NA,NA,NA,NA,"30_moz_ryan_ACES_checkN.xlsx","30_mozambique_various_ACES_clean.csv","2017","https://doi.org/10.1111/j.1744-7429.2010.00713.x",FALSE,NA,0.125663706143592,NA,125.663706143592,42,5,12.0414893617021,8.45,7.65150079557055,12.0414893617021,8.45,7.65150079557055,18.652380952381,16.95,7.06137684685408,26.4285714285714,25.55,6.66649816636874,94,0,NA,NA,NA,NA,NA,NA,NA,NA,NA,NA,NA,NA,NA,NA,NA,94,94,42,14,1,0,NA,94,94,"Boscia albitrunca",NA,NA,NA,NA,1,NA,NA,NA,NA,1,1,0,0,1,94,94,42,14,1.4981069413743,5.90143517508558,5.90143517508558,5.49346654618769,3.81244387648796,1,748.028232531908,748.028232531908,334.22538049298,111.408460164327,11.92155625,46.9621289725627,46.9621289725627,43.7156177767866,30.3384644101743,-8.12717844167219,1.47358171817713,13.6396414690144,1.7341125270661,0.862423837221844,0.129417811701049,FALSE
"MAR_274","MAR_243","MTB_SS246","MAR",2014,"MOZ","Ryan C.","Woollen E.; ACES","circle",NA,NA,20,NA,NA,NA,NA,NA,5,NA,FALSE,NA,NA,NA,NA,NA,NA,FALSE,NA,NA,NA,NA,NA,NA,FALSE,NA,NA,NA,NA,NA,NA,FALSE,NA,TRUE,TRUE,TRUE,NA,NA,FALSE,NA,NA,FALSE,NA,NA,NA,32.771829,-23.936495,80.9899999999999,NA,NA,NA,NA,FALSE,NA,NA,NA,NA,0.0725,"mirror_densitometer","Densiometer recordings in 4 directions for each plot (standing in the centre, face N, S, E, W). An average is taken of the four readings",NA,FALSE,NA,NA,NA,NA,NA,NA,NA,NA,NA,NA,NA,FALSE,FALSE,NA,NA,NA,NA,NA,NA,"stem",NA,TRUE,NA,NA,NA,NA,NA,NA,NA,NA,NA,NA,NA,NA,NA,NA,NA,NA,NA,NA,NA,NA,NA,NA,NA,NA,NA,NA,NA,NA,NA,NA,NA,NA,NA,NA,NA,NA,"30_moz_ryan_ACES_checkN.xlsx","30_mozambique_various_ACES_clean.csv","2017","https://doi.org/10.1111/j.1744-7429.2010.00713.x",FALSE,NA,0.125663706143592,NA,125.663706143592,6.8,5,5.54666666666667,5.3,0.592653436029941,5.54666666666667,5.3,0.592653436029941,NA,NA,NA,NA,NA,NA,15,0,NA,NA,NA,NA,NA,NA,NA,NA,NA,NA,NA,NA,NA,NA,NA,15,15,0,0,0,0,NA,15,15,"Boscia albitrunca",NA,NA,NA,NA,1,NA,NA,NA,NA,1,1,0,0,1,15,15,0,0,0.036630970340857,0.0683013228949602,0.0683013228949602,0,0,1,119.366207318921,119.366207318921,0,0,0.2915,0.543524657922428,0.543524657922428,0,0,NA,NA,5.81778467035805,9.48972623330448,0.168407211887944,1.78406897068535,FALSE
"MAR_275","MAR_243","MTB_SS300","MAR",2014,"MOZ","Ryan C.","Woollen E.; ACES","circle",NA,NA,20,NA,NA,NA,NA,NA,5,NA,FALSE,NA,NA,NA,NA,NA,NA,FALSE,NA,NA,NA,NA,NA,NA,FALSE,NA,NA,NA,NA,NA,NA,FALSE,NA,TRUE,TRUE,TRUE,NA,NA,FALSE,NA,NA,FALSE,NA,NA,NA,32.700771,-23.933429,80.7,NA,NA,NA,NA,FALSE,NA,NA,NA,NA,0.1675,"mirror_densitometer","Densiometer recordings in 4 directions for each plot (standing in the centre, face N, S, E, W). An average is taken of the four readings",NA,FALSE,NA,NA,NA,NA,NA,NA,NA,NA,NA,NA,NA,TRUE,TRUE,NA,NA,NA,NA,NA,NA,"stem",NA,TRUE,NA,NA,NA,NA,NA,NA,NA,NA,NA,NA,NA,NA,NA,NA,NA,NA,NA,NA,NA,NA,NA,NA,NA,NA,NA,NA,NA,NA,NA,NA,NA,NA,NA,NA,NA,NA,"30_moz_ryan_ACES_checkN.xlsx","30_mozambique_various_ACES_clean.csv","2017","https://doi.org/10.1111/j.1744-7429.2010.00713.x",FALSE,NA,0.125663706143592,NA,125.663706143592,10.5,5,6.62121212121212,6.3,1.23603838369155,6.62121212121212,6.3,1.23603838369155,10.3,10.3,0.282842712474619,NA,NA,NA,132,0,NA,NA,NA,NA,NA,NA,NA,NA,NA,NA,NA,NA,NA,NA,NA,132,132,2,0,0,0,NA,132,132,"Boscia albitrunca","Manilkara mochisia","Euclea natalensis",NA,NA,0.946969696969697,0.0454545454545455,0.00757575757575758,NA,NA,3,1.91336304176401,0.229091513660947,0.101124885215794,1.11250159622015,132,132,2,0,0.470224163611359,1.18535584574088,1.18535584574088,0.0531509191642999,0,0.370833865406717,1050.42262440651,1050.42262440651,15.9154943091895,0,3.741925,9.43276210862678,9.43276210862678,0.422961575743804,0,NA,NA,7.14816267487272,5.28921393040297,0.125124309068584,0.327246600332191,FALSE
"MAR_276","MAR_243","MTB_SS219","MAR",2014,"MOZ","Ryan C.","Woollen E.; ACES","circle",NA,NA,20,NA,NA,NA,NA,NA,5,NA,FALSE,NA,NA,NA,NA,NA,NA,FALSE,NA,NA,NA,NA,NA,NA,FALSE,NA,NA,NA,NA,NA,NA,FALSE,NA,TRUE,TRUE,TRUE,NA,NA,FALSE,NA,NA,FALSE,NA,NA,NA,32.700628,-23.932283,80.79,NA,NA,NA,NA,FALSE,NA,NA,NA,NA,NA,"mirror_densitometer","Densiometer recordings in 4 directions for each plot (standing in the centre, face N, S, E, W). An average is taken of the four readings",NA,FALSE,NA,NA,NA,NA,NA,NA,NA,NA,NA,NA,NA,TRUE,TRUE,NA,NA,NA,NA,NA,NA,"stem",NA,TRUE,NA,NA,NA,NA,NA,NA,NA,NA,NA,NA,NA,NA,NA,NA,NA,NA,NA,NA,NA,NA,NA,NA,NA,NA,NA,NA,NA,NA,NA,NA,NA,NA,NA,NA,NA,NA,"30_moz_ryan_ACES_checkN.xlsx","30_mozambique_various_ACES_clean.csv","2017","https://doi.org/10.1111/j.1744-7429.2010.00713.x",FALSE,NA,0.125663706143592,NA,125.663706143592,24.6,5,8.98375,7,4.08174969178141,8.98375,7,4.08174969178141,13.8525,13.6,3.1487674993092,23.3,23.3,1.83847763108502,152,0,NA,NA,NA,NA,NA,NA,NA,NA,NA,NA,NA,NA,NA,NA,NA,152,152,52,2,0,0,NA,152,152,"Boscia albitrunca","Manilkara mochisia","Euclea natalensis",NA,NA,0.953947368421053,0.0328947368421053,0.0131578947368421,NA,NA,3,1.90096758370232,0.214276069699739,0.0887292243767313,1.09736867103638,152,152,52,2,1.16108103625347,4.09405297043265,4.09405297043265,3.25842809644101,0.426510338755143,0.365789557012128,1209.5775674984,1209.5775674984,413.802852038928,15.9154943091895,9.2395893125,32.5794383762207,32.5794383762207,25.9297469129051,3.39406143463399,-3.81413873260553,0.495830414635324,10.1817375258117,2.34719647716354,0.374178934749153,0.137641194732364,FALSE
"MAR_277","MAR_243","MTB_SS231","MAR",2014,"MOZ","Ryan C.","Woollen E.; ACES","circle",NA,NA,20,NA,NA,NA,NA,NA,5,NA,FALSE,NA,NA,NA,NA,NA,NA,FALSE,NA,NA,NA,NA,NA,NA,FALSE,NA,NA,NA,NA,NA,NA,FALSE,NA,TRUE,TRUE,TRUE,NA,NA,FALSE,NA,NA,FALSE,NA,NA,NA,32.736671,-23.931794,85.28,NA,NA,NA,NA,FALSE,NA,NA,NA,NA,0.445,"mirror_densitometer","Densiometer recordings in 4 directions for each plot (standing in the centre, face N, S, E, W). An average is taken of the four readings",NA,FALSE,NA,NA,NA,NA,NA,NA,NA,NA,NA,NA,NA,FALSE,FALSE,NA,NA,NA,NA,NA,NA,"stem",NA,TRUE,NA,NA,NA,NA,NA,NA,NA,NA,NA,NA,NA,NA,NA,NA,NA,NA,NA,NA,NA,NA,NA,NA,NA,NA,NA,NA,NA,NA,NA,NA,NA,NA,NA,NA,NA,NA,"30_moz_ryan_ACES_checkN.xlsx","30_mozambique_various_ACES_clean.csv","2017","https://doi.org/10.1111/j.1744-7429.2010.00713.x",FALSE,NA,0.125663706143592,NA,125.663706143592,18.4,5,8.59275362318841,7.8,3.0205775461951,8.59275362318841,7.8,3.0205775461951,12.5325,11.75,2.20749161510734,NA,NA,NA,138,0,NA,NA,NA,NA,NA,NA,NA,NA,NA,NA,NA,NA,NA,NA,NA,138,138,40,0,0,0,NA,138,134,"Guibourtia conjugata","Pterocarpus lucens","Hugonia orientalis","Boscia albitrunca","Strychnos madagascariensis",0.731884057971015,0.0869565217391304,0.0652173913043478,0.0507246376811594,0.036231884057971,6,4.71736910056943,0.992943458747883,0.447805082965763,1.81095473564093,138,138,40,0,0.89843737946259,2.4140696448504,2.4140696448504,1.5607366097814,0,0.301825789273488,1098.16910733408,1098.16910733408,318.309886183791,0,7.1495375,19.2105558473018,19.2105558473018,12.4199473155599,0,-3.75089129798943,0.379224364644731,9.62879484236894,2.98093645154582,0.292204520126318,0.184271839002584,FALSE
"MAR_278","MAR_243","MTB_OF153","MAR",2014,"MOZ","Ryan C.","Woollen E.; ACES","circle",NA,NA,20,NA,NA,NA,NA,NA,5,NA,FALSE,NA,NA,NA,NA,NA,NA,FALSE,NA,NA,NA,NA,NA,NA,FALSE,NA,NA,NA,NA,NA,NA,FALSE,NA,TRUE,TRUE,TRUE,NA,NA,FALSE,NA,NA,FALSE,NA,NA,NA,32.681526,-23.93091,82.1899999999999,NA,NA,NA,NA,FALSE,NA,NA,NA,NA,NA,"mirror_densitometer","Densiometer recordings in 4 directions for each plot (standing in the centre, face N, S, E, W). An average is taken of the four readings",NA,FALSE,NA,NA,NA,NA,NA,NA,NA,NA,NA,NA,NA,TRUE,TRUE,NA,NA,NA,NA,NA,NA,"stem",NA,TRUE,NA,NA,NA,NA,NA,NA,NA,NA,NA,NA,NA,NA,NA,NA,NA,NA,NA,NA,NA,NA,NA,NA,NA,NA,NA,NA,NA,NA,NA,NA,NA,NA,NA,NA,NA,NA,"30_moz_ryan_ACES_checkN.xlsx","30_mozambique_various_ACES_clean.csv","2017","https://doi.org/10.1111/j.1744-7429.2010.00713.x",FALSE,NA,0.125663706143592,NA,125.663706143592,23.5,5,8.58070175438596,7.5,3.57572635589041,8.58070175438596,7.5,3.57572635589041,14.244,13.9,3.14471514343244,21.95,21.95,2.1920310216783,114,0,NA,NA,NA,NA,NA,NA,NA,NA,NA,NA,NA,NA,NA,NA,NA,114,114,25,2,0,0,NA,112,112,"Boscia albitrunca","Boscia mossambicensis","Indet indet","Balanites maughamii","Commiphora africana",0.692982456140351,0.254385964912281,0.0175438596491228,0.0087719298245614,0.0087719298245614,7,3.26899313018982,0.83949446790658,0.454447522314558,1.83300423131171,114,114,25,2,0.772709270669599,2.01079690685715,2.01079690685715,1.29011155900804,0.284425631793619,0.261857747330244,907.183175623803,907.183175623803,198.943678864869,15.9154943091895,6.149025,16.0014133640104,16.0014133640104,10.2663815878061,2.26338726209949,-3.97175354523862,0.31963127956057,9.68355355352478,2.49696697088343,0.386630793047096,0.162794598337739,FALSE
"MAR_279","MAR_243","MTB_OF222","MAR",2014,"MOZ","Ryan C.","Woollen E.; ACES","circle",NA,NA,20,NA,NA,NA,NA,NA,5,NA,FALSE,NA,NA,NA,NA,NA,NA,FALSE,NA,NA,NA,NA,NA,NA,FALSE,NA,NA,NA,NA,NA,NA,FALSE,NA,TRUE,TRUE,TRUE,NA,NA,FALSE,NA,NA,FALSE,NA,NA,NA,32.736034,-23.930431,91.0199999999999,NA,NA,NA,NA,FALSE,NA,NA,NA,NA,NA,"mirror_densitometer","Densiometer recordings in 4 directions for each plot (standing in the centre, face N, S, E, W). An average is taken of the four readings",NA,FALSE,NA,NA,NA,NA,NA,NA,NA,NA,NA,NA,NA,FALSE,FALSE,NA,NA,NA,NA,NA,NA,"stem",NA,TRUE,NA,NA,NA,NA,NA,NA,NA,NA,NA,NA,NA,NA,NA,NA,NA,NA,NA,NA,NA,NA,NA,NA,NA,NA,NA,NA,NA,NA,NA,NA,NA,NA,NA,NA,NA,NA,"30_moz_ryan_ACES_checkN.xlsx","30_mozambique_various_ACES_clean.csv","2017","https://doi.org/10.1111/j.1744-7429.2010.00713.x",FALSE,NA,0.125663706143592,NA,125.663706143592,22.2,5.1,9.29821428571429,8.3,3.71830102980683,9.29821428571429,8.3,3.71830102980683,13.6861111111111,12.8,3.27537590233355,22.15,22.15,0.0707106781186532,112,0,NA,NA,NA,NA,NA,NA,NA,NA,NA,NA,NA,NA,NA,NA,NA,112,112,36,2,0,0,NA,112,107,"Guibourtia conjugata","Combretum indet","Strychnos madagascariensis","Pterocarpus lucens","Boscia albitrunca",0.866071428571429,0.0446428571428571,0.0446428571428571,0.0267857142857143,0.0178571428571429,5,3.38225398489161,0.570967842131761,0.244897959183673,1.32432432432432,112,112,36,2,0.881045522532316,2.61736888919157,2.61736888919157,1.88597372798395,0.316632836577568,0.264864864864865,891.267681314614,891.267681314614,286.478897565412,15.9154943091895,7.0111375,20.8283598304891,20.8283598304891,15.0081020675048,2.51968405432641,-4.12100940491716,0.170790537369482,10.4790356159713,2.610222793328,0.403524625748975,0.174592436077013,FALSE
"MAR_280","MAR_243","MTB_SS236","MAR",2014,"MOZ","Ryan C.","Woollen E.; ACES","circle",NA,NA,20,NA,NA,NA,NA,NA,5,NA,FALSE,NA,NA,NA,NA,NA,NA,FALSE,NA,NA,NA,NA,NA,NA,FALSE,NA,NA,NA,NA,NA,NA,FALSE,NA,TRUE,TRUE,TRUE,NA,NA,FALSE,NA,NA,FALSE,NA,NA,NA,32.693907,-23.926593,80.0699999999999,NA,NA,NA,NA,FALSE,NA,NA,NA,NA,0.0275,"mirror_densitometer","Densiometer recordings in 4 directions for each plot (standing in the centre, face N, S, E, W). An average is taken of the four readings",NA,FALSE,NA,NA,NA,NA,NA,NA,NA,NA,NA,NA,NA,FALSE,FALSE,NA,NA,NA,NA,NA,NA,"stem",NA,TRUE,NA,NA,NA,NA,NA,NA,NA,NA,NA,NA,NA,NA,NA,NA,NA,NA,NA,NA,NA,NA,NA,NA,NA,NA,NA,NA,NA,NA,NA,NA,NA,NA,NA,NA,NA,NA,"30_moz_ryan_ACES_checkN.xlsx","30_mozambique_various_ACES_clean.csv","2017","https://doi.org/10.1111/j.1744-7429.2010.00713.x",FALSE,NA,0.125663706143592,NA,125.663706143592,12,5,6.76712328767123,6.3,1.68951462412866,6.76712328767123,6.3,1.68951462412866,10.64,10.3,0.801872807869178,NA,NA,NA,73,0,NA,NA,NA,NA,NA,NA,NA,NA,NA,NA,NA,NA,NA,NA,NA,73,73,5,0,0,0,NA,73,73,"Boscia albitrunca","Euclea natalensis","Vachellia nilotica",NA,NA,0.794520547945205,0.178082191780822,0.0273972602739726,NA,NA,3,2.56853994445967,0.588591898411238,0.336273221992869,1.50664404862878,73,73,5,0,0.278696967485258,0.620094467957527,0.620094467957527,0.123328307895772,0,0.502214682876261,580.915542285418,580.915542285418,39.7887357729738,0,2.2178,4.93455498796897,4.93455498796897,0.981415491238567,0,NA,NA,7.43268771572857,4.0587009937424,0.2280430479255,0.340496214169563,FALSE
"MAR_281","MAR_243","MTB_SS267","MAR",2014,"MOZ","Ryan C.","Woollen E.; ACES","circle",NA,NA,20,NA,NA,NA,NA,NA,5,NA,FALSE,NA,NA,NA,NA,NA,NA,FALSE,NA,NA,NA,NA,NA,NA,FALSE,NA,NA,NA,NA,NA,NA,FALSE,NA,TRUE,TRUE,TRUE,NA,NA,FALSE,NA,NA,FALSE,NA,NA,NA,32.724962,-23.925501,90.03,NA,NA,NA,NA,FALSE,NA,NA,NA,NA,0.02,"mirror_densitometer","Densiometer recordings in 4 directions for each plot (standing in the centre, face N, S, E, W). An average is taken of the four readings",NA,FALSE,NA,NA,NA,NA,NA,NA,NA,NA,NA,NA,NA,FALSE,FALSE,NA,NA,NA,NA,NA,NA,"stem",NA,TRUE,NA,NA,NA,NA,NA,NA,NA,NA,NA,NA,NA,NA,NA,NA,NA,NA,NA,NA,NA,NA,NA,NA,NA,NA,NA,NA,NA,NA,NA,NA,NA,NA,NA,NA,NA,NA,"30_moz_ryan_ACES_checkN.xlsx","30_mozambique_various_ACES_clean.csv","2017","https://doi.org/10.1111/j.1744-7429.2010.00713.x",FALSE,NA,0.125663706143592,NA,125.663706143592,45,19,25.7571428571429,24.3,8.93007225481353,25.7571428571429,24.3,8.93007225481353,25.7571428571429,24.3,8.93007225481353,28.46,25,9.36258511309777,7,0,NA,NA,NA,NA,NA,NA,NA,NA,NA,NA,NA,NA,NA,NA,NA,7,7,7,5,1,0,NA,7,7,"Aloe marlothii",NA,NA,NA,NA,1,NA,NA,NA,NA,1,1,0,0,1,7,7,7,5,0.402319423802179,1.94276588779864,1.94276588779864,1.94276588779864,1.72758776181254,1,55.7042300821634,55.7042300821634,55.7042300821634,39.7887357729738,3.20155625,15.4600397156734,15.4600397156734,15.4600397156734,13.7477065958765,NA,NA,28.7273306617859,3.10751678280045,3.72763307276448,0.818401338291528,FALSE
"MAR_282","MAR_243","MTB_SS220","MAR",2014,"MOZ","Ryan C.","Woollen E.; ACES","circle",NA,NA,20,NA,NA,NA,NA,NA,5,NA,FALSE,NA,NA,NA,NA,NA,NA,FALSE,NA,NA,NA,NA,NA,NA,FALSE,NA,NA,NA,NA,NA,NA,FALSE,NA,TRUE,TRUE,TRUE,NA,NA,FALSE,NA,NA,FALSE,NA,NA,NA,32.713194,-23.924048,83.84,NA,NA,NA,NA,FALSE,NA,NA,NA,NA,0.0075,"mirror_densitometer","Densiometer recordings in 4 directions for each plot (standing in the centre, face N, S, E, W). An average is taken of the four readings",NA,FALSE,NA,NA,NA,NA,NA,NA,NA,NA,NA,NA,NA,FALSE,FALSE,NA,NA,NA,NA,NA,NA,"stem",NA,TRUE,NA,NA,NA,NA,NA,NA,NA,NA,NA,NA,NA,NA,NA,NA,NA,NA,NA,NA,NA,NA,NA,NA,NA,NA,NA,NA,NA,NA,NA,NA,NA,NA,NA,NA,NA,NA,"30_moz_ryan_ACES_checkN.xlsx","30_mozambique_various_ACES_clean.csv","2017","https://doi.org/10.1111/j.1744-7429.2010.00713.x",FALSE,NA,0.125663706143592,NA,125.663706143592,45,5,7.64782608695652,5.9,8.17984605129735,7.64782608695652,5.9,8.17984605129735,45,45,NA,45,45,NA,23,0,NA,NA,NA,NA,NA,NA,NA,NA,NA,NA,NA,NA,NA,NA,NA,23,23,1,1,1,0,NA,23,22,"Boscia albitrunca","Aloe indet",NA,NA,NA,0.956521739130435,0.0434782608695652,NA,NA,NA,2,2,0.178844912716848,0.0831758034026464,1.09072164948454,23,23,1,1,0.221267868379473,1.03953710509226,1.03953710509226,0.91766189516521,0.91766189516521,0.545360824742268,183.02818455568,183.02818455568,7.95774715459477,7.95774715459477,1.76079375,8.27237344014359,8.27237344014359,7.30252133513099,7.30252133513099,NA,NA,8.50348513322145,1.33882250852593,1.41625203859135,0.167988428960672,FALSE
"MAR_283","MAR_243","MTB_SS249","MAR",2014,"MOZ","Ryan C.","Woollen E.; ACES","circle",NA,NA,20,NA,NA,NA,NA,NA,5,NA,FALSE,NA,NA,NA,NA,NA,NA,FALSE,NA,NA,NA,NA,NA,NA,FALSE,NA,NA,NA,NA,NA,NA,FALSE,NA,TRUE,TRUE,TRUE,NA,NA,FALSE,NA,NA,FALSE,NA,NA,NA,32.717692,-23.91956,89.4,NA,NA,NA,NA,FALSE,NA,NA,NA,NA,0.545,"mirror_densitometer","Densiometer recordings in 4 directions for each plot (standing in the centre, face N, S, E, W). An average is taken of the four readings",NA,FALSE,NA,NA,NA,NA,NA,NA,NA,NA,NA,NA,NA,TRUE,TRUE,NA,NA,NA,NA,NA,NA,"stem",NA,TRUE,NA,NA,NA,NA,NA,NA,NA,NA,NA,NA,NA,NA,NA,NA,NA,NA,NA,NA,NA,NA,NA,NA,NA,NA,NA,NA,NA,NA,NA,NA,NA,NA,NA,NA,NA,NA,"30_moz_ryan_ACES_checkN.xlsx","30_mozambique_various_ACES_clean.csv","2017","https://doi.org/10.1111/j.1744-7429.2010.00713.x",FALSE,NA,0.125663706143592,NA,125.663706143592,23.5,5.1,9.23076923076923,8.1,3.82948768917442,9.23076923076923,8.1,3.82948768917442,13.647619047619,12.2,3.57150095164751,23.5,23.5,NA,65,0,NA,NA,NA,NA,NA,NA,NA,NA,NA,NA,NA,NA,NA,NA,NA,65,65,21,1,0,0,NA,65,65,"Boscia albitrunca",NA,NA,NA,NA,1,NA,NA,NA,NA,1,1,0,0,1,65,65,21,1,0.508703961228854,1.50996272853102,1.50996272853102,1.10375617890273,0.183913099410072,1,517.25356504866,517.25356504866,167.11269024649,7.95774715459477,4.0481375,12.0159016065119,12.0159016065119,8.78341259202957,1.46353394352321,-4.5980623786195,0.0274323374315848,10.4149139440463,2.52262186395935,0.54485529920916,0.219559464543488,FALSE
"MAR_284","MAR_243","MTB_SS288","MAR",2014,"MOZ","Ryan C.","Woollen E.; ACES","circle",NA,NA,20,NA,NA,NA,NA,NA,5,NA,FALSE,NA,NA,NA,NA,NA,NA,FALSE,NA,NA,NA,NA,NA,NA,FALSE,NA,NA,NA,NA,NA,NA,FALSE,NA,TRUE,TRUE,TRUE,NA,NA,FALSE,NA,NA,FALSE,NA,NA,NA,32.749641,-23.919058,84.28,NA,NA,NA,NA,FALSE,NA,NA,NA,NA,0.235,"mirror_densitometer","Densiometer recordings in 4 directions for each plot (standing in the centre, face N, S, E, W). An average is taken of the four readings",NA,FALSE,NA,NA,NA,NA,NA,NA,NA,NA,NA,NA,NA,FALSE,FALSE,NA,NA,NA,NA,NA,NA,"stem",NA,TRUE,NA,NA,NA,NA,NA,NA,NA,NA,NA,NA,NA,NA,NA,NA,NA,NA,NA,NA,NA,NA,NA,NA,NA,NA,NA,NA,NA,NA,NA,NA,NA,NA,NA,NA,NA,NA,"30_moz_ryan_ACES_checkN.xlsx","30_mozambique_various_ACES_clean.csv","2017","https://doi.org/10.1111/j.1744-7429.2010.00713.x",FALSE,NA,0.125663706143592,NA,125.663706143592,NA,NA,NA,NA,NA,NA,NA,NA,NA,NA,NA,NA,NA,NA,0,0,NA,NA,NA,NA,NA,NA,NA,NA,NA,NA,NA,NA,NA,NA,NA,0,0,0,0,0,0,NA,0,0,NA,NA,NA,NA,NA,NA,NA,NA,NA,NA,0,NA,NA,NA,NA,0,0,0,0,0,0,0,0,0,NA,0,0,0,0,0,0,0,0,0,NA,NA,NA,NA,NA,NA,FALSE
"MAR_285","MAR_243","MTB_SS255","MAR",2014,"MOZ","Ryan C.","Woollen E.; ACES","circle",NA,NA,20,NA,NA,NA,NA,NA,5,NA,FALSE,NA,NA,NA,NA,NA,NA,FALSE,NA,NA,NA,NA,NA,NA,FALSE,NA,NA,NA,NA,NA,NA,FALSE,NA,TRUE,TRUE,TRUE,NA,NA,FALSE,NA,NA,FALSE,NA,NA,NA,32.76132,-23.918532,86.29,NA,NA,NA,NA,FALSE,NA,NA,NA,NA,0,"mirror_densitometer","Densiometer recordings in 4 directions for each plot (standing in the centre, face N, S, E, W). An average is taken of the four readings",NA,FALSE,NA,NA,NA,NA,NA,NA,NA,NA,NA,NA,NA,FALSE,FALSE,NA,NA,NA,NA,NA,NA,"stem",NA,TRUE,NA,NA,NA,NA,NA,NA,NA,NA,NA,NA,NA,NA,NA,NA,NA,NA,NA,NA,NA,NA,NA,NA,NA,NA,NA,NA,NA,NA,NA,NA,NA,NA,NA,NA,NA,NA,"30_moz_ryan_ACES_checkN.xlsx","30_mozambique_various_ACES_clean.csv","2017","https://doi.org/10.1111/j.1744-7429.2010.00713.x",FALSE,NA,0.125663706143592,NA,125.663706143592,9.7,5.2,7.21176470588235,7.4,1.22059532244576,7.21176470588235,7.4,1.22059532244576,NA,NA,NA,NA,NA,NA,17,0,NA,NA,NA,NA,NA,NA,NA,NA,NA,NA,NA,NA,NA,NA,NA,17,17,0,0,0,0,NA,17,17,"Boscia albitrunca",NA,NA,NA,NA,1,NA,NA,NA,NA,1,1,0,0,1,17,17,0,0,0.0713141532364883,0.160420443461046,0.160420443461046,0,0,1,135.281701628111,135.281701628111,0,0,0.5675,1.27658532749097,1.27658532749097,0,0,NA,NA,7.71631178336627,6.70246381561047,0.295322279336108,1.23226812876486,FALSE
"MAR_286","MAR_243","MTB_OF158","MAR",2014,"MOZ","Ryan C.","Woollen E.; ACES","circle",NA,NA,20,NA,NA,NA,NA,NA,5,NA,FALSE,NA,NA,NA,NA,NA,NA,FALSE,NA,NA,NA,NA,NA,NA,FALSE,NA,NA,NA,NA,NA,NA,FALSE,NA,TRUE,TRUE,TRUE,NA,NA,FALSE,NA,NA,FALSE,NA,NA,NA,32.738935,-23.909708,87.76,NA,NA,NA,NA,FALSE,NA,NA,NA,NA,0.2475,"mirror_densitometer","Densiometer recordings in 4 directions for each plot (standing in the centre, face N, S, E, W). An average is taken of the four readings",NA,FALSE,NA,NA,NA,NA,NA,NA,NA,NA,NA,NA,NA,TRUE,FALSE,NA,NA,NA,NA,NA,NA,"stem",NA,TRUE,NA,NA,NA,NA,NA,NA,NA,NA,NA,NA,NA,NA,NA,NA,NA,NA,NA,NA,NA,NA,NA,NA,NA,NA,NA,NA,NA,NA,NA,NA,NA,NA,NA,NA,NA,NA,"30_moz_ryan_ACES_checkN.xlsx","30_mozambique_various_ACES_clean.csv","2017","https://doi.org/10.1111/j.1744-7429.2010.00713.x",FALSE,NA,0.125663706143592,NA,125.663706143592,NA,NA,NA,NA,NA,NA,NA,NA,NA,NA,NA,NA,NA,NA,0,0,NA,NA,NA,NA,NA,NA,NA,NA,NA,NA,NA,NA,NA,NA,NA,0,0,0,0,0,0,NA,0,0,NA,NA,NA,NA,NA,NA,NA,NA,NA,NA,0,NA,NA,NA,NA,0,0,0,0,0,0,0,0,0,NA,0,0,0,0,0,0,0,0,0,NA,NA,NA,NA,NA,NA,FALSE
"MAR_287","MAR_243","MTB_SS203","MAR",2014,"MOZ","Ryan C.","Woollen E.; ACES","circle",NA,NA,20,NA,NA,NA,NA,NA,5,NA,FALSE,NA,NA,NA,NA,NA,NA,FALSE,NA,NA,NA,NA,NA,NA,FALSE,NA,NA,NA,NA,NA,NA,FALSE,NA,TRUE,TRUE,TRUE,NA,NA,FALSE,NA,NA,FALSE,NA,NA,NA,32.721393,-23.899653,91.87,NA,NA,NA,NA,FALSE,NA,NA,NA,NA,NA,"mirror_densitometer","Densiometer recordings in 4 directions for each plot (standing in the centre, face N, S, E, W). An average is taken of the four readings",NA,FALSE,NA,NA,NA,NA,NA,NA,NA,NA,NA,NA,NA,FALSE,FALSE,NA,NA,NA,NA,NA,NA,"stem",NA,TRUE,NA,NA,NA,NA,NA,NA,NA,NA,NA,NA,NA,NA,NA,NA,NA,NA,NA,NA,NA,NA,NA,NA,NA,NA,NA,NA,NA,NA,NA,NA,NA,NA,NA,NA,NA,NA,"30_moz_ryan_ACES_checkN.xlsx","30_mozambique_various_ACES_clean.csv","2017","https://doi.org/10.1111/j.1744-7429.2010.00713.x",FALSE,NA,0.125663706143592,NA,125.663706143592,6.5,5.1,5.73333333333333,5.6,0.487339717240448,5.73333333333333,5.6,0.487339717240448,NA,NA,NA,NA,NA,NA,9,0,NA,NA,NA,NA,NA,NA,NA,NA,NA,NA,NA,NA,NA,NA,NA,9,9,0,0,0,0,NA,9,9,"Colophospermum mopane",NA,NA,NA,NA,1,NA,NA,NA,NA,1,1,0,0,1,9,9,0,0,0.0233844449169956,0.0535782139129223,0.0535782139129223,0,0,1,71.6197243913529,71.6197243913529,0,0,0.1860875,0.426361879313827,0.426361879313827,0,0,NA,NA,5.95229703419836,13.1641813165223,0.159981452546628,3.35855103266768,FALSE
"MAR_288","MAR_243","MTB_SS281","MAR",2014,"MOZ","Ryan C.","Woollen E.; ACES","circle",NA,NA,20,NA,NA,NA,NA,NA,5,NA,FALSE,NA,NA,NA,NA,NA,NA,FALSE,NA,NA,NA,NA,NA,NA,FALSE,NA,NA,NA,NA,NA,NA,FALSE,NA,TRUE,TRUE,TRUE,NA,NA,FALSE,NA,NA,FALSE,NA,NA,NA,32.717587,-23.896865,91.42,NA,NA,NA,NA,FALSE,NA,NA,NA,NA,NA,"mirror_densitometer","Densiometer recordings in 4 directions for each plot (standing in the centre, face N, S, E, W). An average is taken of the four readings",NA,FALSE,NA,NA,NA,NA,NA,NA,NA,NA,NA,NA,NA,TRUE,TRUE,NA,NA,NA,NA,NA,NA,"stem",NA,TRUE,NA,NA,NA,NA,NA,NA,NA,NA,NA,NA,NA,NA,NA,NA,NA,NA,NA,NA,NA,NA,NA,NA,NA,NA,NA,NA,NA,NA,NA,NA,NA,NA,NA,NA,NA,NA,"30_moz_ryan_ACES_checkN.xlsx","30_mozambique_various_ACES_clean.csv","2017","https://doi.org/10.1111/j.1744-7429.2010.00713.x",FALSE,NA,0.125663706143592,NA,125.663706143592,10.7,5,5.99347826086957,5.5,1.38008086299528,5.99347826086957,5.5,1.38008086299528,10.5,10.5,0.282842712474618,NA,NA,NA,46,0,NA,NA,NA,NA,NA,NA,NA,NA,NA,NA,NA,NA,NA,NA,NA,46,46,2,0,0,0,NA,46,46,"Colophospermum mopane",NA,NA,NA,NA,1,NA,NA,NA,NA,1,1,0,0,1,46,46,2,0,0.136510840178274,0.340199593740056,0.340199593740056,0.0575119369037545,0,1,366.056369111359,366.056369111359,15.9154943091895,0,1.08631875,2.70722234907922,2.70722234907922,0.457665452251086,0,NA,NA,6.55127471754054,3.97697561358651,0.259360130235926,0.388825821769676,FALSE
"MAR_289","MAR_243","MTB_SS244","MAR",2014,"MOZ","Ryan C.","Woollen E.; ACES","circle",NA,NA,20,NA,NA,NA,NA,NA,5,NA,FALSE,NA,NA,NA,NA,NA,NA,FALSE,NA,NA,NA,NA,NA,NA,FALSE,NA,NA,NA,NA,NA,NA,FALSE,NA,TRUE,TRUE,TRUE,NA,NA,FALSE,NA,NA,FALSE,NA,NA,NA,32.713091,-23.893425,91.8299999999999,NA,NA,NA,NA,FALSE,NA,NA,NA,NA,0.0225,"mirror_densitometer","Densiometer recordings in 4 directions for each plot (standing in the centre, face N, S, E, W). An average is taken of the four readings",NA,FALSE,NA,NA,NA,NA,NA,NA,NA,NA,NA,NA,NA,FALSE,FALSE,NA,NA,NA,NA,NA,NA,"stem",NA,TRUE,NA,NA,NA,NA,NA,NA,NA,NA,NA,NA,NA,NA,NA,NA,NA,NA,NA,NA,NA,NA,NA,NA,NA,NA,NA,NA,NA,NA,NA,NA,NA,NA,NA,NA,NA,NA,"30_moz_ryan_ACES_checkN.xlsx","30_mozambique_various_ACES_clean.csv","2017","https://doi.org/10.1111/j.1744-7429.2010.00713.x",FALSE,NA,0.125663706143592,NA,125.663706143592,50,5.4,15,6.6,16.9581101541416,15,6.6,16.9581101541416,44.5,44.5,7.77817459305202,44.5,44.5,7.77817459305202,9,0,NA,NA,NA,NA,NA,NA,NA,NA,NA,NA,NA,NA,NA,NA,NA,9,9,2,2,1,0,NA,9,9,"Colophospermum mopane","Aloe marlothii","Sclerocarya birrea",NA,NA,0.666666666666667,0.222222222222222,0.111111111111111,NA,NA,3,3,0.848685557726417,0.493827160493827,1.97560975609756,9,9,2,2,0.339733400355527,2.14007217197853,2.14007217197853,2.08240590537448,2.08240590537448,0.658536585365854,71.6197243913529,71.6197243913529,15.9154943091895,15.9154943091895,2.7035125,17.0301532371896,17.0301532371896,16.5712596682051,16.5712596682051,NA,NA,15.5905884241626,1.08801162165814,5.09529362254334,0.260673937352378,FALSE
"MAR_290","MAR_243","MTB_SS290","MAR",2014,"MOZ","Ryan C.","Woollen E.; ACES","circle",NA,NA,20,NA,NA,NA,NA,NA,5,NA,FALSE,NA,NA,NA,NA,NA,NA,FALSE,NA,NA,NA,NA,NA,NA,FALSE,NA,NA,NA,NA,NA,NA,FALSE,NA,TRUE,TRUE,TRUE,NA,NA,FALSE,NA,NA,FALSE,NA,NA,NA,32.722833,-23.88928,88.9899999999999,NA,NA,NA,NA,FALSE,NA,NA,NA,NA,0,"mirror_densitometer","Densiometer recordings in 4 directions for each plot (standing in the centre, face N, S, E, W). An average is taken of the four readings",NA,FALSE,NA,NA,NA,NA,NA,NA,NA,NA,NA,NA,NA,TRUE,TRUE,NA,NA,NA,NA,NA,NA,"stem",NA,TRUE,NA,NA,NA,NA,NA,NA,NA,NA,NA,NA,NA,NA,NA,NA,NA,NA,NA,NA,NA,NA,NA,NA,NA,NA,NA,NA,NA,NA,NA,NA,NA,NA,NA,NA,NA,NA,"30_moz_ryan_ACES_checkN.xlsx","30_mozambique_various_ACES_clean.csv","2017","https://doi.org/10.1111/j.1744-7429.2010.00713.x",FALSE,NA,0.125663706143592,NA,125.663706143592,19.3,5,12.7707317073171,14,4.48866594337555,12.7707317073171,14,4.48866594337555,15.2206896551724,15.3,2.58088845587617,NA,NA,NA,41,0,NA,NA,NA,NA,NA,NA,NA,NA,NA,NA,NA,NA,NA,NA,NA,41,41,29,0,0,0,NA,41,41,"Colophospermum mopane",NA,NA,NA,NA,1,NA,NA,NA,NA,1,1,0,0,1,41,41,29,0,0.588473711092479,2.3942220709497,2.3942220709497,2.2706757121165,0,1,326.267633338385,326.267633338385,230.774667483248,0,4.682925,19.052613872568,19.052613872568,18.0694631871026,0,NA,NA,14.2811998607216,3.3578629527113,0.69641947757152,0.441966461658434,FALSE
"MAR_291","MAR_243","TZW_SS577","MAR",2014,"MOZ","Ryan C.","Woollen E.; ACES","circle",NA,NA,20,NA,NA,NA,NA,NA,5,NA,FALSE,NA,NA,NA,NA,NA,NA,FALSE,NA,NA,NA,NA,NA,NA,FALSE,NA,NA,NA,NA,NA,NA,FALSE,NA,TRUE,TRUE,TRUE,NA,NA,FALSE,NA,NA,FALSE,NA,NA,NA,32.721274,-23.806092,101.76,NA,NA,NA,NA,FALSE,NA,NA,NA,NA,0.625,"mirror_densitometer","Densiometer recordings in 4 directions for each plot (standing in the centre, face N, S, E, W). An average is taken of the four readings",NA,FALSE,NA,NA,NA,NA,NA,NA,NA,NA,NA,NA,NA,FALSE,FALSE,NA,NA,NA,NA,NA,NA,"stem",NA,TRUE,NA,NA,NA,NA,NA,NA,NA,NA,NA,NA,NA,NA,NA,NA,NA,NA,NA,NA,NA,NA,NA,NA,NA,NA,NA,NA,NA,NA,NA,NA,NA,NA,NA,NA,NA,NA,"30_moz_ryan_ACES_checkN.xlsx","30_mozambique_various_ACES_clean.csv","2017","https://doi.org/10.1111/j.1744-7429.2010.00713.x",FALSE,NA,0.125663706143592,NA,125.663706143592,36.3,5,8.95663716814159,7.4,5.21070114740183,8.95663716814159,7.4,5.21070114740183,15.06,12.15,6.89030303122214,28.34,26.2,7.02481316477527,113,0,NA,NA,NA,NA,NA,NA,NA,NA,NA,NA,NA,NA,NA,NA,NA,113,113,30,5,0,0,NA,113,111,"Colophospermum mopane","Vachellia nilotica","Euclea natalensis","Combretum indet","Diospyros natalensis",0.778761061946903,0.0973451327433628,0.0707964601769911,0.0176991150442478,0.0176991150442478,6,4.0045465123148,0.823167437370194,0.378103218732869,1.60798388112328,113,113,30,5,0.950800660414461,3.88289857366179,3.88289857366179,3.07933404944283,1.9162336370173,0.267997313520547,899.225428469209,899.225428469209,238.732414637843,39.7887357729738,7.56623125,30.8991250761372,30.8991250761372,24.5045617700005,15.2489027725132,-5.52865219038502,2.3426531857899,10.1565326345691,1.88384454232546,0.540658399839737,0.114683930024509,FALSE
"MAR_292","MAR_243","TZW_SS587","MAR",2014,"MOZ","Ryan C.","Woollen E.; ACES","circle",NA,NA,20,NA,NA,NA,NA,NA,5,NA,FALSE,NA,NA,NA,NA,NA,NA,FALSE,NA,NA,NA,NA,NA,NA,FALSE,NA,NA,NA,NA,NA,NA,FALSE,NA,TRUE,TRUE,TRUE,NA,NA,FALSE,NA,NA,FALSE,NA,NA,NA,32.722447,-23.805285,103.099999999999,NA,NA,NA,NA,FALSE,NA,NA,NA,NA,0.485,"mirror_densitometer","Densiometer recordings in 4 directions for each plot (standing in the centre, face N, S, E, W). An average is taken of the four readings",NA,FALSE,NA,NA,NA,NA,NA,NA,NA,NA,NA,NA,NA,FALSE,FALSE,NA,NA,NA,NA,NA,NA,"stem",NA,TRUE,NA,NA,NA,NA,NA,NA,NA,NA,NA,NA,NA,NA,NA,NA,NA,NA,NA,NA,NA,NA,NA,NA,NA,NA,NA,NA,NA,NA,NA,NA,NA,NA,NA,NA,NA,NA,"30_moz_ryan_ACES_checkN.xlsx","30_mozambique_various_ACES_clean.csv","2017","https://doi.org/10.1111/j.1744-7429.2010.00713.x",FALSE,NA,0.125663706143592,NA,125.663706143592,32.4,5,9.7248322147651,8.6,4.62588057417426,9.7248322147651,8.6,4.62588057417426,14.188679245283,12.3,5.06187333737218,27.1,24.9,4.82026970199801,149,0,NA,NA,NA,NA,NA,NA,NA,NA,NA,NA,NA,NA,NA,NA,NA,149,149,53,5,0,0,NA,149,149,"Colophospermum mopane","Spirostachys africana","Euclea natalensis","Sclerocarya birrea",NA,0.758389261744966,0.214765100671141,0.0134228187919463,0.0134228187919463,NA,4,2.61546203993423,0.65581905006408,0.378361335074997,1.60865154698935,149,149,53,5,1.35546371233622,5.14725362892115,5.14725362892115,4.05522519465115,1.64668797970651,0.402162886747337,1185.70432603462,1185.70432603462,421.760599193523,39.7887357729738,10.7864375,40.9605429195248,40.9605429195248,32.2704567539762,13.1039265850149,-5.45790602776172,1.10885305765713,11.0021555457721,2.1975245035333,0.436589279187935,0.120293016979321,FALSE
"MAR_293","MAR_243","TZW_SS608","MAR",2014,"MOZ","Ryan C.","Woollen E.; ACES","circle",NA,NA,20,NA,NA,NA,NA,NA,5,NA,FALSE,NA,NA,NA,NA,NA,NA,FALSE,NA,NA,NA,NA,NA,NA,FALSE,NA,NA,NA,NA,NA,NA,FALSE,NA,TRUE,TRUE,TRUE,NA,NA,FALSE,NA,NA,FALSE,NA,NA,NA,32.73200183,-23.8019617,NA,NA,NA,NA,NA,FALSE,NA,NA,NA,NA,0.5825,"mirror_densitometer","Densiometer recordings in 4 directions for each plot (standing in the centre, face N, S, E, W). An average is taken of the four readings",NA,FALSE,NA,NA,NA,NA,NA,NA,NA,NA,NA,NA,NA,TRUE,TRUE,NA,NA,NA,NA,NA,NA,"stem",NA,TRUE,NA,NA,NA,NA,NA,NA,NA,NA,NA,NA,NA,NA,NA,NA,NA,NA,NA,NA,NA,NA,NA,NA,NA,NA,NA,NA,NA,NA,NA,NA,NA,NA,NA,NA,NA,NA,"30_moz_ryan_ACES_checkN.xlsx","30_mozambique_various_ACES_clean.csv","2017","https://doi.org/10.1111/j.1744-7429.2010.00713.x",FALSE,NA,0.125663706143592,NA,125.663706143592,38.4,5,8.69523809523809,6.6,6.08123577666814,8.69523809523809,6.6,6.08123577666814,17.4538461538462,13.9,9.00264918275128,28.975,27.65,7.01159753551215,63,0,NA,NA,NA,NA,NA,NA,NA,NA,NA,NA,NA,NA,NA,NA,NA,63,63,13,4,0,0,NA,63,63,"Colophospermum mopane","Boscia mossambicensis","Glenniea africana","Vachellia nilotica",NA,0.80952380952381,0.111111111111111,0.0476190476190476,0.0317460317460317,NA,4,3.40479584617015,0.669696479733564,0.329050138573948,1.49042433345851,63,63,13,4,0.554184798074874,2.45186631072887,2.45186631072887,2.03240281115849,1.61038574785852,0.372606083364626,501.33807073947,501.33807073947,103.450713009732,31.8309886183791,4.4100625,19.5113321576494,19.5113321576494,16.1733476874869,12.8150426028211,-6.03112705657739,2.27641800580293,9.85025276653358,1.66510832768786,0.79550521777614,0.136129673552999,FALSE
"MAR_294","MAR_243","TZW_SS602","MAR",2014,"MOZ","Ryan C.","Woollen E.; ACES","circle",NA,NA,20,NA,NA,NA,NA,NA,5,NA,FALSE,NA,NA,NA,NA,NA,NA,FALSE,NA,NA,NA,NA,NA,NA,FALSE,NA,NA,NA,NA,NA,NA,FALSE,NA,TRUE,TRUE,TRUE,NA,NA,FALSE,NA,NA,FALSE,NA,NA,NA,32.705464,-23.799,104.67,NA,NA,NA,NA,FALSE,NA,NA,NA,NA,0,"mirror_densitometer","Densiometer recordings in 4 directions for each plot (standing in the centre, face N, S, E, W). An average is taken of the four readings",NA,FALSE,NA,NA,NA,NA,NA,NA,NA,NA,NA,NA,NA,FALSE,FALSE,NA,NA,NA,NA,NA,NA,"stem",NA,TRUE,NA,NA,NA,NA,NA,NA,NA,NA,NA,NA,NA,NA,NA,NA,NA,NA,NA,NA,NA,NA,NA,NA,NA,NA,NA,NA,NA,NA,NA,NA,NA,NA,NA,NA,NA,NA,"30_moz_ryan_ACES_checkN.xlsx","30_mozambique_various_ACES_clean.csv","2017","https://doi.org/10.1111/j.1744-7429.2010.00713.x",FALSE,NA,0.125663706143592,NA,125.663706143592,10,5,6.04864864864865,5.7,1.12423407634834,6.04864864864865,5.7,1.12423407634834,10,10,NA,NA,NA,NA,74,0,NA,NA,NA,NA,NA,NA,NA,NA,NA,NA,NA,NA,NA,NA,NA,74,74,1,0,0,0,NA,74,74,"Colophospermum mopane","Boscia mossambicensis","Manilkara mochisia",NA,NA,0.905405405405405,0.0540540540540541,0.0405405405405405,NA,NA,3,2.5316445135083,0.377640501181486,0.175675675675676,1.21311475409836,74,74,1,0,0.219883211417403,0.52989086253775,0.52989086253775,0.0248916524834038,0,0.404371584699454,588.873289440013,588.873289440013,7.95774715459477,0,1.749775,4.21673750360555,4.21673750360555,0.198081476722969,0,NA,NA,6.5296661475742,4.97437639522406,0.162593879685541,0.390355715051165,FALSE
"MAR_295","MAR_243","TZW_SS519","MAR",2014,"MOZ","Ryan C.","Woollen E.; ACES","circle",NA,NA,20,NA,NA,NA,NA,NA,5,NA,FALSE,NA,NA,NA,NA,NA,NA,FALSE,NA,NA,NA,NA,NA,NA,FALSE,NA,NA,NA,NA,NA,NA,FALSE,NA,TRUE,TRUE,TRUE,NA,NA,FALSE,NA,NA,FALSE,NA,NA,NA,32.675256,-23.794446,102.18,NA,NA,NA,NA,FALSE,NA,NA,NA,NA,0.015,"mirror_densitometer","Densiometer recordings in 4 directions for each plot (standing in the centre, face N, S, E, W). An average is taken of the four readings",NA,FALSE,NA,NA,NA,NA,NA,NA,NA,NA,NA,NA,NA,FALSE,FALSE,NA,NA,NA,NA,NA,NA,"stem",NA,TRUE,NA,NA,NA,NA,NA,NA,NA,NA,NA,NA,NA,NA,NA,NA,NA,NA,NA,NA,NA,NA,NA,NA,NA,NA,NA,NA,NA,NA,NA,NA,NA,NA,NA,NA,NA,NA,"30_moz_ryan_ACES_checkN.xlsx","30_mozambique_various_ACES_clean.csv","2017","https://doi.org/10.1111/j.1744-7429.2010.00713.x",FALSE,NA,0.125663706143592,NA,125.663706143592,11.2,5,6.18041237113402,5.6,1.36958320722475,6.18041237113402,5.6,1.36958320722475,10.7666666666667,10.6,0.378593889720018,NA,NA,NA,97,0,NA,NA,NA,NA,NA,NA,NA,NA,NA,NA,NA,NA,NA,NA,NA,97,97,3,0,0,0,NA,97,97,"Colophospermum mopane","Euclea natalensis",NA,NA,NA,0.989690721649485,0.0103092783505155,NA,NA,NA,2,1.2577319587629,0.0574179230300603,0.0204059942608141,1.02083107301725,97,97,3,0,0.305145250637667,0.753387918200471,0.753387918200471,0.0900507095847249,0,0.510415536508625,771.901473995692,771.901473995692,23.8732414637843,0,2.42826875,5.99527056236588,5.99527056236588,0.716600777967084,0,NA,NA,6.73956908827641,4.2660145734673,0.170908251975882,0.294134536041996,FALSE
"MAR_296","MAR_243","TZW_OF588","MAR",2014,"MOZ","Ryan C.","Woollen E.; ACES","circle",NA,NA,20,NA,NA,NA,NA,NA,5,NA,FALSE,NA,NA,NA,NA,NA,NA,FALSE,NA,NA,NA,NA,NA,NA,FALSE,NA,NA,NA,NA,NA,NA,FALSE,NA,TRUE,TRUE,TRUE,NA,NA,FALSE,NA,NA,FALSE,NA,NA,NA,32.733641,-23.789794,97.0499999999999,NA,NA,NA,NA,FALSE,NA,NA,NA,NA,0.435,"mirror_densitometer","Densiometer recordings in 4 directions for each plot (standing in the centre, face N, S, E, W). An average is taken of the four readings",NA,FALSE,NA,NA,NA,NA,NA,NA,NA,NA,NA,NA,NA,FALSE,FALSE,NA,NA,NA,NA,NA,NA,"stem",NA,TRUE,NA,NA,NA,NA,NA,NA,NA,NA,NA,NA,NA,NA,NA,NA,NA,NA,NA,NA,NA,NA,NA,NA,NA,NA,NA,NA,NA,NA,NA,NA,NA,NA,NA,NA,NA,NA,"30_moz_ryan_ACES_checkN.xlsx","30_mozambique_various_ACES_clean.csv","2017","https://doi.org/10.1111/j.1744-7429.2010.00713.x",FALSE,NA,0.125663706143592,NA,125.663706143592,63,5,10.9666666666667,8.6,8.64395612714976,10.9666666666667,8.6,8.64395612714976,17.5352941176471,12.6,11.2440120725047,38.2166666666667,35.75,12.7344283996835,90,0,NA,NA,NA,NA,NA,NA,NA,NA,NA,NA,NA,NA,NA,NA,NA,90,90,34,6,1,1,NA,90,51,"Combretum indet","Terminalia sericea","Dichrostachys cinerea","Grewia indet","Guibourtia conjugata",0.388888888888889,0.377777777777778,0.1,0.0444444444444444,0.0444444444444444,7,5.38610194388104,1.41123850592689,0.691111111111111,3.23741007194245,90,90,34,6,1.3724047507207,5.22142845239284,5.22142845239284,4.70025665439302,3.4112705507299,0.462487153134635,716.197243913529,716.197243913529,270.563403256222,47.7464829275686,10.92125,41.5508074099493,41.5508074099493,37.4034540173612,27.1460285186238,-9.43538054063458,2.91884831810591,12.3420005381733,1.52566213957494,0.908980916532586,0.104739801839726,FALSE
"MAR_297","MAR_243","TZW_OF551","MAR",2014,"MOZ","Ryan C.","Woollen E.; ACES","circle",NA,NA,20,NA,NA,NA,NA,NA,5,NA,FALSE,NA,NA,NA,NA,NA,NA,FALSE,NA,NA,NA,NA,NA,NA,FALSE,NA,NA,NA,NA,NA,NA,FALSE,NA,TRUE,TRUE,TRUE,NA,NA,FALSE,NA,NA,FALSE,NA,NA,NA,32.736267,-23.788018,99.34,NA,NA,NA,NA,FALSE,NA,NA,NA,NA,NA,"mirror_densitometer","Densiometer recordings in 4 directions for each plot (standing in the centre, face N, S, E, W). An average is taken of the four readings",NA,FALSE,NA,NA,NA,NA,NA,NA,NA,NA,NA,NA,NA,FALSE,TRUE,NA,NA,NA,NA,NA,NA,"stem",NA,TRUE,NA,NA,NA,NA,NA,NA,NA,NA,NA,NA,NA,NA,NA,NA,NA,NA,NA,NA,NA,NA,NA,NA,NA,NA,NA,NA,NA,NA,NA,NA,NA,NA,NA,NA,NA,NA,"30_moz_ryan_ACES_checkN.xlsx","30_mozambique_various_ACES_clean.csv","2017","https://doi.org/10.1111/j.1744-7429.2010.00713.x",FALSE,NA,0.125663706143592,NA,125.663706143592,23.1,5,10.263768115942,9.5,4.12039300718686,10.263768115942,9.5,4.12039300718686,13.6676470588235,12.9,3.04419174606484,22.15,22.15,1.34350288425444,69,0,NA,NA,NA,NA,NA,NA,NA,NA,NA,NA,NA,NA,NA,NA,NA,69,69,34,2,0,0,NA,69,0,"Combretum indet",NA,NA,NA,NA,1,NA,NA,NA,NA,1,1,0,0,1,69,69,34,2,0.661562864178246,2.48896248955988,2.48896248955988,2.11436028053695,0.386534287592219,1,549.084553667039,549.084553667039,270.563403256222,15.9154943091895,5.26455,19.8065341691883,19.8065341691883,16.8255445062311,3.0759421272403,-4.81780401419057,0.781309472685807,11.5707415396823,2.67658726422169,0.55154703413302,0.240017748939089,FALSE
"MAR_298","MAR_243","TZW_SS560","MAR",2014,"MOZ","Ryan C.","Woollen E.; ACES","circle",NA,NA,20,NA,NA,NA,NA,NA,5,NA,FALSE,NA,NA,NA,NA,NA,NA,FALSE,NA,NA,NA,NA,NA,NA,FALSE,NA,NA,NA,NA,NA,NA,FALSE,NA,TRUE,TRUE,TRUE,NA,NA,FALSE,NA,NA,FALSE,NA,NA,NA,32.670526,-23.785231,106.14,NA,NA,NA,NA,FALSE,NA,NA,NA,NA,0.2575,"mirror_densitometer","Densiometer recordings in 4 directions for each plot (standing in the centre, face N, S, E, W). An average is taken of the four readings",NA,FALSE,NA,NA,NA,NA,NA,NA,NA,NA,NA,NA,NA,FALSE,FALSE,NA,NA,NA,NA,NA,NA,"stem",NA,TRUE,NA,NA,NA,NA,NA,NA,NA,NA,NA,NA,NA,NA,NA,NA,NA,NA,NA,NA,NA,NA,NA,NA,NA,NA,NA,NA,NA,NA,NA,NA,NA,NA,NA,NA,NA,NA,"30_moz_ryan_ACES_checkN.xlsx","30_mozambique_various_ACES_clean.csv","2017","https://doi.org/10.1111/j.1744-7429.2010.00713.x",FALSE,NA,0.125663706143592,NA,125.663706143592,24,5,6.45,5.95,2.83622701374015,6.45,5.95,2.83622701374015,15.3333333333333,12,7.57187779440036,24,24,NA,50,0,NA,NA,NA,NA,NA,NA,NA,NA,NA,NA,NA,NA,NA,NA,NA,50,50,3,1,0,0,NA,50,50,"Colophospermum mopane","Vachellia nilotica",NA,NA,NA,0.88,0.12,NA,NA,NA,2,1.98885511651469,0.36692499127271,0.2112,1.26774847870183,50,50,3,1,0.194330282171267,0.593077792908817,0.593077792908817,0.29392369075629,0.229581929004528,0.633874239350913,397.887357729738,397.887357729738,23.8732414637843,7.95774715459477,1.54643125,4.71956311897348,4.71956311897348,2.33897041378386,1.82695494228216,NA,NA,7.23638803502593,2.23335233020182,0.48912122394571,0.184597967600377,FALSE
"MAR_299","MAR_243","TZW_SS518","MAR",2014,"MOZ","Ryan C.","Woollen E.; ACES","circle",NA,NA,20,NA,NA,NA,NA,NA,5,NA,FALSE,NA,NA,NA,NA,NA,NA,FALSE,NA,NA,NA,NA,NA,NA,FALSE,NA,NA,NA,NA,NA,NA,FALSE,NA,TRUE,TRUE,TRUE,NA,NA,FALSE,NA,NA,FALSE,NA,NA,NA,32.674803,-23.779463,105.97,NA,NA,NA,NA,FALSE,NA,NA,NA,NA,0.2325,"mirror_densitometer","Densiometer recordings in 4 directions for each plot (standing in the centre, face N, S, E, W). An average is taken of the four readings",NA,FALSE,NA,NA,NA,NA,NA,NA,NA,NA,NA,NA,NA,FALSE,TRUE,NA,NA,NA,NA,NA,NA,"stem",NA,TRUE,NA,NA,NA,NA,NA,NA,NA,NA,NA,NA,NA,NA,NA,NA,NA,NA,NA,NA,NA,NA,NA,NA,NA,NA,NA,NA,NA,NA,NA,NA,NA,NA,NA,NA,NA,NA,"30_moz_ryan_ACES_checkN.xlsx","30_mozambique_various_ACES_clean.csv","2017","https://doi.org/10.1111/j.1744-7429.2010.00713.x",FALSE,NA,0.125663706143592,NA,125.663706143592,22,5,9.35,7.5,4.30031059725652,9.35,7.5,4.30031059725652,14.2884615384615,13.75,3.46159811914404,20.775,20.55,0.967384790728763,74,0,NA,NA,NA,NA,NA,NA,NA,NA,NA,NA,NA,NA,NA,NA,NA,74,74,26,4,0,0,NA,74,74,"Colophospermum mopane","Manilkara mochisia",NA,NA,NA,0.986486486486487,0.0135135135135135,NA,NA,NA,2,1.33783783783784,0.071584833692919,0.0266617969320671,1.02739212007505,74,74,26,4,0.614120888118223,2.2299441183892,2.2299441183892,1.78830850500778,0.640334998913431,0.513696060037523,588.873289440013,588.873289440013,206.901426019464,31.8309886183791,4.88701875,17.745331463017,17.745331463017,14.2309069172633,5.0956240155908,-5.92185146577829,0.69513834277974,10.6011913850963,2.33212946658243,0.561988473779078,0.196977529569555,FALSE
"MAR_300","MAR_243","TZW_SS581","MAR",2014,"MOZ","Ryan C.","Woollen E.; ACES","circle",NA,NA,20,NA,NA,NA,NA,NA,5,NA,FALSE,NA,NA,NA,NA,NA,NA,FALSE,NA,NA,NA,NA,NA,NA,FALSE,NA,NA,NA,NA,NA,NA,FALSE,NA,TRUE,TRUE,TRUE,NA,NA,FALSE,NA,NA,FALSE,NA,NA,NA,32.67201886,-23.775706,NA,NA,NA,NA,NA,FALSE,NA,NA,NA,NA,NA,"mirror_densitometer","Densiometer recordings in 4 directions for each plot (standing in the centre, face N, S, E, W). An average is taken of the four readings",NA,FALSE,NA,NA,NA,NA,NA,NA,NA,NA,NA,NA,NA,TRUE,TRUE,NA,NA,NA,NA,NA,NA,"stem",NA,TRUE,NA,NA,NA,NA,NA,NA,NA,NA,NA,NA,NA,NA,NA,NA,NA,NA,NA,NA,NA,NA,NA,NA,NA,NA,NA,NA,NA,NA,NA,NA,NA,NA,NA,NA,NA,NA,"30_moz_ryan_ACES_checkN.xlsx","30_mozambique_various_ACES_clean.csv","2017","https://doi.org/10.1111/j.1744-7429.2010.00713.x",FALSE,NA,0.125663706143592,NA,125.663706143592,NA,NA,NA,NA,NA,NA,NA,NA,NA,NA,NA,NA,NA,NA,0,0,NA,NA,NA,NA,NA,NA,NA,NA,NA,NA,NA,NA,NA,NA,NA,0,0,0,0,0,0,NA,0,0,NA,NA,NA,NA,NA,NA,NA,NA,NA,NA,0,NA,NA,NA,NA,0,0,0,0,0,0,0,0,0,NA,0,0,0,0,0,0,0,0,0,NA,NA,NA,NA,NA,NA,FALSE
"MAR_301","MAR_243","TZW_OF579","MAR",2014,"MOZ","Ryan C.","Woollen E.; ACES","circle",NA,NA,20,NA,NA,NA,NA,NA,5,NA,FALSE,NA,NA,NA,NA,NA,NA,FALSE,NA,NA,NA,NA,NA,NA,FALSE,NA,NA,NA,NA,NA,NA,FALSE,NA,TRUE,TRUE,TRUE,NA,NA,FALSE,NA,NA,FALSE,NA,NA,NA,32.70915655,-23.7734597,98.6599999999999,NA,NA,NA,NA,FALSE,NA,NA,NA,NA,NA,"mirror_densitometer","Densiometer recordings in 4 directions for each plot (standing in the centre, face N, S, E, W). An average is taken of the four readings",NA,FALSE,NA,NA,NA,NA,NA,NA,NA,NA,NA,NA,NA,FALSE,FALSE,NA,NA,NA,NA,NA,NA,"stem",NA,TRUE,NA,NA,NA,NA,NA,NA,NA,NA,NA,NA,NA,NA,NA,NA,NA,NA,NA,NA,NA,NA,NA,NA,NA,NA,NA,NA,NA,NA,NA,NA,NA,NA,NA,NA,NA,NA,"30_moz_ryan_ACES_checkN.xlsx","30_mozambique_various_ACES_clean.csv","2017","https://doi.org/10.1111/j.1744-7429.2010.00713.x",FALSE,NA,0.125663706143592,NA,125.663706143592,40.14,5,8.65079646017699,7.2,4.78095181452862,8.65079646017699,7.2,4.78095181452862,14.8792592592593,12.2,6.31239923052907,27.4466666666667,22,11.0295300594963,113,0,NA,NA,NA,NA,NA,NA,NA,NA,NA,NA,NA,NA,NA,NA,NA,113,113,27,3,1,0,NA,113,107,"Colophospermum mopane","Dichrostachys cinerea","Boscia mossambicensis","Manilkara mochisia","Gardenia indet",0.646017699115044,0.123893805309735,0.079646017699115,0.0619469026548673,0.0530973451327434,6,5.13980574686277,1.18895889554679,0.553058187798575,2.23742772034344,113,113,27,3,0.865236996883526,3.36658914508218,3.36658914508218,2.55809003562251,1.16042934336478,0.37290462005724,899.225428469209,899.225428469209,214.859173174059,23.8732414637843,6.88533725,26.7904651899674,26.7904651899674,20.3566337021722,9.23440330526936,-4.0041156884994,0.260652004983704,9.79981703427171,1.95032427447322,0.503536460762944,0.117553490926135,FALSE
"MAR_302","MAR_243","TZW_CF245","MAR",2014,"MOZ","Ryan C.","Woollen E.; ACES","circle",NA,NA,20,NA,NA,NA,NA,NA,5,NA,FALSE,NA,NA,NA,NA,NA,NA,FALSE,NA,NA,NA,NA,NA,NA,FALSE,NA,NA,NA,NA,NA,NA,FALSE,NA,TRUE,TRUE,TRUE,NA,NA,FALSE,NA,NA,FALSE,NA,NA,NA,32.714361,-23.762274,101.27,NA,NA,NA,NA,FALSE,NA,NA,NA,NA,0.6475,"mirror_densitometer","Densiometer recordings in 4 directions for each plot (standing in the centre, face N, S, E, W). An average is taken of the four readings",NA,FALSE,NA,NA,NA,NA,NA,NA,NA,NA,NA,NA,NA,FALSE,FALSE,NA,NA,NA,NA,NA,NA,"stem",NA,TRUE,NA,NA,NA,NA,NA,NA,NA,NA,NA,NA,NA,NA,NA,NA,NA,NA,NA,NA,NA,NA,NA,NA,NA,NA,NA,NA,NA,NA,NA,NA,NA,NA,NA,NA,NA,NA,"30_moz_ryan_ACES_checkN.xlsx","30_mozambique_various_ACES_clean.csv","2017","https://doi.org/10.1111/j.1744-7429.2010.00713.x",FALSE,NA,0.125663706143592,NA,125.663706143592,49.7,5,15.4955223880597,11.5,11.1176686137335,15.4955223880597,11.5,11.1176686137335,22.2868421052632,20,10.4497296241405,30.08,30.05,8.36493936178355,67,0,NA,NA,NA,NA,NA,NA,NA,NA,NA,NA,NA,NA,NA,NA,NA,67,67,38,20,2,0,NA,67,67,"Aganope stuhlmannii","Sclerocarya birrea","Albizia versicolor","Dalbergia melanoxylon","Terminalia sericea",0.313432835820896,0.313432835820896,0.134328358208955,0.0895522388059701,0.0597014925373134,7,6.3116849905598,1.65943334219296,0.769881933615504,4.34559535333979,67,67,38,20,1.90421512591671,6.78981305338734,6.78981305338734,6.57101746738606,5.91112547998969,0.620799336191398,533.169059357849,533.169059357849,302.394391874601,159.154943091895,15.1532625,54.0316155058235,54.0316155058235,52.290495553884,47.0392419688405,-9.8267872751492,3.24662604130954,17.3457886983558,1.52032473734847,1.47951944151129,0.139579543845792,FALSE
"MAR_303","MAR_243","TZW_CF244","MAR",2014,"MOZ","Ryan C.","Woollen E.; ACES","circle",NA,NA,20,NA,NA,NA,NA,NA,5,NA,FALSE,NA,NA,NA,NA,NA,NA,FALSE,NA,NA,NA,NA,NA,NA,FALSE,NA,NA,NA,NA,NA,NA,FALSE,NA,TRUE,TRUE,TRUE,NA,NA,FALSE,NA,NA,FALSE,NA,NA,NA,32.7161597,-23.7603118,NA,NA,NA,NA,NA,FALSE,NA,NA,NA,NA,NA,"mirror_densitometer","Densiometer recordings in 4 directions for each plot (standing in the centre, face N, S, E, W). An average is taken of the four readings",NA,FALSE,NA,NA,NA,NA,NA,NA,NA,NA,NA,NA,NA,FALSE,FALSE,NA,NA,NA,NA,NA,NA,"stem",NA,TRUE,NA,NA,NA,NA,NA,NA,NA,NA,NA,NA,NA,NA,NA,NA,NA,NA,NA,NA,NA,NA,NA,NA,NA,NA,NA,NA,NA,NA,NA,NA,NA,NA,NA,NA,NA,NA,"30_moz_ryan_ACES_checkN.xlsx","30_mozambique_various_ACES_clean.csv","2017","https://doi.org/10.1111/j.1744-7429.2010.00713.x",FALSE,NA,0.125663706143592,NA,125.663706143592,25.5,5,10.41875,8.65,4.99980555177454,10.41875,8.65,4.99980555177454,15.2,13.5,4.16920948050199,22.5,22.1,2.45492701860293,64,0,NA,NA,NA,NA,NA,NA,NA,NA,NA,NA,NA,NA,NA,NA,NA,64,64,27,4,0,0,NA,50,50,"Dichrostachys cinerea","Sclerocarya birrea","Indet indet","Strychnos spinosa","Terminalia sericea",0.359375,0.265625,0.21875,0.078125,0.078125,5,4.84861965087141,1.45072409032404,0.740234375,3.84962406015038,64,64,27,4,0.669324168828939,1.62090653072513,1.62090653072513,1.37699264763788,0.494217859279646,0.769924812030075,509.295817894065,509.295817894065,214.859173174059,31.8309886183791,5.3263125,12.8987643327419,12.8987643327419,10.9577593236383,3.93286076343252,-5.7962898979901,0.306065247452956,11.8251540681957,2.24806099643749,0.698887801015241,0.205648370101335,FALSE
"MAR_304","MAR_243","TZW_OF563","MAR",2014,"MOZ","Ryan C.","Woollen E.; ACES","circle",NA,NA,20,NA,NA,NA,NA,NA,5,NA,FALSE,NA,NA,NA,NA,NA,NA,FALSE,NA,NA,NA,NA,NA,NA,FALSE,NA,NA,NA,NA,NA,NA,FALSE,NA,TRUE,TRUE,TRUE,NA,NA,FALSE,NA,NA,FALSE,NA,NA,NA,32.744601,-23.758736,91.81,NA,NA,NA,NA,FALSE,NA,NA,NA,NA,0.4375,"mirror_densitometer","Densiometer recordings in 4 directions for each plot (standing in the centre, face N, S, E, W). An average is taken of the four readings",NA,FALSE,NA,NA,NA,NA,NA,NA,NA,NA,NA,NA,NA,TRUE,FALSE,NA,NA,NA,NA,NA,NA,"stem",NA,TRUE,NA,NA,NA,NA,NA,NA,NA,NA,NA,NA,NA,NA,NA,NA,NA,NA,NA,NA,NA,NA,NA,NA,NA,NA,NA,NA,NA,NA,NA,NA,NA,NA,NA,NA,NA,NA,"30_moz_ryan_ACES_checkN.xlsx","30_mozambique_various_ACES_clean.csv","2017","https://doi.org/10.1111/j.1744-7429.2010.00713.x",FALSE,NA,0.125663706143592,NA,125.663706143592,NA,NA,NA,NA,NA,NA,NA,NA,NA,NA,NA,NA,NA,NA,0,0,NA,NA,NA,NA,NA,NA,NA,NA,NA,NA,NA,NA,NA,NA,NA,0,0,0,0,0,0,NA,0,0,NA,NA,NA,NA,NA,NA,NA,NA,NA,NA,0,NA,NA,NA,NA,0,0,0,0,0,0,0,0,0,NA,0,0,0,0,0,0,0,0,0,NA,NA,NA,NA,NA,NA,FALSE
"MAR_305","MAR_243","TZW_SS540","MAR",2014,"MOZ","Ryan C.","Woollen E.; ACES","circle",NA,NA,20,NA,NA,NA,NA,NA,5,NA,FALSE,NA,NA,NA,NA,NA,NA,FALSE,NA,NA,NA,NA,NA,NA,FALSE,NA,NA,NA,NA,NA,NA,FALSE,NA,TRUE,TRUE,TRUE,NA,NA,FALSE,NA,NA,FALSE,NA,NA,NA,32.676573,-23.758127,105.599999999999,NA,NA,NA,NA,FALSE,NA,NA,NA,NA,0.2625,"mirror_densitometer","Densiometer recordings in 4 directions for each plot (standing in the centre, face N, S, E, W). An average is taken of the four readings",NA,FALSE,NA,NA,NA,NA,NA,NA,NA,NA,NA,NA,NA,FALSE,TRUE,NA,NA,NA,NA,NA,NA,"stem",NA,TRUE,NA,NA,NA,NA,NA,NA,NA,NA,NA,NA,NA,NA,NA,NA,NA,NA,NA,NA,NA,NA,NA,NA,NA,NA,NA,NA,NA,NA,NA,NA,NA,NA,NA,NA,NA,NA,"30_moz_ryan_ACES_checkN.xlsx","30_mozambique_various_ACES_clean.csv","2017","https://doi.org/10.1111/j.1744-7429.2010.00713.x",FALSE,NA,0.125663706143592,NA,125.663706143592,42.1,5,9.77363636363636,7.3,7.19243584917774,9.77363636363636,7.3,7.19243584917774,19.9458333333333,15.95,10.0398328050632,30.7666666666667,28.4,8.20381009043969,110,0,NA,NA,NA,NA,NA,NA,NA,NA,NA,NA,NA,NA,NA,NA,NA,110,110,24,9,2,0,NA,110,110,"Colophospermum mopane","Euclea natalensis",NA,NA,NA,0.963636363636364,0.0363636363636364,NA,NA,NA,2,1.64927765176414,0.156210171061883,0.0700826446280991,1.07536437966584,110,110,24,9,1.26812979276091,6.00011960969987,6.00011960969987,5.12260506512774,4.27140423253393,0.537682189832919,875.352187005424,875.352187005424,190.985931710274,71.6197243913529,10.09145625,47.7474347513174,47.7474347513174,40.764395881133,33.990754877571,-7.30254109401315,2.53295961551956,11.047908735656,1.59640098547807,0.704165520697007,0.100224950565495,FALSE
"MAR_306","MAR_243","TZW_OF583","MAR",2014,"MOZ","Ryan C.","Woollen E.; ACES","circle",NA,NA,20,NA,NA,NA,NA,NA,5,NA,FALSE,NA,NA,NA,NA,NA,NA,FALSE,NA,NA,NA,NA,NA,NA,FALSE,NA,NA,NA,NA,NA,NA,FALSE,NA,TRUE,TRUE,TRUE,NA,NA,FALSE,NA,NA,FALSE,NA,NA,NA,32.744318,-23.758016,89.65,NA,NA,NA,NA,FALSE,NA,NA,NA,NA,NA,"mirror_densitometer","Densiometer recordings in 4 directions for each plot (standing in the centre, face N, S, E, W). An average is taken of the four readings",NA,FALSE,NA,NA,NA,NA,NA,NA,NA,NA,NA,NA,NA,FALSE,TRUE,NA,NA,NA,NA,NA,NA,"stem",NA,TRUE,NA,NA,NA,NA,NA,NA,NA,NA,NA,NA,NA,NA,NA,NA,NA,NA,NA,NA,NA,NA,NA,NA,NA,NA,NA,NA,NA,NA,NA,NA,NA,NA,NA,NA,NA,NA,"30_moz_ryan_ACES_checkN.xlsx","30_mozambique_various_ACES_clean.csv","2017","https://doi.org/10.1111/j.1744-7429.2010.00713.x",FALSE,NA,0.125663706143592,NA,125.663706143592,54,5,12.4054545454545,10,9.57795343062347,12.4054545454545,10,9.57795343062347,17.5142857142857,13,11.2116577650796,35.2833333333333,33.45,13.2849413497639,55,0,NA,NA,NA,NA,NA,NA,NA,NA,NA,NA,NA,NA,NA,NA,NA,55,55,28,6,2,0,NA,55,39,"Strychnos madagascariensis","Combretum indet","Colophospermum mopane","Guibourtia conjugata","Terminalia sericea",0.309090909090909,0.290909090909091,0.181818181818182,0.109090909090909,0.0363636363636364,9,6.50373636237222,1.68571957593755,0.772231404958678,4.39042089985486,55,55,28,6,1.05385118263751,5.65672241336717,5.65672241336717,5.38016720196854,4.40619472018516,0.487824544428318,437.676093502712,437.676093502712,222.816920328653,47.7464829275686,8.38628125,45.014766689305,45.014766689305,42.8140102427092,35.0633834971439,-4.74042031663533,1.01986931303373,13.9605976920229,1.53217853290023,1.30929905408643,0.138369095077892,FALSE
"MAR_307","MAR_243","TZW_OF575","MAR",2014,"MOZ","Ryan C.","Woollen E.; ACES","circle",NA,NA,20,NA,NA,NA,NA,NA,5,NA,FALSE,NA,NA,NA,NA,NA,NA,FALSE,NA,NA,NA,NA,NA,NA,FALSE,NA,NA,NA,NA,NA,NA,FALSE,NA,TRUE,TRUE,TRUE,NA,NA,FALSE,NA,NA,FALSE,NA,NA,NA,32.720107,-23.756472,105.739999999999,NA,NA,NA,NA,FALSE,NA,NA,NA,NA,NA,"mirror_densitometer","Densiometer recordings in 4 directions for each plot (standing in the centre, face N, S, E, W). An average is taken of the four readings",NA,FALSE,NA,NA,NA,NA,NA,NA,NA,NA,NA,NA,NA,FALSE,FALSE,NA,NA,NA,NA,NA,NA,"stem",NA,TRUE,NA,NA,NA,NA,NA,NA,NA,NA,NA,NA,NA,NA,NA,NA,NA,NA,NA,NA,NA,NA,NA,NA,NA,NA,NA,NA,NA,NA,NA,NA,NA,NA,NA,NA,NA,NA,"30_moz_ryan_ACES_checkN.xlsx","30_mozambique_various_ACES_clean.csv","2017","https://doi.org/10.1111/j.1744-7429.2010.00713.x",FALSE,NA,0.125663706143592,NA,125.663706143592,55.5,5,15.8782608695652,7.6,15.8579477212171,15.8782608695652,7.6,15.8579477212171,30.8888888888889,29,16.5024577294145,39.7666666666667,42.55,12.2668115933468,23,0,NA,NA,NA,NA,NA,NA,NA,NA,NA,NA,NA,NA,NA,NA,NA,23,23,9,6,4,0,NA,23,4,"Combretum indet","Terminalia sericea","Sclerocarya birrea",NA,NA,0.826086956521739,0.130434782608696,0.0434782608695652,NA,NA,3,3,0.559834325921902,0.298676748582231,1.42587601078167,23,23,9,6,0.88994879611259,5.29196687202404,5.29196687202404,5.18482980814077,5.02725936496249,0.47529200359389,183.02818455568,183.02818455568,71.6197243913529,47.7464829275686,7.0819875,42.1121343180591,42.1121343180591,41.2595646527903,40.0056589069402,-13.9111131643928,12.1020204688435,16.8124555091454,1.14968296842763,3.24621688893335,0.175739900886601,FALSE
"MAR_308","MAR_243","TZW_SS591","MAR",2014,"MOZ","Ryan C.","Woollen E.; ACES","circle",NA,NA,20,NA,NA,NA,NA,NA,5,NA,FALSE,NA,NA,NA,NA,NA,NA,FALSE,NA,NA,NA,NA,NA,NA,FALSE,NA,NA,NA,NA,NA,NA,FALSE,NA,TRUE,TRUE,TRUE,NA,NA,FALSE,NA,NA,FALSE,NA,NA,NA,32.665983,-23.75445,107.54,NA,NA,NA,NA,FALSE,NA,NA,NA,NA,NA,"mirror_densitometer","Densiometer recordings in 4 directions for each plot (standing in the centre, face N, S, E, W). An average is taken of the four readings",NA,FALSE,NA,NA,NA,NA,NA,NA,NA,NA,NA,NA,NA,FALSE,FALSE,NA,NA,NA,NA,NA,NA,"stem",NA,TRUE,NA,NA,NA,NA,NA,NA,NA,NA,NA,NA,NA,NA,NA,NA,NA,NA,NA,NA,NA,NA,NA,NA,NA,NA,NA,NA,NA,NA,NA,NA,NA,NA,NA,NA,NA,NA,"30_moz_ryan_ACES_checkN.xlsx","30_mozambique_various_ACES_clean.csv","2017","https://doi.org/10.1111/j.1744-7429.2010.00713.x",FALSE,NA,0.125663706143592,NA,125.663706143592,NA,NA,NA,NA,NA,NA,NA,NA,NA,NA,NA,NA,NA,NA,0,0,NA,NA,NA,NA,NA,NA,NA,NA,NA,NA,NA,NA,NA,NA,NA,0,0,0,0,0,0,NA,0,0,NA,NA,NA,NA,NA,NA,NA,NA,NA,NA,0,NA,NA,NA,NA,0,0,0,0,0,0,0,0,0,NA,0,0,0,0,0,0,0,0,0,NA,NA,NA,NA,NA,NA,FALSE
"MAR_309","MAR_243","TZW_OF577","MAR",2014,"MOZ","Ryan C.","Woollen E.; ACES","circle",NA,NA,20,NA,NA,NA,NA,NA,5,NA,FALSE,NA,NA,NA,NA,NA,NA,FALSE,NA,NA,NA,NA,NA,NA,FALSE,NA,NA,NA,NA,NA,NA,FALSE,NA,TRUE,TRUE,TRUE,NA,NA,FALSE,NA,NA,FALSE,NA,NA,NA,32.71407531,-23.7538085,116.44,NA,NA,NA,NA,FALSE,NA,NA,NA,NA,NA,"mirror_densitometer","Densiometer recordings in 4 directions for each plot (standing in the centre, face N, S, E, W). An average is taken of the four readings",NA,FALSE,NA,NA,NA,NA,NA,NA,NA,NA,NA,NA,NA,TRUE,FALSE,NA,NA,NA,NA,NA,NA,"stem",NA,TRUE,NA,NA,NA,NA,NA,NA,NA,NA,NA,NA,NA,NA,NA,NA,NA,NA,NA,NA,NA,NA,NA,NA,NA,NA,NA,NA,NA,NA,NA,NA,NA,NA,NA,NA,NA,NA,"30_moz_ryan_ACES_checkN.xlsx","30_mozambique_various_ACES_clean.csv","2017","https://doi.org/10.1111/j.1744-7429.2010.00713.x",FALSE,NA,0.125663706143592,NA,125.663706143592,68.3,5,11.5222222222222,7.4,10.740514612769,11.5222222222222,7.4,10.740514612769,19.9555555555556,14.3,13.9402111597883,35.4625,27,17.7323705207655,72,0,NA,NA,NA,NA,NA,NA,NA,NA,NA,NA,NA,NA,NA,NA,NA,72,72,27,8,3,1,NA,70,5,"Combretum indet","Sclerocarya birrea","Aganope stuhlmannii","Indet indet",NA,0.902777777777778,0.0416666666666667,0.0277777777777778,0.0277777777777778,NA,4,2.88226581712497,0.423838367190215,0.181712962962963,1.22206506364922,72,72,27,8,1.39402676215903,5.7700086009011,5.7700086009011,5.38141614806719,4.28869835453332,0.305516265912306,572.957795130823,572.957795130823,214.859173174059,63.6619772367581,11.0933125,45.9162695258081,45.9162695258081,42.823949039972,34.1283771277027,-6.12515152605664,0.79806386932942,12.7727131880215,1.35465921023352,1.18460881368796,0.105285117561199,FALSE
"MAR_310","MAR_243","TZW_OF516","MAR",2014,"MOZ","Ryan C.","Woollen E.; ACES","circle",NA,NA,20,NA,NA,NA,NA,NA,5,NA,FALSE,NA,NA,NA,NA,NA,NA,FALSE,NA,NA,NA,NA,NA,NA,FALSE,NA,NA,NA,NA,NA,NA,FALSE,NA,TRUE,TRUE,TRUE,NA,NA,FALSE,NA,NA,FALSE,NA,NA,NA,32.71492,-23.748761,102.26,NA,NA,NA,NA,FALSE,NA,NA,NA,NA,0.085,"mirror_densitometer","Densiometer recordings in 4 directions for each plot (standing in the centre, face N, S, E, W). An average is taken of the four readings",NA,FALSE,NA,NA,NA,NA,NA,NA,NA,NA,NA,NA,NA,TRUE,FALSE,NA,NA,NA,NA,NA,NA,"stem",NA,TRUE,NA,NA,NA,NA,NA,NA,NA,NA,NA,NA,NA,NA,NA,NA,NA,NA,NA,NA,NA,NA,NA,NA,NA,NA,NA,NA,NA,NA,NA,NA,NA,NA,NA,NA,NA,NA,"30_moz_ryan_ACES_checkN.xlsx","30_mozambique_various_ACES_clean.csv","2017","https://doi.org/10.1111/j.1744-7429.2010.00713.x",FALSE,NA,0.125663706143592,NA,125.663706143592,50.1,5,11.91,8.55,8.29647055854558,11.91,8.55,8.29647055854558,20.1318181818182,18.45,8.80607941322554,26.68,23.75,9.13841707664225,60,0,NA,NA,NA,NA,NA,NA,NA,NA,NA,NA,NA,NA,NA,NA,NA,60,60,22,10,1,0,NA,60,11,"Combretum indet","Guibourtia conjugata","Sclerocarya birrea","Terminalia sericea",NA,0.816666666666667,0.15,0.0166666666666667,0.0166666666666667,NA,4,2.82855711885553,0.586440965497989,0.31,1.44927536231884,60,60,22,10,0.987397858634292,4.27473473425575,4.27473473425575,3.86154752163118,3.00762086409483,0.36231884057971,477.464829275686,477.464829275686,175.070437401085,79.5774715459477,7.8574625,34.0172581681711,34.0172581681711,30.729218802593,23.9338863733505,-7.04666812972782,2.40309359017693,13.4512075112446,1.62781476997696,1.13531137406324,0.146508794267709,FALSE
"MAR_311","MAR_243","TZW_OF520","MAR",2014,"MOZ","Ryan C.","Woollen E.; ACES","circle",NA,NA,20,NA,NA,NA,NA,NA,5,NA,FALSE,NA,NA,NA,NA,NA,NA,FALSE,NA,NA,NA,NA,NA,NA,FALSE,NA,NA,NA,NA,NA,NA,FALSE,NA,TRUE,TRUE,TRUE,NA,NA,FALSE,NA,NA,FALSE,NA,NA,NA,32.711126,-23.748399,118.87,NA,NA,NA,NA,FALSE,NA,NA,NA,NA,0.35,"mirror_densitometer","Densiometer recordings in 4 directions for each plot (standing in the centre, face N, S, E, W). An average is taken of the four readings",NA,FALSE,NA,NA,NA,NA,NA,NA,NA,NA,NA,NA,NA,FALSE,FALSE,NA,NA,NA,NA,NA,NA,"stem",NA,TRUE,NA,NA,NA,NA,NA,NA,NA,NA,NA,NA,NA,NA,NA,NA,NA,NA,NA,NA,NA,NA,NA,NA,NA,NA,NA,NA,NA,NA,NA,NA,NA,NA,NA,NA,NA,NA,"30_moz_ryan_ACES_checkN.xlsx","30_mozambique_various_ACES_clean.csv","2017","https://doi.org/10.1111/j.1744-7429.2010.00713.x",FALSE,NA,0.125663706143592,NA,125.663706143592,42.2,5,11.5813953488372,8.3,7.68654532016988,11.5813953488372,8.3,7.68654532016988,17.6631578947368,14.4,8.12131697901789,30.55,29.65,9.04451951920794,43,0,NA,NA,NA,NA,NA,NA,NA,NA,NA,NA,NA,NA,NA,NA,NA,43,43,19,4,1,0,NA,43,9,"Combretum indet","Guibourtia conjugata","Sclerocarya birrea",NA,NA,0.790697674418605,0.186046511627907,0.0232558139534884,NA,NA,3,2.58109358724339,0.586042204754303,0.339643050297458,1.51433251433251,43,43,19,4,0.647876515782882,2.47786932076715,2.47786932076715,2.25163604599489,1.32347239340421,0.504777504777505,342.183127647575,342.183127647575,151.197195937301,31.8309886183791,5.1556375,19.7182575367925,19.7182575367925,17.9179503381989,10.5318586727971,-5.55023769010817,0.413917782474707,13.1131876792383,1.69970188311686,1.25233149143613,0.18002213778727,FALSE
"MAR_312","MAR_243","TZW_OF595","MAR",2014,"MOZ","Ryan C.","Woollen E.; ACES","circle",NA,NA,20,NA,NA,NA,NA,NA,5,NA,FALSE,NA,NA,NA,NA,NA,NA,FALSE,NA,NA,NA,NA,NA,NA,FALSE,NA,NA,NA,NA,NA,NA,FALSE,NA,TRUE,TRUE,TRUE,NA,NA,FALSE,NA,NA,FALSE,NA,NA,NA,32.70874,-23.748377,107.56,NA,NA,NA,NA,FALSE,NA,NA,NA,NA,0.2325,"mirror_densitometer","Densiometer recordings in 4 directions for each plot (standing in the centre, face N, S, E, W). An average is taken of the four readings",NA,FALSE,NA,NA,NA,NA,NA,NA,NA,NA,NA,NA,NA,FALSE,TRUE,NA,NA,NA,NA,NA,NA,"stem",NA,TRUE,NA,NA,NA,NA,NA,NA,NA,NA,NA,NA,NA,NA,NA,NA,NA,NA,NA,NA,NA,NA,NA,NA,NA,NA,NA,NA,NA,NA,NA,NA,NA,NA,NA,NA,NA,NA,"30_moz_ryan_ACES_checkN.xlsx","30_mozambique_various_ACES_clean.csv","2017","https://doi.org/10.1111/j.1744-7429.2010.00713.x",FALSE,NA,0.125663706143592,NA,125.663706143592,39.1,5,12.0327586206897,8.05,7.9884211805749,12.0327586206897,8.05,7.9884211805749,19.2458333333333,15.65,7.98661811035057,28.3888888888889,26.3,4.84985681346482,58,0,NA,NA,NA,NA,NA,NA,NA,NA,NA,NA,NA,NA,NA,NA,NA,58,58,24,9,0,0,NA,57,16,"Combretum indet","Guibourtia conjugata","Indet indet","Pterocarpus lucens","Senegalia nigrescens",0.706896551724138,0.224137931034483,0.0172413793103448,0.0172413793103448,0.0172413793103448,6,3.72395629527934,0.860429279824409,0.448870392390012,1.81445523193096,58,58,24,9,0.945235329028626,4.28817220039033,4.28817220039033,3.95943318560981,3.05475880854048,0.302409205321827,461.549334966496,461.549334966496,190.985931710274,71.6197243913529,7.52194375,34.1241901260685,34.1241901260685,31.5081681665946,24.3089982166363,-5.89814182500745,2.48044148066304,13.6255706688546,1.6845069463968,1.13073059694711,0.158722840820063,FALSE
"MAR_313","MAR_243","TZW_CF242","MAR",2014,"MOZ","Ryan C.","Woollen E.; ACES","circle",NA,NA,20,NA,NA,NA,NA,NA,5,NA,FALSE,NA,NA,NA,NA,NA,NA,FALSE,NA,NA,NA,NA,NA,NA,FALSE,NA,NA,NA,NA,NA,NA,FALSE,NA,TRUE,TRUE,TRUE,NA,NA,FALSE,NA,NA,FALSE,NA,NA,NA,32.73295085,-23.7418724,99.62,NA,NA,NA,NA,FALSE,NA,NA,NA,NA,NA,"mirror_densitometer","Densiometer recordings in 4 directions for each plot (standing in the centre, face N, S, E, W). An average is taken of the four readings",NA,FALSE,NA,NA,NA,NA,NA,NA,NA,NA,NA,NA,NA,TRUE,TRUE,NA,NA,NA,NA,NA,NA,"stem",NA,TRUE,NA,NA,NA,NA,NA,NA,NA,NA,NA,NA,NA,NA,NA,NA,NA,NA,NA,NA,NA,NA,NA,NA,NA,NA,NA,NA,NA,NA,NA,NA,NA,NA,NA,NA,NA,NA,"30_moz_ryan_ACES_checkN.xlsx","30_mozambique_various_ACES_clean.csv","2017","https://doi.org/10.1111/j.1744-7429.2010.00713.x",FALSE,NA,0.125663706143592,NA,125.663706143592,NA,NA,NA,NA,NA,NA,NA,NA,NA,NA,NA,NA,NA,NA,0,0,NA,NA,NA,NA,NA,NA,NA,NA,NA,NA,NA,NA,NA,NA,NA,0,0,0,0,0,0,NA,0,0,NA,NA,NA,NA,NA,NA,NA,NA,NA,NA,0,NA,NA,NA,NA,0,0,0,0,0,0,0,0,0,NA,0,0,0,0,0,0,0,0,0,NA,NA,NA,NA,NA,NA,FALSE
"MAR_314","MAR_243","TZW_CF241","MAR",2014,"MOZ","Ryan C.","Woollen E.; ACES","circle",NA,NA,20,NA,NA,NA,NA,NA,5,NA,FALSE,NA,NA,NA,NA,NA,NA,FALSE,NA,NA,NA,NA,NA,NA,FALSE,NA,NA,NA,NA,NA,NA,FALSE,NA,TRUE,TRUE,TRUE,NA,NA,FALSE,NA,NA,FALSE,NA,NA,NA,32.730965,-23.739614,100.68,NA,NA,NA,NA,FALSE,NA,NA,NA,NA,0.6525,"mirror_densitometer","Densiometer recordings in 4 directions for each plot (standing in the centre, face N, S, E, W). An average is taken of the four readings",NA,FALSE,NA,NA,NA,NA,NA,NA,NA,NA,NA,NA,NA,TRUE,FALSE,NA,NA,NA,NA,NA,NA,"stem",NA,TRUE,NA,NA,NA,NA,NA,NA,NA,NA,NA,NA,NA,NA,NA,NA,NA,NA,NA,NA,NA,NA,NA,NA,NA,NA,NA,NA,NA,NA,NA,NA,NA,NA,NA,NA,NA,NA,"30_moz_ryan_ACES_checkN.xlsx","30_mozambique_various_ACES_clean.csv","2017","https://doi.org/10.1111/j.1744-7429.2010.00713.x",FALSE,NA,0.125663706143592,NA,125.663706143592,31.6,5,9.37007299270073,7.9,4.75923815213638,9.37007299270073,7.9,4.75923815213638,14.9318181818182,12.65,4.63684800355088,24.28,21.8,4.46172612337423,137,0,NA,NA,NA,NA,NA,NA,NA,NA,NA,NA,NA,NA,NA,NA,NA,137,137,44,5,0,0,NA,137,137,"Colophospermum mopane","Boscia mossambicensis","Vachellia nilotica","Euclea natalensis","Spirostachys africana",0.715328467153285,0.204379562043796,0.0510948905109489,0.0218978102189781,0.0072992700729927,5,3.40154182893915,0.835705399521459,0.443390697426608,1.79659232315497,137,137,44,5,1.1866431625121,4.51513742603931,4.51513742603931,3.62331260495447,1.20732987071401,0.359318464630995,1090.21136017948,1090.21136017948,350.14087480217,39.7887357729738,9.44300625,35.9303220046687,35.9303220046687,28.8334055722838,9.60762584333167,-4.4727850809444,0.408704740805362,10.6323602497416,2.10667221015633,0.458944391112417,0.125297926355608,FALSE
"MAR_315","MAR_243","MPS_OF675","MAR",2014,"MOZ","Ryan C.","Woollen E.; ACES","circle",NA,NA,20,NA,NA,NA,NA,NA,5,NA,FALSE,NA,NA,NA,NA,NA,NA,FALSE,NA,NA,NA,NA,NA,NA,FALSE,NA,NA,NA,NA,NA,NA,FALSE,NA,TRUE,TRUE,TRUE,NA,NA,FALSE,NA,NA,FALSE,NA,NA,NA,32.935952,-23.543869,78.7399999999999,NA,NA,NA,NA,FALSE,NA,NA,NA,NA,NA,"mirror_densitometer","Densiometer recordings in 4 directions for each plot (standing in the centre, face N, S, E, W). An average is taken of the four readings",NA,FALSE,NA,NA,NA,NA,NA,NA,NA,NA,NA,NA,NA,FALSE,FALSE,NA,NA,NA,NA,NA,NA,"stem",NA,TRUE,NA,NA,NA,NA,NA,NA,NA,NA,NA,NA,NA,NA,NA,NA,NA,NA,NA,NA,NA,NA,NA,NA,NA,NA,NA,NA,NA,NA,NA,NA,NA,NA,NA,NA,NA,NA,"30_moz_ryan_ACES_checkN.xlsx","30_mozambique_various_ACES_clean.csv","2017","https://doi.org/10.1111/j.1744-7429.2010.00713.x",FALSE,NA,0.125663706143592,NA,125.663706143592,23.7,5,10.0652173913043,8.75,4.83318240643916,10.0652173913043,8.75,4.83318240643916,15.6375,15.15,3.74928882145223,22.75,22.75,1.34350288425444,46,0,NA,NA,NA,NA,NA,NA,NA,NA,NA,NA,NA,NA,NA,NA,NA,46,46,16,2,0,0,NA,41,29,"Combretum indet","Albizia brevifolia","Artabotrys brachypetalus","Indet indet","Boscia albitrunca",0.260869565217391,0.130434782608696,0.130434782608696,0.108695652173913,0.0869565217391304,10,9.20389763517831,2.13489666108287,0.861058601134216,7.19727891156463,46,46,16,2,0.448570736246492,1.49311153190362,1.49311153190362,1.19554811109273,0.270953623882481,0.719727891156463,366.056369111359,366.056369111359,127.323954473516,15.9154943091895,3.5696125,11.8818040444986,11.8818040444986,9.51386957922935,2.15618042947795,-5.5235940117583,1.32000204988774,11.424471937163,2.25748839873842,0.792812191992485,0.245506184508171,FALSE
"MAR_316","MAR_243","MPS_OF679","MAR",2014,"MOZ","Ryan C.","Woollen E.; ACES","circle",NA,NA,20,NA,NA,NA,NA,NA,5,NA,FALSE,NA,NA,NA,NA,NA,NA,FALSE,NA,NA,NA,NA,NA,NA,FALSE,NA,NA,NA,NA,NA,NA,FALSE,NA,TRUE,TRUE,TRUE,NA,NA,FALSE,NA,NA,FALSE,NA,NA,NA,32.898567,-23.543612,88.59,NA,NA,NA,NA,FALSE,NA,NA,NA,NA,NA,"mirror_densitometer","Densiometer recordings in 4 directions for each plot (standing in the centre, face N, S, E, W). An average is taken of the four readings",NA,FALSE,NA,NA,NA,NA,NA,NA,NA,NA,NA,NA,NA,FALSE,FALSE,NA,NA,NA,NA,NA,NA,"stem",NA,TRUE,NA,NA,NA,NA,NA,NA,NA,NA,NA,NA,NA,NA,NA,NA,NA,NA,NA,NA,NA,NA,NA,NA,NA,NA,NA,NA,NA,NA,NA,NA,NA,NA,NA,NA,NA,NA,"30_moz_ryan_ACES_checkN.xlsx","30_mozambique_various_ACES_clean.csv","2017","https://doi.org/10.1111/j.1744-7429.2010.00713.x",FALSE,NA,0.125663706143592,NA,125.663706143592,60.1,5,7.73357142857143,6.7,5.18167233239703,7.73357142857143,6.7,5.18167233239703,15.4470588235294,11.4,12.1627565567524,35.2,24,21.6002314802411,140,0,NA,NA,NA,NA,NA,NA,NA,NA,NA,NA,NA,NA,NA,NA,NA,140,140,17,3,1,1,NA,90,63,"Indet indet","Guibourtia conjugata","Combretum indet","Strychnos madagascariensis","Boscia albitrunca",0.357142857142857,0.264285714285714,0.192857142857143,0.171428571428571,0.00714285714285714,6,4.34888199652429,1.40974242011137,0.735918367346939,3.78670788253478,140,140,17,3,0.950744111746696,3.1853553820708,3.1853553820708,2.13611751695899,1.69238628613151,0.631117980422463,1114.08460164327,1114.08460164327,135.281701628111,23.8732414637843,7.56578125,25.348252728047,25.348252728047,16.9986830924604,13.4675821529383,-3.61564017821206,0.815983044066409,8.70928555448918,1.7305646864945,0.452865946385198,0.0814821155996411,FALSE
"MAR_317","MAR_243","MPS_OF609","MAR",2014,"MOZ","Ryan C.","Woollen E.; ACES","circle",NA,NA,20,NA,NA,NA,NA,NA,5,NA,FALSE,NA,NA,NA,NA,NA,NA,FALSE,NA,NA,NA,NA,NA,NA,FALSE,NA,NA,NA,NA,NA,NA,FALSE,NA,TRUE,TRUE,TRUE,NA,NA,FALSE,NA,NA,FALSE,NA,NA,NA,32.933058,-23.540683,80.42,NA,NA,NA,NA,FALSE,NA,NA,NA,NA,NA,"mirror_densitometer","Densiometer recordings in 4 directions for each plot (standing in the centre, face N, S, E, W). An average is taken of the four readings",NA,FALSE,NA,NA,NA,NA,NA,NA,NA,NA,NA,NA,NA,FALSE,FALSE,NA,NA,NA,NA,NA,NA,"stem",NA,TRUE,NA,NA,NA,NA,NA,NA,NA,NA,NA,NA,NA,NA,NA,NA,NA,NA,NA,NA,NA,NA,NA,NA,NA,NA,NA,NA,NA,NA,NA,NA,NA,NA,NA,NA,NA,NA,"30_moz_ryan_ACES_checkN.xlsx","30_mozambique_various_ACES_clean.csv","2017","https://doi.org/10.1111/j.1744-7429.2010.00713.x",FALSE,NA,0.125663706143592,NA,125.663706143592,39.9,5,10.3157894736842,8.85,6.08905268868253,10.3157894736842,8.85,6.08905268868253,15.5928571428571,13.2,7.28045806844673,29.8714285714286,28,6.72004818576828,114,0,NA,NA,NA,NA,NA,NA,NA,NA,NA,NA,NA,NA,NA,NA,NA,114,114,42,7,0,0,NA,114,99,"Guibourtia conjugata","Diospyros natalensis","Combretum indet","Albizia brevifolia","Grewia bicolor",0.491228070175439,0.271929824561404,0.131578947368421,0.0701754385964912,0.0175438596491228,6,4.63728972810061,1.29846009670661,0.661895967990151,2.95766954938553,114,114,42,7,1.2818499132773,4.73550172236426,4.73550172236426,3.99457174147054,2.35321038567577,0.492944924897588,907.183175623803,907.183175623803,334.22538049298,55.7042300821634,10.2006375,37.6839253567228,37.6839253567228,31.7877919095118,18.7262532507742,-6.18435579598742,1.6159262054973,11.7034586291858,1.86256556924103,0.626989108410053,0.116076080250619,FALSE
"MAR_318","MAR_243","MPS_CF256","MAR",2014,"MOZ","Ryan C.","Woollen E.; ACES","circle",NA,NA,20,NA,NA,NA,NA,NA,5,NA,FALSE,NA,NA,NA,NA,NA,NA,FALSE,NA,NA,NA,NA,NA,NA,FALSE,NA,NA,NA,NA,NA,NA,FALSE,NA,TRUE,TRUE,TRUE,NA,NA,FALSE,NA,NA,FALSE,NA,NA,NA,32.907947,-23.536855,89.2999999999999,NA,NA,NA,NA,FALSE,NA,NA,NA,NA,NA,"mirror_densitometer","Densiometer recordings in 4 directions for each plot (standing in the centre, face N, S, E, W). An average is taken of the four readings",NA,FALSE,NA,NA,NA,NA,NA,NA,NA,NA,NA,NA,NA,TRUE,FALSE,NA,NA,NA,NA,NA,NA,"stem",NA,TRUE,NA,NA,NA,NA,NA,NA,NA,NA,NA,NA,NA,NA,NA,NA,NA,NA,NA,NA,NA,NA,NA,NA,NA,NA,NA,NA,NA,NA,NA,NA,NA,NA,NA,NA,NA,NA,"30_moz_ryan_ACES_checkN.xlsx","30_mozambique_various_ACES_clean.csv","2017","https://doi.org/10.1111/j.1744-7429.2010.00713.x",FALSE,NA,0.125663706143592,NA,125.663706143592,81.4,5,12.0757575757576,10.55,7.13056751444007,12.0757575757576,10.55,7.13056751444007,15.609649122807,13.95,7.55761316090967,27.31875,24,14.6647067819306,198,0,NA,NA,NA,NA,NA,NA,NA,NA,NA,NA,NA,NA,NA,NA,NA,198,198,114,16,1,1,NA,197,197,"Androstachys johnsonii","Guibourtia conjugata","Indet indet","Spirostachys africana",NA,0.974747474747475,0.0151515151515152,0.00505050505050505,0.00505050505050505,NA,4,1.5869714444769,0.141827417943792,0.0495867768595043,1.05217391304348,198,198,114,16,3.05438204152614,13.3560969698854,13.3560969698854,12.4776737803004,7.32604395123056,0.26304347826087,1575.63393660976,1575.63393660976,907.183175623803,127.323954473516,24.306,106.284442658597,106.284442658597,99.2941730211475,58.2988054073412,-5.6016094310949,0.834218962143939,13.6252375362141,1.83955077703862,0.558524398282129,0.0808748199257817,FALSE
"MAR_319","MAR_243","MPS_OF657","MAR",2014,"MOZ","Ryan C.","Woollen E.; ACES","circle",NA,NA,20,NA,NA,NA,NA,NA,5,NA,FALSE,NA,NA,NA,NA,NA,NA,FALSE,NA,NA,NA,NA,NA,NA,FALSE,NA,NA,NA,NA,NA,NA,FALSE,NA,TRUE,TRUE,TRUE,NA,NA,FALSE,NA,NA,FALSE,NA,NA,NA,32.921217,-23.534703,84.0499999999999,NA,NA,NA,NA,FALSE,NA,NA,NA,NA,NA,"mirror_densitometer","Densiometer recordings in 4 directions for each plot (standing in the centre, face N, S, E, W). An average is taken of the four readings",NA,FALSE,NA,NA,NA,NA,NA,NA,NA,NA,NA,NA,NA,TRUE,FALSE,NA,NA,NA,NA,NA,NA,"stem",NA,TRUE,NA,NA,NA,NA,NA,NA,NA,NA,NA,NA,NA,NA,NA,NA,NA,NA,NA,NA,NA,NA,NA,NA,NA,NA,NA,NA,NA,NA,NA,NA,NA,NA,NA,NA,NA,NA,"30_moz_ryan_ACES_checkN.xlsx","30_mozambique_various_ACES_clean.csv","2017","https://doi.org/10.1111/j.1744-7429.2010.00713.x",FALSE,NA,0.125663706143592,NA,125.663706143592,59.6,5,9.64772727272727,7.4,7.19200643960655,9.64772727272727,7.4,7.19200643960655,15.8977777777778,14,9.46948421579187,33.6333333333333,23.4,17.4871000073387,132,0,NA,NA,NA,NA,NA,NA,NA,NA,NA,NA,NA,NA,NA,NA,NA,132,132,45,6,2,0,NA,132,28,"Combretum indet","Pterocarpus lucens","Commiphora pyracanthoides","Androstachys johnsonii","Terminalia sericea",0.787878787878788,0.151515151515152,0.0227272727272727,0.0151515151515152,0.0151515151515152,6,3.33752495947378,0.723713100086169,0.355257116620753,1.55100587502225,132,132,45,6,1.49715346800393,7.14997924448893,7.14997924448893,6.40430198360804,4.4143988735804,0.258500979170376,1050.42262440651,1050.42262440651,358.098621956764,47.7464829275686,11.91396875,56.8977269882434,56.8977269882434,50.9638158872225,35.1286700754808,-4.90773296016782,0.132599968848834,10.8803437160434,1.59366233144675,0.632790241750989,0.0876381492817549,FALSE
"MAR_320","MAR_243","MPS_OF643","MAR",2014,"MOZ","Ryan C.","Woollen E.; ACES","circle",NA,NA,20,NA,NA,NA,NA,NA,5,NA,FALSE,NA,NA,NA,NA,NA,NA,FALSE,NA,NA,NA,NA,NA,NA,FALSE,NA,NA,NA,NA,NA,NA,FALSE,NA,TRUE,TRUE,TRUE,NA,NA,FALSE,NA,NA,FALSE,NA,NA,NA,32.892622,-23.530021,87.8799999999999,NA,NA,NA,NA,FALSE,NA,NA,NA,NA,0.14,"mirror_densitometer","Densiometer recordings in 4 directions for each plot (standing in the centre, face N, S, E, W). An average is taken of the four readings",NA,FALSE,NA,NA,NA,NA,NA,NA,NA,NA,NA,NA,NA,TRUE,FALSE,NA,NA,NA,NA,NA,NA,"stem",NA,TRUE,NA,NA,NA,NA,NA,NA,NA,NA,NA,NA,NA,NA,NA,NA,NA,NA,NA,NA,NA,NA,NA,NA,NA,NA,NA,NA,NA,NA,NA,NA,NA,NA,NA,NA,NA,NA,"30_moz_ryan_ACES_checkN.xlsx","30_mozambique_various_ACES_clean.csv","2017","https://doi.org/10.1111/j.1744-7429.2010.00713.x",FALSE,NA,0.125663706143592,NA,125.663706143592,29,5.4,11.0794871794872,9.1,5.45219316022555,11.0794871794872,9.1,5.45219316022555,15.6647058823529,16,5.35431381883694,27,27,2.82842712474619,39,0,NA,NA,NA,NA,NA,NA,NA,NA,NA,NA,NA,NA,NA,NA,NA,39,39,17,2,0,0,NA,38,4,"Combretum indet","Ozoroa obovata","Androstachys johnsonii","Grewia indet","Indet indet",0.846153846153846,0.0769230769230769,0.0256410256410256,0.0256410256410256,0.0256410256410256,5,3.88324762008972,0.620469687298924,0.276134122287968,1.38147138964578,39,39,17,2,0.464724020273087,2.00105154141229,2.00105154141229,1.71296761430999,0.657343496450226,0.276294277929155,310.352139029196,310.352139029196,135.281701628111,15.9154943091895,3.69815625,15.9238622098711,15.9238622098711,13.6313631586883,5.23097333846816,-8.49233476307533,1.29475275313967,12.5726846810595,2.19275513049403,0.976756407000928,0.249977385074566,FALSE
"MAR_321","MAR_243","MPS_OF662","MAR",2014,"MOZ","Ryan C.","Woollen E.; ACES","circle",NA,NA,20,NA,NA,NA,NA,NA,5,NA,FALSE,NA,NA,NA,NA,NA,NA,FALSE,NA,NA,NA,NA,NA,NA,FALSE,NA,NA,NA,NA,NA,NA,FALSE,NA,TRUE,TRUE,TRUE,NA,NA,FALSE,NA,NA,FALSE,NA,NA,NA,32.886944,-23.528636,89.89,NA,NA,NA,NA,FALSE,NA,NA,NA,NA,0.7175,"mirror_densitometer","Densiometer recordings in 4 directions for each plot (standing in the centre, face N, S, E, W). An average is taken of the four readings",NA,FALSE,NA,NA,NA,NA,NA,NA,NA,NA,NA,NA,NA,FALSE,FALSE,NA,NA,NA,NA,NA,NA,"stem",NA,TRUE,NA,NA,NA,NA,NA,NA,NA,NA,NA,NA,NA,NA,NA,NA,NA,NA,NA,NA,NA,NA,NA,NA,NA,NA,NA,NA,NA,NA,NA,NA,NA,NA,NA,NA,NA,NA,"30_moz_ryan_ACES_checkN.xlsx","30_mozambique_various_ACES_clean.csv","2017","https://doi.org/10.1111/j.1744-7429.2010.00713.x",FALSE,NA,0.125663706143592,NA,125.663706143592,25.5,5,7.92768595041322,7.9,2.43929153048035,7.92768595041322,7.9,2.43929153048035,12.3033333333333,11.25,3.39263739673828,25.5,25.5,NA,242,0,NA,NA,NA,NA,NA,NA,NA,NA,NA,NA,NA,NA,NA,NA,NA,242,242,30,1,0,0,NA,241,238,"Colophospermum mopane","Grewia indet","Senegalia nigrescens","Boscia albitrunca","Guibourtia conjugata",0.93801652892562,0.012396694214876,0.012396694214876,0.00826446280991736,0.00826446280991736,9,2.45896917115326,0.355821152670543,0.119561505361656,1.13579768046236,242,242,30,1,1.30715779829646,3.94998281854702,3.94998281854702,1.34370175294092,0.153187812425026,0.126199742273595,1925.77481141193,1925.77481141193,238.732414637843,7.95774715459477,10.40203125,31.4329645349908,31.4329645349908,10.6928388010896,1.21902987844385,-2.51375741106627,0.11153823383013,8.78063005457907,3.01387843406296,0.199022712475109,0.120649523148374,FALSE
"MAR_322","MAR_243","MPS_CF250","MAR",2014,"MOZ","Ryan C.","Woollen E.; ACES","circle",NA,NA,20,NA,NA,NA,NA,NA,5,NA,FALSE,NA,NA,NA,NA,NA,NA,FALSE,NA,NA,NA,NA,NA,NA,FALSE,NA,NA,NA,NA,NA,NA,FALSE,NA,TRUE,TRUE,TRUE,NA,NA,FALSE,NA,NA,FALSE,NA,NA,NA,32.953266,-23.522791,87.01,NA,NA,NA,NA,FALSE,NA,NA,NA,NA,0.8725,"mirror_densitometer","Densiometer recordings in 4 directions for each plot (standing in the centre, face N, S, E, W). An average is taken of the four readings",NA,FALSE,NA,NA,NA,NA,NA,NA,NA,NA,NA,NA,NA,TRUE,FALSE,NA,NA,NA,NA,NA,NA,"stem",NA,TRUE,NA,NA,NA,NA,NA,NA,NA,NA,NA,NA,NA,NA,NA,NA,NA,NA,NA,NA,NA,NA,NA,NA,NA,NA,NA,NA,NA,NA,NA,NA,NA,NA,NA,NA,NA,NA,"30_moz_ryan_ACES_checkN.xlsx","30_mozambique_various_ACES_clean.csv","2017","https://doi.org/10.1111/j.1744-7429.2010.00713.x",FALSE,NA,0.125663706143592,NA,125.663706143592,32.1,5,11.6676691729323,11,4.62479044089739,11.6676691729323,11,4.62479044089739,14.4092592592593,13.4,3.83431394424744,22.2263157894737,21,3.05483989492506,266,0,NA,NA,NA,NA,NA,NA,NA,NA,NA,NA,NA,NA,NA,NA,NA,266,266,162,19,0,0,NA,266,266,"Androstachys johnsonii",NA,NA,NA,NA,1,NA,NA,NA,NA,1,1,0,0,1,266,266,162,19,3.28923022954892,11.3296781136238,11.3296781136238,10.2361318221474,3.25402489087718,1,2116.76074312221,2116.76074312221,1289.15503904435,151.197195937301,26.1748625,90.1587137711646,90.1587137711646,81.4565488817508,25.8947073163584,-4.50525020498849,0.977397309236438,13.1410647380325,2.66734478176091,0.320238282728704,0.119422263091725,FALSE
"MAR_323","MAR_243","MPS_CF246","MAR",2014,"MOZ","Ryan C.","Woollen E.; ACES","circle",NA,NA,20,NA,NA,NA,NA,NA,5,NA,FALSE,NA,NA,NA,NA,NA,NA,FALSE,NA,NA,NA,NA,NA,NA,FALSE,NA,NA,NA,NA,NA,NA,FALSE,NA,TRUE,TRUE,TRUE,NA,NA,FALSE,NA,NA,FALSE,NA,NA,NA,32.965623,-23.522581,87.48,NA,NA,NA,NA,FALSE,NA,NA,NA,NA,0.725,"mirror_densitometer","Densiometer recordings in 4 directions for each plot (standing in the centre, face N, S, E, W). An average is taken of the four readings",NA,FALSE,NA,NA,NA,NA,NA,NA,NA,NA,NA,NA,NA,TRUE,FALSE,NA,NA,NA,NA,NA,NA,"stem",NA,TRUE,NA,NA,NA,NA,NA,NA,NA,NA,NA,NA,NA,NA,NA,NA,NA,NA,NA,NA,NA,NA,NA,NA,NA,NA,NA,NA,NA,NA,NA,NA,NA,NA,NA,NA,NA,NA,"30_moz_ryan_ACES_checkN.xlsx","30_mozambique_various_ACES_clean.csv","2017","https://doi.org/10.1111/j.1744-7429.2010.00713.x",FALSE,NA,0.125663706143592,NA,125.663706143592,NA,NA,NA,NA,NA,NA,NA,NA,NA,NA,NA,NA,NA,NA,0,0,NA,NA,NA,NA,NA,NA,NA,NA,NA,NA,NA,NA,NA,NA,NA,0,0,0,0,0,0,NA,0,0,NA,NA,NA,NA,NA,NA,NA,NA,NA,NA,0,NA,NA,NA,NA,0,0,0,0,0,0,0,0,0,NA,0,0,0,0,0,0,0,0,0,NA,NA,NA,NA,NA,NA,FALSE
"MAR_324","MAR_243","MPS_CF251","MAR",2014,"MOZ","Ryan C.","Woollen E.; ACES","circle",NA,NA,20,NA,NA,NA,NA,NA,5,NA,FALSE,NA,NA,NA,NA,NA,NA,FALSE,NA,NA,NA,NA,NA,NA,FALSE,NA,NA,NA,NA,NA,NA,FALSE,NA,TRUE,TRUE,TRUE,NA,NA,FALSE,NA,NA,FALSE,NA,NA,NA,32.96438,-23.517558,90.3799999999999,NA,NA,NA,NA,FALSE,NA,NA,NA,NA,0.7775,"mirror_densitometer","Densiometer recordings in 4 directions for each plot (standing in the centre, face N, S, E, W). An average is taken of the four readings",NA,FALSE,NA,NA,NA,NA,NA,NA,NA,NA,NA,NA,NA,TRUE,FALSE,NA,NA,NA,NA,NA,NA,"stem",NA,TRUE,NA,NA,NA,NA,NA,NA,NA,NA,NA,NA,NA,NA,NA,NA,NA,NA,NA,NA,NA,NA,NA,NA,NA,NA,NA,NA,NA,NA,NA,NA,NA,NA,NA,NA,NA,NA,"30_moz_ryan_ACES_checkN.xlsx","30_mozambique_various_ACES_clean.csv","2017","https://doi.org/10.1111/j.1744-7429.2010.00713.x",FALSE,NA,0.125663706143592,NA,125.663706143592,38,5,11.1251724137931,10.2,4.96033618732419,11.1251724137931,10.2,4.96033618732419,14.7450980392157,13.5,4.13190317396346,23.3588235294118,22,4.48832636173126,290,0,NA,NA,NA,NA,NA,NA,NA,NA,NA,NA,NA,NA,NA,NA,NA,290,290,153,17,0,0,NA,289,289,"Androstachys johnsonii","Manilkara mochisia","Thilachium africanum","Guibourtia conjugata","Indet indet",0.975862068965517,0.00689655172413793,0.00689655172413793,0.00344827586206897,0.00344827586206897,6,1.58913017539675,0.151142782445085,0.0475624256837099,1.04993757802747,290,290,153,17,3.3775239056799,13.1512991467221,13.1512991467221,11.6888839210239,3.81817464931889,0.174989596337911,2307.74667483248,2307.74667483248,1217.535314653,135.281701628111,26.87748125,104.654713364052,104.654713364052,93.0171827629162,30.3840684513633,-4.46444968775158,0.739796117952197,12.5815119226489,2.36964999215868,0.330692189256291,0.0999164457163081,FALSE
"MAR_325","MAR_243","MPS_CF248","MAR",2014,"MOZ","Ryan C.","Woollen E.; ACES","circle",NA,NA,20,NA,NA,NA,NA,NA,5,NA,FALSE,NA,NA,NA,NA,NA,NA,FALSE,NA,NA,NA,NA,NA,NA,FALSE,NA,NA,NA,NA,NA,NA,FALSE,NA,TRUE,TRUE,TRUE,NA,NA,FALSE,NA,NA,FALSE,NA,NA,NA,32.949435,-23.516842,82.2699999999999,NA,NA,NA,NA,FALSE,NA,NA,NA,NA,NA,"mirror_densitometer","Densiometer recordings in 4 directions for each plot (standing in the centre, face N, S, E, W). An average is taken of the four readings",NA,FALSE,NA,NA,NA,NA,NA,NA,NA,NA,NA,NA,NA,FALSE,FALSE,NA,NA,NA,NA,NA,NA,"stem",NA,TRUE,NA,NA,NA,NA,NA,NA,NA,NA,NA,NA,NA,NA,NA,NA,NA,NA,NA,NA,NA,NA,NA,NA,NA,NA,NA,NA,NA,NA,NA,NA,NA,NA,NA,NA,NA,NA,"30_moz_ryan_ACES_checkN.xlsx","30_mozambique_various_ACES_clean.csv","2017","https://doi.org/10.1111/j.1744-7429.2010.00713.x",FALSE,NA,0.125663706143592,NA,125.663706143592,34.4,5,12.6853658536585,11.3,5.90345015589662,12.6853658536585,11.3,5.90345015589662,16.0728476821192,15,5.05104522219358,23.6242424242424,22,4.01614167322244,246,0,NA,NA,NA,NA,NA,NA,NA,NA,NA,NA,NA,NA,NA,NA,NA,246,246,151,33,0,0,NA,240,240,"Androstachys johnsonii","Guibourtia conjugata","Indet indet","Salvadora persica",NA,0.922764227642276,0.0487804878048781,0.024390243902439,0.0040650406504065,NA,4,2.31176426595827,0.334465314057961,0.145515235640161,1.17029588087411,246,246,151,33,3.77967996666409,14.1297182174767,14.1297182174767,13.1449224272998,6.68084978850921,0.292573970218526,1957.60580003031,1957.60580003031,1201.61982034381,262.605656101627,30.0777375,112.440724940351,112.440724940351,104.603969043214,53.1645133947842,-6.93794657186589,0.769452081419481,14.3721151000731,2.29650327478984,0.422985453911648,0.108311635953356,FALSE
"MAR_326","MAR_243","MPS_CF249","MAR",2014,"MOZ","Ryan C.","Woollen E.; ACES","circle",NA,NA,20,NA,NA,NA,NA,NA,5,NA,FALSE,NA,NA,NA,NA,NA,NA,FALSE,NA,NA,NA,NA,NA,NA,FALSE,NA,NA,NA,NA,NA,NA,FALSE,NA,TRUE,TRUE,TRUE,NA,NA,FALSE,NA,NA,FALSE,NA,NA,NA,32.886834,-23.516209,93.8499999999999,NA,NA,NA,NA,FALSE,NA,NA,NA,NA,0.93,"mirror_densitometer","Densiometer recordings in 4 directions for each plot (standing in the centre, face N, S, E, W). An average is taken of the four readings",NA,FALSE,NA,NA,NA,NA,NA,NA,NA,NA,NA,NA,NA,TRUE,FALSE,NA,NA,NA,NA,NA,NA,"stem",NA,TRUE,NA,NA,NA,NA,NA,NA,NA,NA,NA,NA,NA,NA,NA,NA,NA,NA,NA,NA,NA,NA,NA,NA,NA,NA,NA,NA,NA,NA,NA,NA,NA,NA,NA,NA,NA,NA,"30_moz_ryan_ACES_checkN.xlsx","30_mozambique_various_ACES_clean.csv","2017","https://doi.org/10.1111/j.1744-7429.2010.00713.x",FALSE,NA,0.125663706143592,NA,125.663706143592,28,5,9.59840425531915,9,4.03067749594847,9.59840425531915,9,4.03067749594847,13.283950617284,12,3.34833752742027,22.66,21,3.22149033833721,188,0,NA,NA,NA,NA,NA,NA,NA,NA,NA,NA,NA,NA,NA,NA,NA,188,188,81,5,0,0,NA,187,187,"Androstachys johnsonii","Vachellia grandicornuta","Indet indet",NA,NA,0.978723404255319,0.0159574468085106,0.00531914893617021,NA,NA,3,1.48282493879811,0.114931238010493,0.0418175645088276,1.04364259138959,188,188,81,5,1.5989442115729,3.01371932963589,3.01371932963589,2.46151698583786,0.535331230726558,0.347880863796531,1496.05646506382,1496.05646506382,644.577519522176,39.7887357729738,12.72399375,23.9824164201573,23.9824164201573,19.5881297900379,4.26003057807998,-4.38802271684695,0.564425426093228,10.8351972070165,2.50250493618149,0.335300197376297,0.130217387417158,FALSE
"MAR_327","MAR_243","MPS_OF642","MAR",2014,"MOZ","Ryan C.","Woollen E.; ACES","circle",NA,NA,20,NA,NA,NA,NA,NA,5,NA,FALSE,NA,NA,NA,NA,NA,NA,FALSE,NA,NA,NA,NA,NA,NA,FALSE,NA,NA,NA,NA,NA,NA,FALSE,NA,TRUE,TRUE,TRUE,NA,NA,FALSE,NA,NA,FALSE,NA,NA,NA,32.929925,-23.515204,80.4599999999999,NA,NA,NA,NA,FALSE,NA,NA,NA,NA,NA,"mirror_densitometer","Densiometer recordings in 4 directions for each plot (standing in the centre, face N, S, E, W). An average is taken of the four readings",NA,FALSE,NA,NA,NA,NA,NA,NA,NA,NA,NA,NA,NA,FALSE,FALSE,NA,NA,NA,NA,NA,NA,"stem",NA,TRUE,NA,NA,NA,NA,NA,NA,NA,NA,NA,NA,NA,NA,NA,NA,NA,NA,NA,NA,NA,NA,NA,NA,NA,NA,NA,NA,NA,NA,NA,NA,NA,NA,NA,NA,NA,NA,"30_moz_ryan_ACES_checkN.xlsx","30_mozambique_various_ACES_clean.csv","2017","https://doi.org/10.1111/j.1744-7429.2010.00713.x",FALSE,NA,0.125663706143592,NA,125.663706143592,18.1,5.5,9.15,7.35,3.83723179207185,9.15,7.35,3.83723179207185,13.4111111111111,12.5,2.82331562371463,NA,NA,NA,24,0,NA,NA,NA,NA,NA,NA,NA,NA,NA,NA,NA,NA,NA,NA,NA,24,24,9,0,0,0,NA,23,17,"Dichrostachys cinerea","Combretum indet","Balanites maughamii","Vachellia grandicornuta","Indet indet",0.458333333333333,0.25,0.166666666666667,0.0833333333333333,0.0416666666666667,5,5,1.3422673044417,0.690972222222222,3.23595505617978,24,24,9,0,0.184411488765721,0.613706491165357,0.613706491165357,0.485197370645009,0,0.647191011235955,190.985931710274,190.985931710274,71.6197243913529,0,1.4675,4.88372108382746,4.88372108382746,3.86107799566718,0,-4.86683188967757,0.684194217745708,10.3395845138077,2.58873718992699,0.866935644646132,0.388789112142891,FALSE
"MAR_328","MAR_243","MPS_OF649","MAR",2014,"MOZ","Ryan C.","Woollen E.; ACES","circle",NA,NA,20,NA,NA,NA,NA,NA,5,NA,FALSE,NA,NA,NA,NA,NA,NA,FALSE,NA,NA,NA,NA,NA,NA,FALSE,NA,NA,NA,NA,NA,NA,FALSE,NA,TRUE,TRUE,TRUE,NA,NA,FALSE,NA,NA,FALSE,NA,NA,NA,32.92488,-23.512285,87.75,NA,NA,NA,NA,FALSE,NA,NA,NA,NA,NA,"mirror_densitometer","Densiometer recordings in 4 directions for each plot (standing in the centre, face N, S, E, W). An average is taken of the four readings",NA,FALSE,NA,NA,NA,NA,NA,NA,NA,NA,NA,NA,NA,FALSE,FALSE,NA,NA,NA,NA,NA,NA,"stem",NA,TRUE,NA,NA,NA,NA,NA,NA,NA,NA,NA,NA,NA,NA,NA,NA,NA,NA,NA,NA,NA,NA,NA,NA,NA,NA,NA,NA,NA,NA,NA,NA,NA,NA,NA,NA,NA,NA,"30_moz_ryan_ACES_checkN.xlsx","30_mozambique_various_ACES_clean.csv","2017","https://doi.org/10.1111/j.1744-7429.2010.00713.x",FALSE,NA,0.125663706143592,NA,125.663706143592,19.6,5,8.47333333333333,7.55,3.28443910430458,8.47333333333333,7.55,3.28443910430458,12.95,11.9,2.89531641498078,NA,NA,NA,30,0,NA,NA,NA,NA,NA,NA,NA,NA,NA,NA,NA,NA,NA,NA,NA,30,30,8,0,0,0,NA,30,11,"Combretum indet","Aganope stuhlmannii","Terminalia sericea",NA,NA,0.633333333333333,0.233333333333333,0.133333333333333,NA,NA,3,2.99981755154169,0.897501078594518,0.526666666666667,2.11267605633803,30,30,8,0,0.193738877354229,0.615717585910067,0.615717585910067,0.391096761520027,0,0.704225352112676,238.732414637843,238.732414637843,63.6619772367581,0,1.541725,4.89972486730979,4.89972486730979,3.11224914115722,0,NA,NA,9.52624067494502,2.69088721066037,0.687735870804226,0.342396301406382,FALSE
"MAR_329","MAR_243","MPS_SS619","MAR",2014,"MOZ","Ryan C.","Woollen E.; ACES","circle",NA,NA,20,NA,NA,NA,NA,NA,5,NA,FALSE,NA,NA,NA,NA,NA,NA,FALSE,NA,NA,NA,NA,NA,NA,FALSE,NA,NA,NA,NA,NA,NA,FALSE,NA,TRUE,TRUE,TRUE,NA,NA,FALSE,NA,NA,FALSE,NA,NA,NA,32.956968,-23.511228,84.67,NA,NA,NA,NA,FALSE,NA,NA,NA,NA,NA,"mirror_densitometer","Densiometer recordings in 4 directions for each plot (standing in the centre, face N, S, E, W). An average is taken of the four readings",NA,FALSE,NA,NA,NA,NA,NA,NA,NA,NA,NA,NA,NA,FALSE,FALSE,NA,NA,NA,NA,NA,NA,"stem",NA,TRUE,NA,NA,NA,NA,NA,NA,NA,NA,NA,NA,NA,NA,NA,NA,NA,NA,NA,NA,NA,NA,NA,NA,NA,NA,NA,NA,NA,NA,NA,NA,NA,NA,NA,NA,NA,NA,"30_moz_ryan_ACES_checkN.xlsx","30_mozambique_various_ACES_clean.csv","2017","https://doi.org/10.1111/j.1744-7429.2010.00713.x",FALSE,NA,0.125663706143592,NA,125.663706143592,32.7,5.1,8.94838709677419,7.5,5.07621059240992,8.94838709677419,7.5,5.07621059240992,15.2285714285714,12,7.85190301470803,32.7,32.7,NA,31,0,NA,NA,NA,NA,NA,NA,NA,NA,NA,NA,NA,NA,NA,NA,NA,31,31,7,1,0,0,NA,31,19,"Strychnos madagascariensis","Combretum indet","Aganope stuhlmannii","Terminalia sericea",NA,0.548387096774194,0.387096774193548,0.032258064516129,0.032258064516129,NA,4,3.61290322580645,0.918390215891221,0.547346514047867,2.20919540229885,31,31,7,1,0.255672234927098,0.975438045796162,0.975438045796162,0.725666356793263,0.465881125659537,0.552298850574713,246.690161792438,246.690161792438,55.7042300821634,7.95774715459477,2.034575,7.76228933341789,7.76228933341789,5.77466938595674,3.70736420209659,NA,NA,10.1363443350808,1.93118995859047,1.00525420455541,0.219489728670256,FALSE
"MAR_330","MAR_243","MPS_OF631","MAR",2014,"MOZ","Ryan C.","Woollen E.; ACES","circle",NA,NA,20,NA,NA,NA,NA,NA,5,NA,FALSE,NA,NA,NA,NA,NA,NA,FALSE,NA,NA,NA,NA,NA,NA,FALSE,NA,NA,NA,NA,NA,NA,FALSE,NA,TRUE,TRUE,TRUE,NA,NA,FALSE,NA,NA,FALSE,NA,NA,NA,32.942426,-23.510773,83.9899999999999,NA,NA,NA,NA,FALSE,NA,NA,NA,NA,0.63,"mirror_densitometer","Densiometer recordings in 4 directions for each plot (standing in the centre, face N, S, E, W). An average is taken of the four readings",NA,FALSE,NA,NA,NA,NA,NA,NA,NA,NA,NA,NA,NA,FALSE,FALSE,NA,NA,NA,NA,NA,NA,"stem",NA,TRUE,NA,NA,NA,NA,NA,NA,NA,NA,NA,NA,NA,NA,NA,NA,NA,NA,NA,NA,NA,NA,NA,NA,NA,NA,NA,NA,NA,NA,NA,NA,NA,NA,NA,NA,NA,NA,"30_moz_ryan_ACES_checkN.xlsx","30_mozambique_various_ACES_clean.csv","2017","https://doi.org/10.1111/j.1744-7429.2010.00713.x",FALSE,NA,0.125663706143592,NA,125.663706143592,44.3,5,9.7283950617284,8.1,6.60994013906142,9.7283950617284,8.1,6.60994013906142,16.4304347826087,13,9.34283560141667,31.14,25.4,10.6905565804592,81,0,NA,NA,NA,NA,NA,NA,NA,NA,NA,NA,NA,NA,NA,NA,NA,81,81,23,5,2,0,NA,81,45,"Terminalia sericea","Combretum indet","Dichrostachys cinerea","Sclerocarya birrea","Strychnos spinosa",0.493827160493827,0.444444444444444,0.037037037037037,0.0123456790123457,0.0123456790123457,5,3.2923894296229,0.939415860660318,0.556927297668038,2.25696594427245,81,81,23,5,0.876604881316467,3.27295217945547,3.27295217945547,2.68370014775449,1.98920107726304,0.451393188854489,644.577519522176,644.577519522176,183.02818455568,39.7887357729738,6.9758,26.0453258931865,26.0453258931865,21.3562072145788,15.8295592125068,-6.20907479023377,3.4870212620613,11.0146821024487,1.69457008715906,0.770037216736646,0.120899964429909,FALSE
"MAR_331","MAR_243","MPS_OF627","MAR",2014,"MOZ","Ryan C.","Woollen E.; ACES","circle",NA,NA,20,NA,NA,NA,NA,NA,5,NA,FALSE,NA,NA,NA,NA,NA,NA,FALSE,NA,NA,NA,NA,NA,NA,FALSE,NA,NA,NA,NA,NA,NA,FALSE,NA,TRUE,TRUE,TRUE,NA,NA,FALSE,NA,NA,FALSE,NA,NA,NA,32.89352,-23.508245,87.0999999999999,NA,NA,NA,NA,FALSE,NA,NA,NA,NA,0.2825,"mirror_densitometer","Densiometer recordings in 4 directions for each plot (standing in the centre, face N, S, E, W). An average is taken of the four readings",NA,FALSE,NA,NA,NA,NA,NA,NA,NA,NA,NA,NA,NA,FALSE,FALSE,NA,NA,NA,NA,NA,NA,"stem",NA,TRUE,NA,NA,NA,NA,NA,NA,NA,NA,NA,NA,NA,NA,NA,NA,NA,NA,NA,NA,NA,NA,NA,NA,NA,NA,NA,NA,NA,NA,NA,NA,NA,NA,NA,NA,NA,NA,"30_moz_ryan_ACES_checkN.xlsx","30_mozambique_various_ACES_clean.csv","2017","https://doi.org/10.1111/j.1744-7429.2010.00713.x",FALSE,NA,0.125663706143592,NA,125.663706143592,34.5,5,8.18245614035088,7.3,4.59689813146623,8.18245614035088,7.3,4.59689813146623,14.3636363636364,11.4,7.61659671077217,28.75,28.75,8.1317279836453,57,0,NA,NA,NA,NA,NA,NA,NA,NA,NA,NA,NA,NA,NA,NA,NA,57,57,11,2,0,0,NA,55,19,"Combretum indet","Strychnos madagascariensis","Terminalia sericea","Dichrostachys cinerea","Guibourtia conjugata",0.631578947368421,0.105263157894737,0.105263157894737,0.0526315789473684,0.0350877192982456,7,5.84821037949141,1.271779068457,0.572483841181902,2.33909287257019,57,57,11,2,0.392672378161169,1.42767964857047,1.42767964857047,0.99835160855022,0.715293523183108,0.334156124652885,453.591587811902,453.591587811902,87.5352187005424,15.9154943091895,3.1247875,11.3611136610845,11.3611136610845,7.94462967222562,5.69212499881044,NA,NA,9.25912341525078,1.929650381729,0.677667681002443,0.158300815153533,FALSE
"MAR_332","MAR_243","MPS_OF648","MAR",2014,"MOZ","Ryan C.","Woollen E.; ACES","circle",NA,NA,20,NA,NA,NA,NA,NA,5,NA,FALSE,NA,NA,NA,NA,NA,NA,FALSE,NA,NA,NA,NA,NA,NA,FALSE,NA,NA,NA,NA,NA,NA,FALSE,NA,TRUE,TRUE,TRUE,NA,NA,FALSE,NA,NA,FALSE,NA,NA,NA,32.922355,-23.501534,89.4399999999999,NA,NA,NA,NA,FALSE,NA,NA,NA,NA,NA,"mirror_densitometer","Densiometer recordings in 4 directions for each plot (standing in the centre, face N, S, E, W). An average is taken of the four readings",NA,FALSE,NA,NA,NA,NA,NA,NA,NA,NA,NA,NA,NA,FALSE,FALSE,NA,NA,NA,NA,NA,NA,"stem",NA,TRUE,NA,NA,NA,NA,NA,NA,NA,NA,NA,NA,NA,NA,NA,NA,NA,NA,NA,NA,NA,NA,NA,NA,NA,NA,NA,NA,NA,NA,NA,NA,NA,NA,NA,NA,NA,NA,"30_moz_ryan_ACES_checkN.xlsx","30_mozambique_various_ACES_clean.csv","2017","https://doi.org/10.1111/j.1744-7429.2010.00713.x",FALSE,NA,0.125663706143592,NA,125.663706143592,17.3,5,7.91566265060241,6.9,2.77881716930375,7.91566265060241,6.9,2.77881716930375,12.74375,12.8,1.66050945997506,NA,NA,NA,83,0,NA,NA,NA,NA,NA,NA,NA,NA,NA,NA,NA,NA,NA,NA,NA,83,83,16,0,0,0,NA,83,55,"Strychnos madagascariensis","Combretum indet","Terminalia sericea","Guibourtia conjugata","Commiphora pyracanthoides",0.493975903614458,0.337349397590361,0.120481927710843,0.036144578313253,0.0120481927710843,5,3.94392383206534,1.1431795377276,0.626215706198287,2.67533980582524,83,83,16,0,0.458184009766477,1.32366412287915,1.32366412287915,0.730464094542562,0,0.535067961165049,660.493013831366,660.493013831366,127.323954473516,0,3.6461125,10.5333844074807,10.5333844074807,5.81284856987971,0,NA,NA,8.86961464436139,2.96795530851309,0.348987919768474,0.234206602864527,FALSE
"MAR_333","MAR_243","MPS_OF625","MAR",2014,"MOZ","Ryan C.","Woollen E.; ACES","circle",NA,NA,20,NA,NA,NA,NA,NA,5,NA,FALSE,NA,NA,NA,NA,NA,NA,FALSE,NA,NA,NA,NA,NA,NA,FALSE,NA,NA,NA,NA,NA,NA,FALSE,NA,TRUE,TRUE,TRUE,NA,NA,FALSE,NA,NA,FALSE,NA,NA,NA,32.93527,-23.495954,86.5,NA,NA,NA,NA,FALSE,NA,NA,NA,NA,NA,"mirror_densitometer","Densiometer recordings in 4 directions for each plot (standing in the centre, face N, S, E, W). An average is taken of the four readings",NA,FALSE,NA,NA,NA,NA,NA,NA,NA,NA,NA,NA,NA,FALSE,FALSE,NA,NA,NA,NA,NA,NA,"stem",NA,TRUE,NA,NA,NA,NA,NA,NA,NA,NA,NA,NA,NA,NA,NA,NA,NA,NA,NA,NA,NA,NA,NA,NA,NA,NA,NA,NA,NA,NA,NA,NA,NA,NA,NA,NA,NA,NA,"30_moz_ryan_ACES_checkN.xlsx","30_mozambique_various_ACES_clean.csv","2017","https://doi.org/10.1111/j.1744-7429.2010.00713.x",FALSE,NA,0.125663706143592,NA,125.663706143592,19.2,5.2,9.195,8.35,3.75870568428184,9.195,8.35,3.75870568428184,13.2428571428571,11.9,3.27559518401218,NA,NA,NA,20,0,NA,NA,NA,NA,NA,NA,NA,NA,NA,NA,NA,NA,NA,NA,NA,20,20,7,0,0,0,NA,20,18,"Guibourtia conjugata","Boscia albitrunca","Combretum indet","Ozoroa obovata","Strychnos madagascariensis",0.65,0.1,0.1,0.1,0.05,5,5,1.12057103703601,0.545,2.1978021978022,20,20,7,0,0.153890130737933,0.467661006292833,0.467661006292833,0.343791495693275,0,0.439560439560439,159.154943091895,159.154943091895,55.7042300821634,0,1.22461875,3.72152804214172,3.72152804214172,2.73580579662704,0,-5.34166315614045,0.0646206629065881,10.3672873253221,2.63581431504354,0.934795343866939,0.425960099381058,FALSE
"MAR_334","MAR_243","MPS_SS625","MAR",2014,"MOZ","Ryan C.","Woollen E.; ACES","circle",NA,NA,20,NA,NA,NA,NA,NA,5,NA,FALSE,NA,NA,NA,NA,NA,NA,FALSE,NA,NA,NA,NA,NA,NA,FALSE,NA,NA,NA,NA,NA,NA,FALSE,NA,TRUE,TRUE,TRUE,NA,NA,FALSE,NA,NA,FALSE,NA,NA,NA,32.937064,-23.488021,87.29,NA,NA,NA,NA,FALSE,NA,NA,NA,NA,NA,"mirror_densitometer","Densiometer recordings in 4 directions for each plot (standing in the centre, face N, S, E, W). An average is taken of the four readings",NA,FALSE,NA,NA,NA,NA,NA,NA,NA,NA,NA,NA,NA,FALSE,FALSE,NA,NA,NA,NA,NA,NA,"stem",NA,TRUE,NA,NA,NA,NA,NA,NA,NA,NA,NA,NA,NA,NA,NA,NA,NA,NA,NA,NA,NA,NA,NA,NA,NA,NA,NA,NA,NA,NA,NA,NA,NA,NA,NA,NA,NA,NA,"30_moz_ryan_ACES_checkN.xlsx","30_mozambique_various_ACES_clean.csv","2017","https://doi.org/10.1111/j.1744-7429.2010.00713.x",FALSE,NA,0.125663706143592,NA,125.663706143592,74,5,11.55,7.4,12.1981412995091,11.55,7.4,12.1981412995091,22.4285714285714,14.65,17.3371734264148,39.2,35.1,20.4295129653156,44,0,NA,NA,NA,NA,NA,NA,NA,NA,NA,NA,NA,NA,NA,NA,NA,44,44,14,5,1,1,NA,43,27,"Strychnos madagascariensis","Combretum indet","Gardenia indet","Aganope stuhlmannii","Albizia brevifolia",0.386363636363636,0.204545454545455,0.159090909090909,0.136363636363636,0.0227272727272727,9,6.83562030148007,1.68619927246969,0.762396694214876,4.20869565217391,44,44,14,5,0.963517042078029,5.19910427823391,5.19910427823391,4.95767810972634,4.54246810440823,0.467632850241546,350.14087480217,350.14087480217,111.408460164327,39.7887357729738,7.667425,41.3731572765574,41.3731572765574,39.4519488710715,36.1478126326921,-7.68837365818003,4.74530842677176,12.6107382983127,1.25479546126162,1.61595842162238,0.12426328559797,FALSE
"MAR_335","MAR_243","MPS_OF615","MAR",2014,"MOZ","Ryan C.","Woollen E.; ACES","circle",NA,NA,20,NA,NA,NA,NA,NA,5,NA,FALSE,NA,NA,NA,NA,NA,NA,FALSE,NA,NA,NA,NA,NA,NA,FALSE,NA,NA,NA,NA,NA,NA,FALSE,NA,TRUE,TRUE,TRUE,NA,NA,FALSE,NA,NA,FALSE,NA,NA,NA,32.955808,-23.484392,89.5199999999999,NA,NA,NA,NA,FALSE,NA,NA,NA,NA,NA,"mirror_densitometer","Densiometer recordings in 4 directions for each plot (standing in the centre, face N, S, E, W). An average is taken of the four readings",NA,FALSE,NA,NA,NA,NA,NA,NA,NA,NA,NA,NA,NA,FALSE,FALSE,NA,NA,NA,NA,NA,NA,"stem",NA,TRUE,NA,NA,NA,NA,NA,NA,NA,NA,NA,NA,NA,NA,NA,NA,NA,NA,NA,NA,NA,NA,NA,NA,NA,NA,NA,NA,NA,NA,NA,NA,NA,NA,NA,NA,NA,NA,"30_moz_ryan_ACES_checkN.xlsx","30_mozambique_various_ACES_clean.csv","2017","https://doi.org/10.1111/j.1744-7429.2010.00713.x",FALSE,NA,0.125663706143592,NA,125.663706143592,19.9,5,8.18148148148148,6,4.44548492094352,8.18148148148148,6,4.44548492094352,14.7857142857143,14.5,3.66079616633166,NA,NA,NA,27,0,NA,NA,NA,NA,NA,NA,NA,NA,NA,NA,NA,NA,NA,NA,NA,27,27,7,0,0,0,NA,27,8,"Combretum indet","Terminalia sericea",NA,NA,NA,0.703703703703704,0.296296296296296,NA,NA,NA,2,2,0.607693423870957,0.417009602194787,1.71529411764706,27,27,7,0,0.182299553104345,0.5978090962192,0.5978090962192,0.464107412032196,0,0.857647058823529,214.859173174059,214.859173174059,55.7042300821634,0,1.45069375,4.75721363442921,4.75721363442921,3.69324943752555,0,-4.53703368394146,1.82502078558409,9.30695760195297,2.0302100603879,0.940180043301895,0.278278949411773,FALSE
"MAR_336","MAR_243","MPS_SS626","MAR",2014,"MOZ","Ryan C.","Woollen E.; ACES","circle",NA,NA,20,NA,NA,NA,NA,NA,5,NA,FALSE,NA,NA,NA,NA,NA,NA,FALSE,NA,NA,NA,NA,NA,NA,FALSE,NA,NA,NA,NA,NA,NA,FALSE,NA,TRUE,TRUE,TRUE,NA,NA,FALSE,NA,NA,FALSE,NA,NA,NA,32.939799,-23.483283,85.34,NA,NA,NA,NA,FALSE,NA,NA,NA,NA,NA,"mirror_densitometer","Densiometer recordings in 4 directions for each plot (standing in the centre, face N, S, E, W). An average is taken of the four readings",NA,FALSE,NA,NA,NA,NA,NA,NA,NA,NA,NA,NA,NA,FALSE,FALSE,NA,NA,NA,NA,NA,NA,"stem",NA,TRUE,NA,NA,NA,NA,NA,NA,NA,NA,NA,NA,NA,NA,NA,NA,NA,NA,NA,NA,NA,NA,NA,NA,NA,NA,NA,NA,NA,NA,NA,NA,NA,NA,NA,NA,NA,NA,"30_moz_ryan_ACES_checkN.xlsx","30_mozambique_various_ACES_clean.csv","2017","https://doi.org/10.1111/j.1744-7429.2010.00713.x",FALSE,NA,0.125663706143592,NA,125.663706143592,40,5.1,10.9306451612903,9.9,5.25642740700755,10.9306451612903,9.9,5.25642740700755,14.65,13.9,5.26640294698383,40,40,NA,62,0,NA,NA,NA,NA,NA,NA,NA,NA,NA,NA,NA,NA,NA,NA,NA,62,62,30,1,1,0,NA,62,59,"Terminalia sericea","Strychnos madagascariensis","Aganope stuhlmannii","Boscia albitrunca","Combretum indet",0.580645161290323,0.161290322580645,0.112903225806452,0.0645161290322581,0.0483870967741935,7,5.45843751786844,1.31270022265426,0.617065556711759,2.61141304347826,62,62,30,1,0.714172760153424,2.17387064473655,2.17387064473655,1.84677806997986,0.471669184817031,0.37305900621118,493.380323584875,493.380323584875,238.732414637843,7.95774715459477,5.68320625,17.2991129376093,17.2991129376093,14.6961929315503,3.75342411338776,-8.56666114251546,0.512633792375425,12.3400177872826,2.16322651573611,0.769550109176506,0.17911325175949,FALSE
"MAR_337","MAR_243","MPS_SS623","MAR",2014,"MOZ","Ryan C.","Woollen E.; ACES","circle",NA,NA,20,NA,NA,NA,NA,NA,5,NA,FALSE,NA,NA,NA,NA,NA,NA,FALSE,NA,NA,NA,NA,NA,NA,FALSE,NA,NA,NA,NA,NA,NA,FALSE,NA,TRUE,TRUE,TRUE,NA,NA,FALSE,NA,NA,FALSE,NA,NA,NA,32.944302,-23.478295,86.9399999999999,NA,NA,NA,NA,FALSE,NA,NA,NA,NA,NA,"mirror_densitometer","Densiometer recordings in 4 directions for each plot (standing in the centre, face N, S, E, W). An average is taken of the four readings",NA,FALSE,NA,NA,NA,NA,NA,NA,NA,NA,NA,NA,NA,FALSE,FALSE,NA,NA,NA,NA,NA,NA,"stem",NA,TRUE,NA,NA,NA,NA,NA,NA,NA,NA,NA,NA,NA,NA,NA,NA,NA,NA,NA,NA,NA,NA,NA,NA,NA,NA,NA,NA,NA,NA,NA,NA,NA,NA,NA,NA,NA,NA,"30_moz_ryan_ACES_checkN.xlsx","30_mozambique_various_ACES_clean.csv","2017","https://doi.org/10.1111/j.1744-7429.2010.00713.x",FALSE,NA,0.125663706143592,NA,125.663706143592,39.7,5.5,13.3018181818182,10.8,7.61753559130829,13.3018181818182,10.8,7.61753559130829,16.9363636363636,13,7.91544448301145,27.9333333333333,25.5,6.81982404465101,55,0,NA,NA,NA,NA,NA,NA,NA,NA,NA,NA,NA,NA,NA,NA,NA,55,55,33,9,0,0,NA,52,33,"Combretum indet","Gymnanthemum amygdalinum","Pterocarpus lucens","Artabotrys brachypetalus","Guibourtia conjugata",0.345454545454545,0.218181818181818,0.127272727272727,0.0909090909090909,0.0727272727272727,9,7.46803303675533,1.83335805462039,0.796694214876033,4.91869918699187,55,55,33,9,1.0104194495998,4.51941594285446,4.51941594285446,4.22074816614437,3.05969241864434,0.546522131887986,437.676093502712,437.676093502712,262.605656101627,71.6197243913529,8.0406625,35.9643693596803,35.9643693596803,33.5876467093964,24.3482586384021,-9.19964406153618,2.37166178536497,15.1105821883925,1.9152086454716,1.13259424255898,0.180941044353704,FALSE
"MAR_338","MAR_243","MPS_OF605","MAR",2014,"MOZ","Ryan C.","Woollen E.; ACES","circle",NA,NA,20,NA,NA,NA,NA,NA,5,NA,FALSE,NA,NA,NA,NA,NA,NA,FALSE,NA,NA,NA,NA,NA,NA,FALSE,NA,NA,NA,NA,NA,NA,FALSE,NA,TRUE,TRUE,TRUE,NA,NA,FALSE,NA,NA,FALSE,NA,NA,NA,32.954574,-23.476424,87.2999999999999,NA,NA,NA,NA,FALSE,NA,NA,NA,NA,NA,"mirror_densitometer","Densiometer recordings in 4 directions for each plot (standing in the centre, face N, S, E, W). An average is taken of the four readings",NA,FALSE,NA,NA,NA,NA,NA,NA,NA,NA,NA,NA,NA,FALSE,FALSE,NA,NA,NA,NA,NA,NA,"stem",NA,TRUE,NA,NA,NA,NA,NA,NA,NA,NA,NA,NA,NA,NA,NA,NA,NA,NA,NA,NA,NA,NA,NA,NA,NA,NA,NA,NA,NA,NA,NA,NA,NA,NA,NA,NA,NA,NA,"30_moz_ryan_ACES_checkN.xlsx","30_mozambique_various_ACES_clean.csv","2017","https://doi.org/10.1111/j.1744-7429.2010.00713.x",FALSE,NA,0.125663706143592,NA,125.663706143592,29.9,5,9.18275862068966,7.9,4.17696359328917,9.18275862068966,7.9,4.17696359328917,14.8181818181818,13.85,4.61164533840935,23.9,21,5.19711458407451,87,0,NA,NA,NA,NA,NA,NA,NA,NA,NA,NA,NA,NA,NA,NA,NA,87,87,22,3,0,0,NA,87,38,"Combretum indet","Guibourtia conjugata","Terminalia sericea","Aganope stuhlmannii","Combretum molle",0.563218390804598,0.172413793103448,0.149425287356322,0.0804597701149425,0.0114942528735632,7,4.76625118868298,1.26722236791503,0.623860483551328,2.65858798735511,87,87,22,3,0.694021014076972,2.41752728935481,2.41752728935481,1.66486669361205,0.660869731093469,0.379798283907873,692.324002449745,692.324002449745,175.070437401085,23.8732414637843,5.52284375,19.2380709080184,19.2380709080184,13.2485881938709,5.25903422216686,-4.36546471109831,0.448340975389567,10.3793781018357,2.28657090879838,0.518241458917413,0.164219738825075,FALSE
"MAR_339","MAR_243","MTC_CF88","MAR",2014,"MOZ","Ryan C.","Woollen E.; ACES","circle",NA,NA,20,NA,NA,NA,NA,NA,5,NA,FALSE,NA,NA,NA,NA,NA,NA,FALSE,NA,NA,NA,NA,NA,NA,FALSE,NA,NA,NA,NA,NA,NA,FALSE,NA,TRUE,TRUE,TRUE,NA,NA,FALSE,NA,NA,FALSE,NA,NA,NA,33.032431,-23.414513,81.6299999999999,NA,NA,NA,NA,FALSE,NA,NA,NA,NA,NA,"mirror_densitometer","Densiometer recordings in 4 directions for each plot (standing in the centre, face N, S, E, W). An average is taken of the four readings",NA,FALSE,NA,NA,NA,NA,NA,NA,NA,NA,NA,NA,NA,TRUE,FALSE,NA,NA,NA,NA,NA,NA,"stem",NA,TRUE,NA,NA,NA,NA,NA,NA,NA,NA,NA,NA,NA,NA,NA,NA,NA,NA,NA,NA,NA,NA,NA,NA,NA,NA,NA,NA,NA,NA,NA,NA,NA,NA,NA,NA,NA,NA,"30_moz_ryan_ACES_checkN.xlsx","30_mozambique_various_ACES_clean.csv","2017","https://doi.org/10.1111/j.1744-7429.2010.00713.x",FALSE,NA,0.125663706143592,NA,125.663706143592,46.3,5,10.0035398230089,8.5,5.12204697281667,10.0035398230089,8.5,5.12204697281667,14.3555555555556,12.6,5.6372977650985,28.9714285714286,23.3,9.84728630735634,226,0,NA,NA,NA,NA,NA,NA,NA,NA,NA,NA,NA,NA,NA,NA,NA,226,226,90,7,1,0,NA,226,224,"Androstachys johnsonii","Albizia petersiana","Salvadora persica","Croton pseudopulchellus","Guibourtia conjugata",0.81858407079646,0.0398230088495575,0.0309734513274336,0.0265486725663717,0.0265486725663717,12,4.56830610158522,0.859071980771207,0.325319132273475,1.48218224027858,226,226,90,7,2.23987388060053,7.37168980745969,7.37168980745969,6.20182493965148,2.64542308978744,0.123515186689882,1798.45085693842,1798.45085693842,716.197243913529,55.7042300821634,17.82435,58.6620435898676,58.6620435898676,49.3525547668064,21.0516080654553,-4.18868522844868,0.591861061577944,11.3176616920256,2.05693692770897,0.389311876675648,0.0888039955661928,FALSE
"MAR_340","MAR_243","MTC_SS113","MAR",2014,"MOZ","Ryan C.","Woollen E.; ACES","circle",NA,NA,20,NA,NA,NA,NA,NA,5,NA,FALSE,NA,NA,NA,NA,NA,NA,FALSE,NA,NA,NA,NA,NA,NA,FALSE,NA,NA,NA,NA,NA,NA,FALSE,NA,TRUE,TRUE,TRUE,NA,NA,FALSE,NA,NA,FALSE,NA,NA,NA,33.024319,-23.407507,77.6599999999999,NA,NA,NA,NA,FALSE,NA,NA,NA,NA,NA,"mirror_densitometer","Densiometer recordings in 4 directions for each plot (standing in the centre, face N, S, E, W). An average is taken of the four readings",NA,FALSE,NA,NA,NA,NA,NA,NA,NA,NA,NA,NA,NA,FALSE,FALSE,NA,NA,NA,NA,NA,NA,"stem",NA,TRUE,NA,NA,NA,NA,NA,NA,NA,NA,NA,NA,NA,NA,NA,NA,NA,NA,NA,NA,NA,NA,NA,NA,NA,NA,NA,NA,NA,NA,NA,NA,NA,NA,NA,NA,NA,NA,"30_moz_ryan_ACES_checkN.xlsx","30_mozambique_various_ACES_clean.csv","2017","https://doi.org/10.1111/j.1744-7429.2010.00713.x",FALSE,NA,0.125663706143592,NA,125.663706143592,25,5.2,10.5938775510204,9.2,4.68065202737402,10.5938775510204,9.2,4.68065202737402,14.4782608695652,13.4,4.00884890775611,22.5,22,2.29128784747792,49,0,NA,NA,NA,NA,NA,NA,NA,NA,NA,NA,NA,NA,NA,NA,NA,49,49,23,3,0,0,NA,49,49,"Colophospermum mopane","Terminalia prunioides",NA,NA,NA,0.959183673469388,0.0408163265306122,NA,NA,NA,2,1.76530612244898,0.170529856447511,0.0783007080383175,1.08495255309535,49,49,23,3,0.514505697461871,2.1386312657444,2.1386312657444,1.82798349730833,0.641718114569602,0.542476276547673,389.929610575144,389.929610575144,183.02818455568,23.8732414637843,4.09430625,17.0186868697049,17.0186868697049,14.5466304743516,5.10663050026817,-4.91732085892348,0.973198299116921,11.9867333085407,2.42158513188618,0.751232008546294,0.250942012953594,FALSE
"MAR_341","MAR_243","MTC_OF81","MAR",2014,"MOZ","Ryan C.","Woollen E.; ACES","circle",NA,NA,20,NA,NA,NA,NA,NA,5,NA,FALSE,NA,NA,NA,NA,NA,NA,FALSE,NA,NA,NA,NA,NA,NA,FALSE,NA,NA,NA,NA,NA,NA,FALSE,NA,TRUE,TRUE,TRUE,NA,NA,FALSE,NA,NA,FALSE,NA,NA,NA,33.036475,-23.407084,75.78,NA,NA,NA,NA,FALSE,NA,NA,NA,NA,NA,"mirror_densitometer","Densiometer recordings in 4 directions for each plot (standing in the centre, face N, S, E, W). An average is taken of the four readings",NA,FALSE,NA,NA,NA,NA,NA,NA,NA,NA,NA,NA,NA,FALSE,FALSE,NA,NA,NA,NA,NA,NA,"stem",NA,TRUE,NA,NA,NA,NA,NA,NA,NA,NA,NA,NA,NA,NA,NA,NA,NA,NA,NA,NA,NA,NA,NA,NA,NA,NA,NA,NA,NA,NA,NA,NA,NA,NA,NA,NA,NA,NA,"30_moz_ryan_ACES_checkN.xlsx","30_mozambique_various_ACES_clean.csv","2017","https://doi.org/10.1111/j.1744-7429.2010.00713.x",FALSE,NA,0.125663706143592,NA,125.663706143592,21.1,5,7.945625,6.85,3.13412635906582,7.945625,6.85,3.13412635906582,13.241935483871,12.5,2.91876391571825,21.1,21.1,NA,160,0,NA,NA,NA,NA,NA,NA,NA,NA,NA,NA,NA,NA,NA,NA,NA,160,160,31,1,0,0,NA,145,143,"Guibourtia conjugata","Croton pseudopulchellus","Indet indet","Pterocarpus lucens","Combretum molle",0.6625,0.10625,0.09375,0.09375,0.0125,8,4.83873568780953,1.15086406560095,0.53171875,2.13546880213547,160,160,31,1,0.916016946553915,2.47884691117955,2.47884691117955,1.47506445770711,0.115915811266704,0.266933600266934,1273.23954473516,1273.23954473516,246.690161792438,7.95774715459477,7.28943125,19.7260369541151,19.7260369541151,11.7381899911626,0.922428717280155,-3.50987625423017,0.551850317081102,8.94512183795855,2.60045435206947,0.289663179182969,0.141583011498677,FALSE
"MAR_342","MAR_243","MTC_SS199","MAR",2014,"MOZ","Ryan C.","Woollen E.; ACES","circle",NA,NA,20,NA,NA,NA,NA,NA,5,NA,FALSE,NA,NA,NA,NA,NA,NA,FALSE,NA,NA,NA,NA,NA,NA,FALSE,NA,NA,NA,NA,NA,NA,FALSE,NA,TRUE,TRUE,TRUE,NA,NA,FALSE,NA,NA,FALSE,NA,NA,NA,33.008711,-23.402352,85.4099999999999,NA,NA,NA,NA,FALSE,NA,NA,NA,NA,NA,"mirror_densitometer","Densiometer recordings in 4 directions for each plot (standing in the centre, face N, S, E, W). An average is taken of the four readings",NA,FALSE,NA,NA,NA,NA,NA,NA,NA,NA,NA,NA,NA,FALSE,FALSE,NA,NA,NA,NA,NA,NA,"stem",NA,TRUE,NA,NA,NA,NA,NA,NA,NA,NA,NA,NA,NA,NA,NA,NA,NA,NA,NA,NA,NA,NA,NA,NA,NA,NA,NA,NA,NA,NA,NA,NA,NA,NA,NA,NA,NA,NA,"30_moz_ryan_ACES_checkN.xlsx","30_mozambique_various_ACES_clean.csv","2017","https://doi.org/10.1111/j.1744-7429.2010.00713.x",FALSE,NA,0.125663706143592,NA,125.663706143592,46,5.2,11.0794520547945,8.9,6.91057882493109,11.0794520547945,8.9,6.91057882493109,16.7689655172414,13,8.01129129275299,27.5285714285714,22.5,9.27859800575394,73,0,NA,NA,NA,NA,NA,NA,NA,NA,NA,NA,NA,NA,NA,NA,NA,73,73,29,7,1,0,NA,57,18,"Combretum indet","Indet indet","Strychnos madagascariensis","Senegalia nigrescens","Guibourtia conjugata",0.534246575342466,0.219178082191781,0.205479452054795,0.0273972602739726,0.0136986301369863,5,3.91206253248367,1.15008449412722,0.623381497466692,2.65520677628301,73,73,29,7,0.973854452704666,4.62917631335133,4.62917631335133,4.09554979298386,2.76781561051425,0.531041355256602,580.915542285418,580.915542285418,230.774667483248,55.7042300821634,7.7496875,36.837814635689,36.837814635689,32.5913497116185,22.0255767990127,-5.9273172722934,0.748921079254092,12.5643530677657,1.78885560481468,0.875549126370447,0.140541646599224,FALSE
"MAR_343","MAR_243","MTC_OF74","MAR",2014,"MOZ","Ryan C.","Woollen E.; ACES","circle",NA,NA,20,NA,NA,NA,NA,NA,5,NA,FALSE,NA,NA,NA,NA,NA,NA,FALSE,NA,NA,NA,NA,NA,NA,FALSE,NA,NA,NA,NA,NA,NA,FALSE,NA,TRUE,TRUE,TRUE,NA,NA,FALSE,NA,NA,FALSE,NA,NA,NA,33.041692,-23.400129,69.7099999999999,NA,NA,NA,NA,FALSE,NA,NA,NA,NA,NA,"mirror_densitometer","Densiometer recordings in 4 directions for each plot (standing in the centre, face N, S, E, W). An average is taken of the four readings",NA,FALSE,NA,NA,NA,NA,NA,NA,NA,NA,NA,NA,NA,FALSE,FALSE,NA,NA,NA,NA,NA,NA,"stem",NA,TRUE,NA,NA,NA,NA,NA,NA,NA,NA,NA,NA,NA,NA,NA,NA,NA,NA,NA,NA,NA,NA,NA,NA,NA,NA,NA,NA,NA,NA,NA,NA,NA,NA,NA,NA,NA,NA,"30_moz_ryan_ACES_checkN.xlsx","30_mozambique_various_ACES_clean.csv","2017","https://doi.org/10.1111/j.1744-7429.2010.00713.x",FALSE,NA,0.125663706143592,NA,125.663706143592,25,5,9.81566265060241,8.4,4.46554511264865,9.81566265060241,8.4,4.46554511264865,14.4375,13.85,3.76321328036937,22.8333333333333,22.5,2.02072594216369,83,0,NA,NA,NA,NA,NA,NA,NA,NA,NA,NA,NA,NA,NA,NA,NA,83,83,32,3,0,0,NA,82,70,"Colophospermum mopane","Albizia petersiana","Guibourtia conjugata","Combretum indet","Glenniea africana",0.385542168674699,0.156626506024096,0.156626506024096,0.144578313253012,0.0963855421686747,9,6.34813073448652,1.70278110568087,0.771084337349398,4.36842105263158,83,83,32,3,0.756494725586259,2.84735381276489,2.84735381276489,2.34204172046907,0.667586056670438,0.485380116959064,660.493013831366,660.493013831366,254.647908947033,23.8732414637843,6.01999375,22.6585217016544,22.6585217016544,18.6373758370049,5.31248104291632,-4.62589630757223,0.357517817453223,11.1216197998258,2.34723267963597,0.552934497380492,0.186033174685131,FALSE
"MAR_344","MAR_243","MTC_SS120","MAR",2014,"MOZ","Ryan C.","Woollen E.; ACES","circle",NA,NA,20,NA,NA,NA,NA,NA,5,NA,FALSE,NA,NA,NA,NA,NA,NA,FALSE,NA,NA,NA,NA,NA,NA,FALSE,NA,NA,NA,NA,NA,NA,FALSE,NA,TRUE,TRUE,TRUE,NA,NA,FALSE,NA,NA,FALSE,NA,NA,NA,33.049441,-23.392543,76.03,NA,NA,NA,NA,FALSE,NA,NA,NA,NA,NA,"mirror_densitometer","Densiometer recordings in 4 directions for each plot (standing in the centre, face N, S, E, W). An average is taken of the four readings",NA,FALSE,NA,NA,NA,NA,NA,NA,NA,NA,NA,NA,NA,FALSE,FALSE,NA,NA,NA,NA,NA,NA,"stem",NA,TRUE,NA,NA,NA,NA,NA,NA,NA,NA,NA,NA,NA,NA,NA,NA,NA,NA,NA,NA,NA,NA,NA,NA,NA,NA,NA,NA,NA,NA,NA,NA,NA,NA,NA,NA,NA,NA,"30_moz_ryan_ACES_checkN.xlsx","30_mozambique_various_ACES_clean.csv","2017","https://doi.org/10.1111/j.1744-7429.2010.00713.x",FALSE,NA,0.125663706143592,NA,125.663706143592,36.9,5,8.79708737864078,6.2,5.93471766694994,8.79708737864078,6.2,5.93471766694994,18.9619047619048,17.4,6.24839788989755,26.9833333333333,26.9,5.69013766675875,103,0,NA,NA,NA,NA,NA,NA,NA,NA,NA,NA,NA,NA,NA,NA,NA,103,103,21,6,0,0,NA,97,67,"Guibourtia conjugata","Grewia indet","Boscia albitrunca","Spirostachys africana","Indet indet",0.378640776699029,0.29126213592233,0.087378640776699,0.0776699029126214,0.058252427184466,9,6.56877824966171,1.66774761413874,0.750494862852295,4.00793350963355,103,103,21,6,0.908200664031783,3.29446040897718,3.29446040897718,2.82424581708746,1.72834983247517,0.445325945514839,819.647956923261,819.647956923261,167.11269024649,47.7464829275686,7.22723125,26.2164829454633,26.2164829454633,22.4746341148039,13.7537709615236,-4.1307228936396,1.93162423686373,9.97424403583297,1.68859820082335,0.620878668605755,0.112749248372442,FALSE
"MAR_345","MAR_243","MTC_SS192","MAR",2014,"MOZ","Ryan C.","Woollen E.; ACES","circle",NA,NA,20,NA,NA,NA,NA,NA,5,NA,FALSE,NA,NA,NA,NA,NA,NA,FALSE,NA,NA,NA,NA,NA,NA,FALSE,NA,NA,NA,NA,NA,NA,FALSE,NA,TRUE,TRUE,TRUE,NA,NA,FALSE,NA,NA,FALSE,NA,NA,NA,32.993724,-23.389001,85.3799999999999,NA,NA,NA,NA,FALSE,NA,NA,NA,NA,NA,"mirror_densitometer","Densiometer recordings in 4 directions for each plot (standing in the centre, face N, S, E, W). An average is taken of the four readings",NA,FALSE,NA,NA,NA,NA,NA,NA,NA,NA,NA,NA,NA,FALSE,FALSE,NA,NA,NA,NA,NA,NA,"stem",NA,TRUE,NA,NA,NA,NA,NA,NA,NA,NA,NA,NA,NA,NA,NA,NA,NA,NA,NA,NA,NA,NA,NA,NA,NA,NA,NA,NA,NA,NA,NA,NA,NA,NA,NA,NA,NA,NA,"30_moz_ryan_ACES_checkN.xlsx","30_mozambique_various_ACES_clean.csv","2017","https://doi.org/10.1111/j.1744-7429.2010.00713.x",FALSE,NA,0.125663706143592,NA,125.663706143592,11.5,5,7.31851851851852,6.9,1.85161821888046,7.31851851851852,6.9,1.85161821888046,11.4,11.4,0.141421356237309,NA,NA,NA,27,0,NA,NA,NA,NA,NA,NA,NA,NA,NA,NA,NA,NA,NA,NA,NA,27,27,2,0,0,0,NA,20,14,"Indet indet","Strychnos madagascariensis","Combretum indet","Terminalia sericea","Dichrostachys cinerea",0.259259259259259,0.259259259259259,0.222222222222222,0.222222222222222,0.037037037037037,5,4.92592592592593,1.49050887646688,0.765432098765432,4.26315789473684,27,27,2,0,0.120580609230083,0.304387896746021,0.304387896746021,0.0600274250963913,0,0.852631578947369,214.859173174059,214.859173174059,15.9154943091895,0,0.95955,2.42224191922373,2.42224191922373,0.477683071258459,0,NA,NA,8.03670281764362,4.1933629864064,0.391704054862432,0.595185506975527,FALSE
"MAR_346","MAR_243","MBK_2284A","MAR",2014,"MOZ","Ryan C.","Woollen E.; ACES","circle",NA,NA,15,NA,NA,NA,NA,NA,5,NA,FALSE,NA,NA,NA,NA,NA,NA,FALSE,NA,NA,NA,NA,NA,NA,FALSE,NA,NA,NA,NA,NA,NA,FALSE,NA,FALSE,TRUE,TRUE,NA,NA,FALSE,NA,NA,FALSE,NA,NA,NA,32.730353,-23.387485,NA,NA,NA,NA,NA,FALSE,NA,NA,NA,NA,NA,"mirror_densitometer","Densiometer recordings in 4 directions for each plot (standing in the centre, face N, S, E, W). An average is taken of the four readings",NA,FALSE,NA,NA,NA,NA,NA,NA,NA,NA,NA,NA,NA,FALSE,FALSE,NA,NA,NA,NA,NA,NA,"stem",NA,TRUE,NA,NA,NA,NA,NA,NA,NA,NA,NA,NA,NA,NA,NA,NA,NA,NA,NA,NA,NA,NA,NA,NA,NA,NA,NA,NA,NA,NA,NA,NA,NA,NA,NA,NA,NA,NA,"30_moz_ryan_ACES_checkN.xlsx","30_mozambique_various_ACES_clean.csv","2017","https://doi.org/10.1111/j.1744-7429.2010.00713.x",FALSE,NA,0.0706858347057703,NA,94.2477796076938,31.9,5.4,10.5151898734177,9,4.84710033878556,10.5151898734177,9,4.84710033878556,14.4942857142857,13.9,4.74266882282805,25.9,25.45,4.56143252352445,79,0,NA,NA,NA,NA,NA,NA,NA,NA,NA,NA,NA,NA,NA,NA,NA,79,79,35,4,0,0,NA,76,76,"Guibourtia conjugata","Diospyros natalensis","Pterocarpus lucens","Indet indet","Commiphora pyracanthoides",0.594936708860759,0.265822784810127,0.0759493670886076,0.0379746835443038,0.0126582278481013,6,4.22626457690342,1.09174782520199,0.567857715109758,2.31405265109381,79,79,35,4,0.829971865364744,2.74119220884382,2.74119220884382,2.29710210196109,0.966068145059421,0.385675441848968,1117.62137815642,1117.62137815642,495.148711841452,56.5884242104517,11.7417,38.7799368891098,38.7799368891098,32.4973470501236,13.6670685022067,-6.16907132532758,0.600784440057817,11.8960324847557,2.27720007680726,0.625232825113646,0.1754283742983,FALSE
"MAR_347","MAR_243","MTC_CF59","MAR",2014,"MOZ","Ryan C.","Woollen E.; ACES","circle",NA,NA,20,NA,NA,NA,NA,NA,5,NA,FALSE,NA,NA,NA,NA,NA,NA,FALSE,NA,NA,NA,NA,NA,NA,FALSE,NA,NA,NA,NA,NA,NA,FALSE,NA,TRUE,TRUE,TRUE,NA,NA,FALSE,NA,NA,FALSE,NA,NA,NA,33.052171,-23.387443,82.9899999999999,NA,NA,NA,NA,FALSE,NA,NA,NA,NA,0.9025,"mirror_densitometer","Densiometer recordings in 4 directions for each plot (standing in the centre, face N, S, E, W). An average is taken of the four readings",NA,FALSE,NA,NA,NA,NA,NA,NA,NA,NA,NA,NA,NA,TRUE,FALSE,NA,NA,NA,NA,NA,NA,"stem",NA,TRUE,NA,NA,NA,NA,NA,NA,NA,NA,NA,NA,NA,NA,NA,NA,NA,NA,NA,NA,NA,NA,NA,NA,NA,NA,NA,NA,NA,NA,NA,NA,NA,NA,NA,NA,NA,NA,"30_moz_ryan_ACES_checkN.xlsx","30_mozambique_various_ACES_clean.csv","2017","https://doi.org/10.1111/j.1744-7429.2010.00713.x",FALSE,NA,0.125663706143592,NA,125.663706143592,38.1,5,12.1839694656489,11,5.89810433594428,12.1839694656489,11,5.89810433594428,15.581935483871,14.3,5.40809243283104,27.0578947368421,27.1,5.41759641143496,262,0,NA,NA,NA,NA,NA,NA,NA,NA,NA,NA,NA,NA,NA,NA,NA,262,262,155,19,0,0,NA,262,262,"Androstachys johnsonii","Strophanthus petersianus",NA,NA,NA,0.988549618320611,0.0114503816793893,NA,NA,NA,2,1.26071300814654,0.0625647142718426,0.0226385408775711,1.02316291548666,262,262,155,19,3.7678094588225,14.500047401411,14.500047401411,13.3949565212243,5.64258182780571,0.51158145774333,2084.92975450383,2084.92975450383,1233.45080896219,151.197195937301,29.983275,115.387710950067,115.387710950067,106.593677142693,44.902239484789,-6.39398486588285,0.709971321269169,13.8076419453877,2.19242861428431,0.41320370928567,0.0961605881540246,FALSE
"MAR_348","MAR_243","MBK_3062B","MAR",2014,"MOZ","Ryan C.","Woollen E.; ACES","circle",NA,NA,25,NA,NA,NA,NA,NA,10,NA,TRUE,5,NA,NA,NA,NA,10,FALSE,NA,NA,NA,NA,NA,NA,FALSE,NA,NA,NA,NA,NA,NA,FALSE,NA,FALSE,TRUE,TRUE,NA,NA,FALSE,NA,NA,FALSE,NA,NA,NA,32.718211,-23.383115,NA,NA,NA,NA,NA,FALSE,NA,NA,NA,NA,NA,"mirror_densitometer","Densiometer recordings in 4 directions for each plot (standing in the centre, face N, S, E, W). An average is taken of the four readings",NA,FALSE,NA,NA,NA,NA,NA,NA,NA,NA,NA,NA,NA,FALSE,FALSE,NA,NA,NA,NA,NA,NA,"stem",NA,TRUE,NA,NA,NA,NA,NA,NA,NA,NA,NA,NA,NA,NA,NA,NA,NA,NA,NA,NA,NA,NA,NA,NA,NA,NA,NA,NA,NA,NA,NA,NA,NA,NA,NA,NA,NA,NA,"30_moz_ryan_ACES_checkN.xlsx","30_mozambique_various_ACES_clean.csv","2017","https://doi.org/10.1111/j.1744-7429.2010.00713.x",FALSE,NA,0.196349540849362,NA,157.07963267949,28,5.1,11.1378378378378,10.5,5.43193758671305,11.1378378378378,10.5,5.43193758671305,14.3619047619048,11.9,5.16781561538441,23.7375,22.45,3.24518874643679,74,0,NA,NA,NA,NA,NA,NA,NA,NA,NA,NA,NA,NA,NA,NA,NA,74,74,42,8,0,0,NA,74,74,"Guibourtia conjugata","Diospyros natalensis","Thilachium africanum","Albizia brevifolia","Aganope stuhlmannii",0.529411764705882,0.264705882352941,0.0941176470588235,0.0470588235294118,0.0352941176470588,7,4.90082620324203,1.2912374457649,0.636747404844291,2.75290531529815,170,170,42,8,1.26141071147305,3.73418427406993,3.73418427406993,2.61782360302266,1.43981428924732,0.393272187899736,865.802890419911,865.802890419911,213.904243515507,40.7436654315252,6.424312,19.018044340296,19.018044340296,13.3324661300381,7.33291396057774,-4.71051005579587,1.0380957377052,9.90596537278845,2.1607226355333,0.374831332519577,0.109795777683056,FALSE
"MAR_349","MAR_243","MTC_OF62","MAR",2014,"MOZ","Ryan C.","Woollen E.; ACES","circle",NA,NA,20,NA,NA,NA,NA,NA,5,NA,FALSE,NA,NA,NA,NA,NA,NA,FALSE,NA,NA,NA,NA,NA,NA,FALSE,NA,NA,NA,NA,NA,NA,FALSE,NA,TRUE,TRUE,TRUE,NA,NA,FALSE,NA,NA,FALSE,NA,NA,NA,33.047121,-23.381652,77.1599999999999,NA,NA,NA,NA,FALSE,NA,NA,NA,NA,0.305,"mirror_densitometer","Densiometer recordings in 4 directions for each plot (standing in the centre, face N, S, E, W). An average is taken of the four readings",NA,FALSE,NA,NA,NA,NA,NA,NA,NA,NA,NA,NA,NA,FALSE,FALSE,NA,NA,NA,NA,NA,NA,"stem",NA,TRUE,NA,NA,NA,NA,NA,NA,NA,NA,NA,NA,NA,NA,NA,NA,NA,NA,NA,NA,NA,NA,NA,NA,NA,NA,NA,NA,NA,NA,NA,NA,NA,NA,NA,NA,TRUE,NA,"30_moz_ryan_ACES_checkN.xlsx","30_mozambique_various_ACES_clean.csv","2017","https://doi.org/10.1111/j.1744-7429.2010.00713.x",FALSE,NA,0.125663706143592,NA,125.663706143592,39.1,5,8.83684210526316,6.4,6.1586136294223,8.83684210526316,6.4,6.1586136294223,17.5954545454545,15,7.86810785463196,30.04,31.6,6.65342017311397,95,0,NA,NA,NA,NA,NA,NA,NA,NA,NA,NA,NA,NA,NA,NA,NA,95,95,22,5,0,0,NA,94,69,"Combretum indet","Strychnos madagascariensis","Hymenocardia ulmoides","Grewia indet","Suregada zanzibariensis",0.147368421052632,0.136842105263158,0.126315789473684,0.115789473684211,0.115789473684211,15,10.5469030559074,2.4210982699423,0.897728531855956,9.77789815817985,95,95,22,5,0.862666420110653,3.07135345948858,3.07135345948858,2.60716349002718,1.70881823883029,0.65185987721199,755.985979686503,755.985979686503,175.070437401085,39.7887357729738,6.86488125,24.4410542530001,24.4410542530001,20.7471478443272,13.5983434777714,-6.53249541790692,2.08678019691671,10.0094249846461,1.65751396084679,0.661056846250018,0.112532136347119,FALSE
"MAR_350","MAR_243","MBK_3093A","MAR",2014,"MOZ","Ryan C.","Woollen E.; ACES","circle",NA,NA,10,NA,NA,NA,NA,NA,5,NA,FALSE,NA,NA,NA,NA,NA,NA,FALSE,NA,NA,NA,NA,NA,NA,FALSE,NA,NA,NA,NA,NA,NA,FALSE,NA,FALSE,TRUE,TRUE,NA,NA,FALSE,NA,NA,FALSE,NA,NA,NA,32.723016,-23.380427,NA,NA,NA,NA,NA,FALSE,NA,NA,NA,NA,NA,"mirror_densitometer","Densiometer recordings in 4 directions for each plot (standing in the centre, face N, S, E, W). An average is taken of the four readings",NA,FALSE,NA,NA,NA,NA,NA,NA,NA,NA,NA,NA,NA,FALSE,FALSE,NA,NA,NA,NA,NA,NA,"stem",NA,TRUE,NA,NA,NA,NA,NA,NA,NA,NA,NA,NA,NA,NA,NA,NA,NA,NA,NA,NA,NA,NA,NA,NA,NA,NA,NA,NA,NA,NA,NA,NA,NA,NA,NA,NA,NA,NA,"30_moz_ryan_ACES_checkN.xlsx","30_mozambique_various_ACES_clean.csv","2017","https://doi.org/10.1111/j.1744-7429.2010.00713.x",FALSE,NA,0.0314159265358979,NA,62.8318530717959,22,5.5,10.5819672131148,10.3,3.19309192876963,10.5819672131148,10.3,3.19309192876963,12.7176470588235,11.85,2.6647497566558,22,22,NA,61,0,NA,NA,NA,NA,NA,NA,NA,NA,NA,NA,NA,NA,NA,NA,NA,61,61,34,1,0,0,NA,61,61,"Androstachys johnsonii","Maerua nervosa",NA,NA,NA,0.967213114754098,0.0327868852459016,NA,NA,NA,2,1.65573770491803,0.144300035459257,0.0634238108035474,1.06771879483501,61,61,34,1,0.58452551452508,1.72730415165926,1.72730415165926,1.41738071602258,0.153783224916897,0.533859397417504,1941.69030572112,1941.69030572112,1082.25361302489,31.8309886183791,18.606025,54.9817987919449,54.9817987919449,45.1166294396248,4.89507208202738,-3.78086012016717,2.34625627153834,11.738715156441,3.36967634416392,0.473724199191273,0.301930073410077,FALSE
"MAR_351","MAR_243","MTC_SS112","MAR",2014,"MOZ","Ryan C.","Woollen E.; ACES","circle",NA,NA,20,NA,NA,NA,NA,NA,5,NA,FALSE,NA,NA,NA,NA,NA,NA,FALSE,NA,NA,NA,NA,NA,NA,FALSE,NA,NA,NA,NA,NA,NA,FALSE,NA,TRUE,TRUE,TRUE,NA,NA,FALSE,NA,NA,FALSE,NA,NA,NA,33.025597,-23.380407,83.26,NA,NA,NA,NA,FALSE,NA,NA,NA,NA,NA,"mirror_densitometer","Densiometer recordings in 4 directions for each plot (standing in the centre, face N, S, E, W). An average is taken of the four readings",NA,FALSE,NA,NA,NA,NA,NA,NA,NA,NA,NA,NA,NA,FALSE,FALSE,NA,NA,TRUE,NA,NA,NA,"stem",NA,TRUE,NA,NA,NA,NA,NA,NA,NA,NA,NA,NA,NA,NA,NA,NA,NA,NA,NA,NA,NA,NA,NA,NA,NA,NA,NA,NA,NA,NA,NA,NA,NA,NA,NA,NA,NA,NA,"30_moz_ryan_ACES_checkN.xlsx","30_mozambique_various_ACES_clean.csv","2017","https://doi.org/10.1111/j.1744-7429.2010.00713.x",FALSE,NA,0.125663706143592,NA,125.663706143592,33.3,5.3,13.69,7.45,10.2727741573973,13.69,7.45,10.2727741573973,24.8,23.4,6.38174479798955,26.7,26,6.27933117457584,10,0,NA,NA,NA,NA,NA,NA,NA,NA,NA,NA,NA,NA,NA,NA,NA,10,10,4,3,0,0,NA,9,9,"Berchemia discolor","Euclea natalensis","Manilkara mochisia","Sclerocarya birrea","Albizia versicolor",0.2,0.2,0.2,0.2,0.1,6,6,1.74806734854609,0.82,5.55555555555555,10,10,4,3,0.221790943556296,0.968784985840618,0.968784985840618,0.925699410067498,0.792975552056195,0.925925925925926,79.5774715459477,79.5774715459477,31.8309886183791,23.8732414637843,1.76495625,7.70934596448731,7.70934596448731,7.36648184647469,6.3102989430384,NA,NA,15.3043529851874,1.50278214438653,3.41938198135668,0.365377582927065,FALSE
"MAR_352","MAR_243","MBK_39B","MAR",2014,"MOZ","Ryan C.","Woollen E.; ACES","circle",NA,NA,25,NA,NA,NA,NA,NA,10,NA,TRUE,5,NA,NA,NA,NA,10,FALSE,NA,NA,NA,NA,NA,NA,FALSE,NA,NA,NA,NA,NA,NA,FALSE,NA,FALSE,TRUE,TRUE,NA,NA,FALSE,NA,NA,FALSE,NA,NA,NA,32.729541,-23.379055,NA,NA,NA,NA,NA,FALSE,NA,NA,NA,NA,NA,"mirror_densitometer","Densiometer recordings in 4 directions for each plot (standing in the centre, face N, S, E, W). An average is taken of the four readings",NA,FALSE,NA,NA,NA,NA,NA,NA,NA,NA,NA,NA,NA,FALSE,FALSE,NA,NA,NA,NA,NA,NA,"stem",NA,TRUE,NA,NA,NA,NA,NA,NA,NA,NA,NA,NA,NA,NA,NA,NA,NA,NA,NA,NA,NA,NA,NA,NA,NA,NA,NA,NA,NA,NA,NA,NA,NA,NA,NA,NA,NA,NA,"30_moz_ryan_ACES_checkN.xlsx","30_mozambique_various_ACES_clean.csv","2017","https://doi.org/10.1111/j.1744-7429.2010.00713.x",FALSE,NA,0.196349540849362,NA,157.07963267949,41,6.1,18.6483870967742,16,9.9307559620854,18.6483870967742,16,9.9307559620854,20.6884615384615,19.15,9.55080423516583,29.0583333333333,27.85,7.27617011312624,31,0,NA,NA,NA,NA,NA,NA,NA,NA,NA,NA,NA,NA,NA,NA,NA,31,31,26,12,2,0,NA,30,19,"Combretum indet","Guibourtia conjugata","Boscia albitrunca","Aganope stuhlmannii","Indet indet",0.434782608695652,0.304347826086957,0.173913043478261,0.0217391304347826,0.0217391304347826,7,5.1731327028091,1.36131573520361,0.686200378071834,3.18674698795181,46,46,26,12,1.15693940397241,5.06504428343055,5.06504428343055,4.77894942912598,4.00591033825763,0.455249569707401,234.27607623127,234.27607623127,132.416912652457,61.1154981472878,5.892244,25.7960587099942,25.7960587099942,24.3389895818109,20.4019338213321,-12.8482622433689,2.62061162698522,17.2208294856798,1.75590742162959,1.53766907803831,0.189890210133611,FALSE
"MAR_353","MAR_243","MTC_OF134","MAR",2014,"MOZ","Ryan C.","Woollen E.; ACES","circle",NA,NA,20,NA,NA,NA,NA,NA,5,NA,FALSE,NA,NA,NA,NA,NA,NA,FALSE,NA,NA,NA,NA,NA,NA,FALSE,NA,NA,NA,NA,NA,NA,FALSE,NA,TRUE,TRUE,TRUE,NA,NA,FALSE,NA,NA,FALSE,NA,NA,NA,33.057396,-23.378759,83.12,NA,NA,NA,NA,FALSE,NA,NA,NA,NA,0.795,"mirror_densitometer","Densiometer recordings in 4 directions for each plot (standing in the centre, face N, S, E, W). An average is taken of the four readings",NA,FALSE,NA,NA,NA,NA,NA,NA,NA,NA,NA,NA,NA,FALSE,FALSE,NA,NA,NA,NA,NA,NA,"stem",NA,TRUE,NA,NA,NA,NA,NA,NA,NA,NA,NA,NA,NA,NA,NA,NA,NA,NA,NA,NA,NA,NA,NA,NA,NA,NA,NA,NA,NA,NA,NA,NA,NA,NA,NA,NA,NA,NA,"30_moz_ryan_ACES_checkN.xlsx","30_mozambique_various_ACES_clean.csv","2017","https://doi.org/10.1111/j.1744-7429.2010.00713.x",FALSE,NA,0.125663706143592,NA,125.663706143592,38.1,5,9.49858657243816,8.2,4.40608035496733,9.49858657243816,8.2,4.40608035496733,14.1708333333333,12.75,4.53101398356905,25.1444444444444,23.9,4.98299887394908,283,0,NA,NA,NA,NA,NA,NA,NA,NA,NA,NA,NA,NA,NA,NA,NA,283,283,96,9,0,0,NA,283,274,"Androstachys johnsonii","Combretum indet","Colophospermum mopane",NA,NA,0.954063604240283,0.0318021201413428,0.0141342756183746,NA,NA,3,1.88109350243112,0.21472559880908,0.0885514864713006,1.09715467758949,283,283,96,9,2.43534456090505,9.88532795081333,9.88532795081333,7.66787850361093,2.69188753117018,0.365718225863163,2252.04244475032,2252.04244475032,763.943726841098,71.6197243913529,19.37985625,78.6649403728209,78.6649403728209,61.0190383438883,21.4213603416586,-4.51452807621584,0.0997291864693778,10.7431126862599,2.2465192808517,0.302444753813061,0.0899681647858534,FALSE
"MAR_354","MAR_243","MBK_4476A","MAR",2014,"MOZ","Ryan C.","Woollen E.; ACES","circle",NA,NA,10,NA,NA,NA,NA,NA,5,NA,FALSE,NA,NA,NA,NA,NA,NA,FALSE,NA,NA,NA,NA,NA,NA,FALSE,NA,NA,NA,NA,NA,NA,FALSE,NA,FALSE,TRUE,TRUE,NA,NA,FALSE,NA,NA,FALSE,NA,NA,NA,32.686445,-23.37729,NA,NA,NA,NA,NA,FALSE,NA,NA,NA,NA,NA,"mirror_densitometer","Densiometer recordings in 4 directions for each plot (standing in the centre, face N, S, E, W). An average is taken of the four readings",NA,FALSE,NA,NA,NA,NA,NA,NA,NA,NA,NA,NA,NA,FALSE,FALSE,NA,NA,NA,NA,NA,NA,"stem",NA,TRUE,NA,NA,NA,NA,NA,NA,NA,NA,NA,NA,NA,NA,NA,NA,NA,NA,NA,NA,NA,NA,NA,NA,NA,NA,NA,NA,NA,NA,NA,NA,NA,NA,NA,NA,NA,NA,"30_moz_ryan_ACES_checkN.xlsx","30_mozambique_various_ACES_clean.csv","2017","https://doi.org/10.1111/j.1744-7429.2010.00713.x",FALSE,NA,0.0314159265358979,NA,62.8318530717959,25.1,5,10.4928571428571,7.5,6.55843136565612,10.4928571428571,7.5,6.55843136565612,17.1,15.8,7.1739110671934,24.55,24.55,0.777817459305203,14,0,NA,NA,NA,NA,NA,NA,NA,NA,NA,NA,NA,NA,NA,NA,NA,14,14,5,2,0,0,NA,14,11,"Colophospermum mopane","Combretum indet","Dichrostachys cinerea","Senegalia burkei","Sclerocarya birrea",0.357142857142857,0.214285714285714,0.214285714285714,0.142857142857143,0.0714285714285714,5,5,1.49440321137961,0.755102040816326,4.08333333333333,14,14,5,2,0.164978382008778,0.592173946167771,0.592173946167771,0.504651718731937,0.37227571902482,0.816666666666667,445.633840657307,445.633840657307,159.154943091895,63.6619772367581,5.251425,18.8494821405669,18.8494821405669,16.0635631152017,11.8499041751779,NA,NA,11.926884024015,1.82509715140474,1.86076346984857,0.350009045191713,FALSE
"MAR_355","MAR_243","MTC_OF137","MAR",2014,"MOZ","Ryan C.","Woollen E.; ACES","circle",NA,NA,20,NA,NA,NA,NA,NA,5,NA,FALSE,NA,NA,NA,NA,NA,NA,FALSE,NA,NA,NA,NA,NA,NA,FALSE,NA,NA,NA,NA,NA,NA,FALSE,NA,TRUE,TRUE,TRUE,NA,NA,FALSE,NA,NA,FALSE,NA,NA,NA,33.022644,-23.375828,81.0799999999999,NA,NA,NA,NA,FALSE,NA,NA,NA,NA,0.7825,"mirror_densitometer","Densiometer recordings in 4 directions for each plot (standing in the centre, face N, S, E, W). An average is taken of the four readings",NA,FALSE,NA,NA,NA,NA,NA,NA,NA,NA,NA,NA,NA,TRUE,FALSE,NA,NA,NA,NA,NA,NA,"stem",NA,TRUE,NA,NA,NA,NA,NA,NA,NA,NA,NA,NA,NA,NA,NA,NA,NA,NA,NA,NA,NA,NA,NA,NA,NA,NA,NA,NA,NA,NA,NA,NA,NA,NA,NA,NA,NA,NA,"30_moz_ryan_ACES_checkN.xlsx","30_mozambique_various_ACES_clean.csv","2017","https://doi.org/10.1111/j.1744-7429.2010.00713.x",FALSE,NA,0.125663706143592,NA,125.663706143592,31.7,5,8.4835,7.1,4.47732172163169,8.4835,7.1,4.47732172163169,15.1525,13.1,6.03600256155321,27.7833333333333,28.45,3.85352652341549,200,0,NA,NA,NA,NA,NA,NA,NA,NA,NA,NA,NA,NA,NA,NA,NA,200,200,40,6,0,0,NA,189,169,"Guibourtia conjugata","Androstachys johnsonii","Combretum indet","Indet indet","Boscia albitrunca",0.455,0.26,0.1,0.055,0.035,12,6.36223691054283,1.60682169508978,0.7094,3.44115622849277,200,200,40,6,1.44381236633863,4.95479193698069,4.95479193698069,3.48331743876247,1.85689270812196,0.286763019041064,1591.54943091895,1591.54943091895,318.309886183791,47.7464829275686,11.48949375,39.4289814381172,39.4289814381172,27.7193594368624,14.7766826644453,-5.56348369022051,1.03122081754176,9.61387690174731,2.01994955754657,0.358740035260132,0.0929023109766992,FALSE
"MAR_356","MAR_243","MBK_40B","MAR",2014,"MOZ","Ryan C.","Woollen E.; ACES","circle",NA,NA,25,NA,NA,NA,NA,NA,10,NA,TRUE,5,NA,NA,NA,NA,10,FALSE,NA,NA,NA,NA,NA,NA,FALSE,NA,NA,NA,NA,NA,NA,FALSE,NA,FALSE,TRUE,TRUE,NA,NA,FALSE,NA,NA,FALSE,NA,NA,NA,32.721134,-23.375182,NA,NA,NA,NA,NA,FALSE,NA,NA,NA,NA,NA,"mirror_densitometer","Densiometer recordings in 4 directions for each plot (standing in the centre, face N, S, E, W). An average is taken of the four readings",NA,FALSE,NA,NA,NA,NA,NA,NA,NA,NA,NA,NA,NA,FALSE,FALSE,NA,NA,NA,NA,NA,NA,"stem",NA,TRUE,NA,NA,NA,NA,NA,NA,NA,NA,NA,NA,NA,NA,NA,NA,NA,NA,NA,NA,NA,NA,NA,NA,NA,NA,NA,NA,NA,NA,NA,NA,NA,NA,NA,NA,NA,NA,"30_moz_ryan_ACES_checkN.xlsx","30_mozambique_various_ACES_clean.csv","2017","https://doi.org/10.1111/j.1744-7429.2010.00713.x",FALSE,NA,0.196349540849362,NA,157.07963267949,32.6,5.1,14.331914893617,13.5,6.62026225616671,14.331914893617,13.5,6.62026225616671,16.0025641025641,13.9,6.00225778482727,29.02,31.9,4.60510586197538,47,0,NA,NA,NA,NA,NA,NA,NA,NA,NA,NA,NA,NA,NA,NA,NA,47,47,39,5,0,0,NA,47,39,"Strychnos madagascariensis","Guibourtia conjugata","Combretum indet","Aganope stuhlmannii","Gardenia indet",0.619718309859155,0.197183098591549,0.0563380281690141,0.0422535211267606,0.0422535211267606,8,5.35620553378874,1.22622920544265,0.569728228526086,2.32411249423698,71,71,39,5,0.990508820759509,3.66746547846876,3.66746547846876,3.47376040696473,1.58306329663451,0.290514061779622,361.600030704786,361.600030704786,198.625368978685,25.4647908947033,5.04462,18.67824830455,18.67824830455,17.6917164763313,8.06247516437546,-10.4714406790444,0.196227886946191,13.1417926961829,1.89685617985358,0.873263757740132,0.163517557825708,FALSE
"MAR_357","MAR_243","MTC_CF75","MAR",2014,"MOZ","Ryan C.","Woollen E.; ACES","circle",NA,NA,20,NA,NA,NA,NA,NA,5,NA,FALSE,NA,NA,NA,NA,NA,NA,FALSE,NA,NA,NA,NA,NA,NA,FALSE,NA,NA,NA,NA,NA,NA,FALSE,NA,TRUE,TRUE,TRUE,NA,NA,FALSE,NA,NA,FALSE,NA,NA,NA,33.006237,-23.374097,84.09,NA,NA,NA,NA,FALSE,NA,NA,NA,NA,NA,"mirror_densitometer","Densiometer recordings in 4 directions for each plot (standing in the centre, face N, S, E, W). An average is taken of the four readings",NA,FALSE,NA,NA,NA,NA,NA,NA,NA,NA,NA,NA,NA,TRUE,FALSE,NA,NA,NA,NA,NA,NA,"stem",NA,TRUE,NA,NA,NA,NA,NA,NA,NA,NA,NA,NA,NA,NA,NA,NA,NA,NA,NA,NA,NA,NA,NA,NA,NA,NA,NA,NA,NA,NA,NA,NA,NA,NA,NA,NA,NA,NA,"30_moz_ryan_ACES_checkN.xlsx","30_mozambique_various_ACES_clean.csv","2017","https://doi.org/10.1111/j.1744-7429.2010.00713.x",FALSE,NA,0.125663706143592,NA,125.663706143592,24.1,5,7.40269607843137,6.65,2.42098069064095,7.40269607843137,6.65,2.42098069064095,12.3411764705882,11.6,2.69808646789448,24.1,24.1,NA,408,0,NA,NA,NA,NA,NA,NA,NA,NA,NA,NA,NA,NA,NA,NA,NA,408,408,51,1,0,0,NA,404,404,"Androstachys johnsonii","Guibourtia conjugata","Indet indet",NA,NA,0.980392156862745,0.00980392156862745,0.00980392156862745,NA,NA,3,1.44845250051469,0.110100081923397,0.0386389850057671,1.04019196160768,408,408,51,1,1.9433774345382,5.06745968350608,5.06745968350608,2.11079913123443,0.205512272979596,0.346730653869226,3246.76083907466,3246.76083907466,405.845104884333,7.95774715459477,15.46490625,40.3255628774442,40.3255628774442,16.7972057805019,1.63541470553769,-2.53838084344018,0.112285262926026,8.2407204234675,2.93666654167517,0.14786016491008,0.0942354799169766,FALSE
"MAR_358","MAR_243","MTC_OF110","MAR",2014,"MOZ","Ryan C.","Woollen E.; ACES","circle",NA,NA,20,NA,NA,NA,NA,NA,5,NA,FALSE,NA,NA,NA,NA,NA,NA,FALSE,NA,NA,NA,NA,NA,NA,FALSE,NA,NA,NA,NA,NA,NA,FALSE,NA,TRUE,TRUE,TRUE,NA,NA,FALSE,NA,NA,FALSE,NA,NA,NA,33.029555,-23.372266,81.2999999999999,NA,NA,NA,NA,FALSE,NA,NA,NA,NA,NA,"mirror_densitometer","Densiometer recordings in 4 directions for each plot (standing in the centre, face N, S, E, W). An average is taken of the four readings",NA,FALSE,NA,NA,NA,NA,NA,NA,NA,NA,NA,NA,NA,TRUE,FALSE,NA,NA,NA,NA,NA,NA,"stem",NA,TRUE,NA,NA,NA,NA,NA,NA,NA,NA,NA,NA,NA,NA,NA,NA,NA,NA,NA,NA,NA,NA,NA,NA,NA,NA,NA,NA,NA,NA,NA,NA,NA,NA,NA,NA,NA,NA,"30_moz_ryan_ACES_checkN.xlsx","30_mozambique_various_ACES_clean.csv","2017","https://doi.org/10.1111/j.1744-7429.2010.00713.x",FALSE,NA,0.125663706143592,NA,125.663706143592,NA,NA,NA,NA,NA,NA,NA,NA,NA,NA,NA,NA,NA,NA,0,0,NA,NA,NA,NA,NA,NA,NA,NA,NA,NA,NA,NA,NA,NA,NA,0,0,0,0,0,0,NA,0,0,NA,NA,NA,NA,NA,NA,NA,NA,NA,NA,0,NA,NA,NA,NA,0,0,0,0,0,0,0,0,0,NA,0,0,0,0,0,0,0,0,0,NA,NA,NA,NA,NA,NA,FALSE
"MAR_359","MAR_243","MTC_SS180","MAR",2014,"MOZ","Ryan C.","Woollen E.; ACES","circle",NA,NA,20,NA,NA,NA,NA,NA,5,NA,FALSE,NA,NA,NA,NA,NA,NA,FALSE,NA,NA,NA,NA,NA,NA,FALSE,NA,NA,NA,NA,NA,NA,FALSE,NA,TRUE,TRUE,TRUE,NA,NA,FALSE,NA,NA,FALSE,NA,NA,NA,33.069222,-23.372017,78.8599999999999,NA,NA,NA,NA,FALSE,NA,NA,NA,NA,0.2775,"mirror_densitometer","Densiometer recordings in 4 directions for each plot (standing in the centre, face N, S, E, W). An average is taken of the four readings",NA,FALSE,NA,NA,NA,NA,NA,NA,NA,NA,NA,NA,NA,FALSE,FALSE,NA,NA,NA,NA,NA,NA,"stem",NA,TRUE,NA,NA,NA,NA,NA,NA,NA,NA,NA,NA,NA,NA,NA,NA,NA,NA,NA,NA,NA,NA,NA,NA,NA,NA,NA,NA,NA,NA,NA,NA,NA,NA,NA,NA,NA,NA,"30_moz_ryan_ACES_checkN.xlsx","30_mozambique_various_ACES_clean.csv","2017","https://doi.org/10.1111/j.1744-7429.2010.00713.x",FALSE,NA,0.125663706143592,NA,125.663706143592,18.5,5,8.39160839160839,8.1,2.80747233574713,8.39160839160839,8.1,2.80747233574713,12.1675675675676,11.2,2.18556553246447,NA,NA,NA,143,0,NA,NA,NA,NA,NA,NA,NA,NA,NA,NA,NA,NA,NA,NA,NA,143,143,37,0,0,0,NA,143,82,"Guibourtia conjugata","Combretum indet","Aganope stuhlmannii",NA,NA,0.566433566433566,0.426573426573427,0.00699300699300699,NA,NA,3,2.17482503223822,0.720091572616274,0.497139224411952,1.98862199747156,143,143,37,0,0.878794571396019,2.74672671537354,2.74672671537354,1.61071771082769,0,0.662873999157185,1137.95784310705,1137.95784310705,294.436644720006,0,6.993225,21.8577567037132,21.8577567037132,12.8176842801944,0,-3.22440941777832,0.401456643834228,9.37271360886224,3.09151030230385,0.269335815033387,0.184656769466544,FALSE
"MAR_360","MAR_243","MTC_CF110","MAR",2014,"MOZ","Ryan C.","Woollen E.; ACES","circle",NA,NA,20,NA,NA,NA,NA,NA,5,NA,FALSE,NA,NA,NA,NA,NA,NA,FALSE,NA,NA,NA,NA,NA,NA,FALSE,NA,NA,NA,NA,NA,NA,FALSE,NA,TRUE,TRUE,TRUE,NA,NA,FALSE,NA,NA,FALSE,NA,NA,NA,33.023199,-23.371733,89.8599999999999,NA,NA,NA,NA,FALSE,NA,NA,NA,NA,NA,"mirror_densitometer","Densiometer recordings in 4 directions for each plot (standing in the centre, face N, S, E, W). An average is taken of the four readings",NA,FALSE,NA,NA,NA,NA,NA,NA,NA,NA,NA,NA,NA,TRUE,FALSE,NA,NA,NA,NA,NA,NA,"stem",NA,TRUE,NA,NA,NA,NA,NA,NA,NA,NA,NA,NA,NA,NA,NA,NA,NA,NA,NA,NA,NA,NA,NA,NA,NA,NA,NA,NA,NA,NA,NA,NA,NA,NA,NA,NA,NA,NA,"30_moz_ryan_ACES_checkN.xlsx","30_mozambique_various_ACES_clean.csv","2017","https://doi.org/10.1111/j.1744-7429.2010.00713.x",FALSE,NA,0.125663706143592,NA,125.663706143592,25.5,5,11.358,11.1,4.47191526425236,11.358,11.1,4.47191526425236,14.5339130434783,14.1,3.11594335231377,21.7,21.2,1.93735214489605,200,0,NA,NA,NA,NA,NA,NA,NA,NA,NA,NA,NA,NA,NA,NA,NA,200,200,115,7,0,0,NA,200,200,"Androstachys johnsonii","Lannea schweinfurthii",NA,NA,NA,0.995,0.005,NA,NA,NA,2,1.125,0.0314790659471667,0.0099499999999999,1.01004999747487,200,200,115,7,2.33895028811679,4.66079957175839,4.66079957175839,4.19170801396781,0.653839348205231,0.505024998737437,1591.54943091895,1591.54943091895,915.140922778398,55.7042300821634,18.612775,37.0894645302969,37.0894645302969,33.3565525210444,5.20308821274228,-4.89139277191561,1.49965681312433,12.8002137418036,2.76119475343006,0.346822674003665,0.150056814855811,FALSE
"MAR_361","MAR_243","MTC_OF73","MAR",2014,"MOZ","Ryan C.","Woollen E.; ACES","circle",NA,NA,20,NA,NA,NA,NA,NA,5,NA,FALSE,NA,NA,NA,NA,NA,NA,FALSE,NA,NA,NA,NA,NA,NA,FALSE,NA,NA,NA,NA,NA,NA,FALSE,NA,TRUE,TRUE,TRUE,NA,NA,FALSE,NA,NA,FALSE,NA,NA,NA,33.061556,-23.371664,74.7199999999999,NA,NA,NA,NA,FALSE,NA,NA,NA,NA,0.1025,"mirror_densitometer","Densiometer recordings in 4 directions for each plot (standing in the centre, face N, S, E, W). An average is taken of the four readings",NA,FALSE,NA,NA,NA,NA,NA,NA,NA,NA,NA,NA,NA,FALSE,FALSE,NA,NA,NA,NA,NA,NA,"stem",NA,TRUE,NA,NA,NA,NA,NA,NA,NA,NA,NA,NA,NA,NA,NA,NA,NA,NA,NA,NA,NA,NA,NA,NA,NA,NA,NA,NA,NA,NA,NA,NA,NA,NA,NA,NA,NA,NA,"30_moz_ryan_ACES_checkN.xlsx","30_mozambique_various_ACES_clean.csv","2017","https://doi.org/10.1111/j.1744-7429.2010.00713.x",FALSE,NA,0.125663706143592,NA,125.663706143592,28.4,5,8.30672268907563,7.8,3.44722268688221,8.30672268907563,7.8,3.44722268688221,13.188,11.7,4.26393011199762,24.25,24.25,5.86898628384834,119,0,NA,NA,NA,NA,NA,NA,NA,NA,NA,NA,NA,NA,NA,NA,NA,119,119,25,2,0,0,NA,116,107,"Guibourtia conjugata","Albizia petersiana","Strychnos madagascariensis","Gardenia indet","Grewia indet",0.521008403361345,0.184873949579832,0.126050420168067,0.0336134453781513,0.0336134453781513,10,6.26348294266201,1.52086109875305,0.673681237200763,3.06448820601601,119,119,25,2,0.755037026594993,2.00580950692308,2.00580950692308,1.15854453989049,0.295041082269379,0.306448820601601,946.971911396777,946.971911396777,198.943678864869,15.9154943091895,6.00839375,15.9617248963763,15.9617248963763,9.21940451578482,2.34786233291771,-2.89309446866444,0.169500656548542,9.34468664682157,2.42480911312518,0.375979221130275,0.144318043314535,FALSE
"MAR_362","MAR_243","MBK_4148B","MAR",2014,"MOZ","Ryan C.","Woollen E.; ACES","circle",NA,NA,25,NA,NA,NA,NA,NA,10,NA,TRUE,5,NA,NA,NA,NA,10,FALSE,NA,NA,NA,NA,NA,NA,FALSE,NA,NA,NA,NA,NA,NA,FALSE,NA,FALSE,TRUE,TRUE,NA,NA,FALSE,NA,NA,FALSE,NA,NA,NA,32.707364,-23.370989,NA,NA,NA,NA,NA,FALSE,NA,NA,NA,NA,NA,"mirror_densitometer","Densiometer recordings in 4 directions for each plot (standing in the centre, face N, S, E, W). An average is taken of the four readings",NA,FALSE,NA,NA,NA,NA,NA,NA,NA,NA,NA,NA,NA,FALSE,FALSE,NA,NA,NA,NA,NA,NA,"stem",NA,TRUE,NA,NA,NA,NA,NA,NA,NA,NA,NA,NA,NA,NA,NA,NA,NA,NA,NA,NA,NA,NA,NA,NA,NA,NA,NA,NA,NA,NA,NA,NA,NA,NA,NA,NA,NA,NA,"30_moz_ryan_ACES_checkN.xlsx","30_mozambique_various_ACES_clean.csv","2017","https://doi.org/10.1111/j.1744-7429.2010.00713.x",FALSE,NA,0.196349540849362,NA,157.07963267949,31.1,5.6,16.2235294117647,17,8.12715582259291,16.2235294117647,17,8.12715582259291,19.3538461538462,18.7,6.54594217621566,25.1,23.55,3.7899868073649,17,0,NA,NA,NA,NA,NA,NA,NA,NA,NA,NA,NA,NA,NA,NA,NA,17,17,13,6,0,0,NA,17,12,"Combretum indet","Strychnos madagascariensis","Boscia albitrunca","Guibourtia conjugata","Aganope stuhlmannii",0.586206896551724,0.137931034482759,0.103448275862069,0.103448275862069,0.0344827586206897,6,5.72190644604438,1.28793451876427,0.613555291319857,2.58769230769231,29,29,13,6,0.469210999980577,1.8461194389678,1.8461194389678,1.73624162787849,1.33670534846524,0.431282051282051,147.695787189279,147.695787189279,66.2084563262285,30.5577490736439,2.389672,9.4022090959924,9.4022090959924,8.84260599932098,6.80778443729975,-6.5281766762149,3.92363798163957,13.5767503355223,1.66325230479952,1.61090974487956,0.23281616451974,FALSE
"MAR_363","MAR_243","MBK_19B","MAR",2014,"MOZ","Ryan C.","Woollen E.; ACES","circle",NA,NA,25,NA,NA,NA,NA,NA,10,NA,TRUE,5,NA,NA,NA,NA,10,FALSE,NA,NA,NA,NA,NA,NA,FALSE,NA,NA,NA,NA,NA,NA,FALSE,NA,FALSE,TRUE,TRUE,NA,NA,FALSE,NA,NA,FALSE,NA,NA,NA,32.676795,-23.370799,NA,NA,NA,NA,NA,FALSE,NA,NA,NA,NA,NA,"mirror_densitometer","Densiometer recordings in 4 directions for each plot (standing in the centre, face N, S, E, W). An average is taken of the four readings",NA,FALSE,NA,NA,NA,NA,NA,NA,NA,NA,NA,NA,NA,FALSE,FALSE,NA,NA,NA,NA,NA,NA,"stem",NA,TRUE,NA,NA,NA,NA,NA,NA,NA,NA,NA,NA,NA,NA,NA,NA,NA,NA,NA,NA,NA,NA,NA,NA,NA,NA,NA,NA,NA,NA,NA,NA,NA,NA,NA,NA,NA,NA,"30_moz_ryan_ACES_checkN.xlsx","30_mozambique_various_ACES_clean.csv","2017","https://doi.org/10.1111/j.1744-7429.2010.00713.x",FALSE,NA,0.196349540849362,NA,157.07963267949,70,5.2,15.0772727272727,12.85,10.4412760118313,15.0772727272727,12.85,10.4412760118313,17.5529411764706,14.7,10.6707704115715,32.6666666666667,24.6,18.9284838272906,66,0,NA,NA,NA,NA,NA,NA,NA,NA,NA,NA,NA,NA,NA,NA,NA,66,66,51,9,2,2,NA,65,64,"Androstachys johnsonii","Guibourtia conjugata","Indet indet","Albizia brevifolia","Croton pseudopulchellus",0.837837837837838,0.0810810810810811,0.036036036036036,0.018018018018018,0.00900900900900901,7,3.63140451362249,0.671347806133251,0.289586884181479,1.40763166914201,111,111,51,9,1.89586163105081,7.20868452146197,7.20868452146197,6.80165221953309,4.679442890072,0.201090238448858,565.318357862412,565.318357862412,259.740867125973,45.8366236104659,9.655544,36.7135287929826,36.7135287929826,34.6405303017809,23.8322069398779,-5.83014650161575,0.409471220580175,13.1189538648913,1.53926732779939,0.861005645226197,0.0943534365776996,FALSE
"MAR_364","MAR_243","MBK_3663A","MAR",2014,"MOZ","Ryan C.","Woollen E.; ACES","circle",NA,NA,15,NA,NA,NA,NA,NA,5,NA,FALSE,NA,NA,NA,NA,NA,NA,FALSE,NA,NA,NA,NA,NA,NA,FALSE,NA,NA,NA,NA,NA,NA,FALSE,NA,FALSE,TRUE,TRUE,NA,NA,FALSE,NA,NA,FALSE,NA,NA,NA,32.717715,-23.369919,NA,NA,NA,NA,NA,FALSE,NA,NA,NA,NA,NA,"mirror_densitometer","Densiometer recordings in 4 directions for each plot (standing in the centre, face N, S, E, W). An average is taken of the four readings",NA,FALSE,NA,NA,NA,NA,NA,NA,NA,NA,NA,NA,NA,FALSE,FALSE,NA,NA,NA,NA,NA,NA,"stem",NA,TRUE,NA,NA,NA,NA,NA,NA,NA,NA,NA,NA,NA,NA,NA,NA,NA,NA,NA,NA,NA,NA,NA,NA,NA,NA,NA,NA,NA,NA,NA,NA,NA,NA,NA,NA,NA,NA,"30_moz_ryan_ACES_checkN.xlsx","30_mozambique_various_ACES_clean.csv","2017","https://doi.org/10.1111/j.1744-7429.2010.00713.x",FALSE,NA,0.0706858347057703,NA,94.2477796076938,18.5,5.5,12.1518518518519,13,3.56989230287568,12.1518518518519,13,3.56989230287568,14,13.5,2.33547520741378,NA,NA,NA,27,0,NA,NA,NA,NA,NA,NA,NA,NA,NA,NA,NA,NA,NA,NA,NA,27,27,19,0,0,0,NA,27,27,"Guibourtia conjugata","Pterocarpus lucens","Ozoroa obovata",NA,NA,0.555555555555556,0.407407407407407,0.037037037037037,NA,NA,3,2.92592592592593,0.814444235733395,0.52400548696845,2.10086455331412,27,27,19,0,0.339163986687064,0.981374525259524,0.981374525259524,0.900962012930039,0,0.70028818443804,381.971863420549,381.971863420549,268.795014999645,0,4.79818888888889,13.8836094861791,13.8836094861791,12.7460051462969,0,NA,NA,13.4431963135873,3.99459363089387,0.681747742596012,0.618858418821265,FALSE
"MAR_365","MAR_243","MTC_SS130","MAR",2014,"MOZ","Ryan C.","Woollen E.; ACES","circle",NA,NA,20,NA,NA,NA,NA,NA,5,NA,FALSE,NA,NA,NA,NA,NA,NA,FALSE,NA,NA,NA,NA,NA,NA,FALSE,NA,NA,NA,NA,NA,NA,FALSE,NA,TRUE,TRUE,TRUE,NA,NA,FALSE,NA,NA,FALSE,NA,NA,NA,32.995358,-23.36974,79.6299999999999,NA,NA,NA,NA,FALSE,NA,NA,NA,NA,NA,"mirror_densitometer","Densiometer recordings in 4 directions for each plot (standing in the centre, face N, S, E, W). An average is taken of the four readings",NA,FALSE,NA,NA,NA,NA,NA,NA,NA,NA,NA,NA,NA,FALSE,FALSE,NA,NA,NA,NA,NA,NA,"stem",NA,TRUE,NA,NA,NA,NA,NA,NA,NA,NA,NA,NA,NA,NA,NA,NA,NA,NA,NA,NA,NA,NA,NA,NA,NA,NA,NA,NA,NA,NA,NA,NA,NA,NA,NA,NA,NA,NA,"30_moz_ryan_ACES_checkN.xlsx","30_mozambique_various_ACES_clean.csv","2017","https://doi.org/10.1111/j.1744-7429.2010.00713.x",FALSE,NA,0.125663706143592,NA,125.663706143592,25,5,7.40761904761905,6.4,3.13327965428262,7.40761904761905,6.4,3.13327965428262,15.39,14.25,4.26938715352293,25,25,NA,105,0,NA,NA,NA,NA,NA,NA,NA,NA,NA,NA,NA,NA,NA,NA,NA,105,105,10,1,0,0,NA,105,100,"Guibourtia conjugata","Grewia indet","Commiphora pyracanthoides","Lannea schweinfurthii","Vachellia nilotica",0.857142857142857,0.0476190476190476,0.019047619047619,0.019047619047619,0.019047619047619,9,3.96715434153166,0.680732321821771,0.261587301587302,1.3542562338779,105,105,10,1,0.532708870694934,1.38990663706395,1.38990663706395,0.656844066803768,0.130383187547955,0.150472914875322,835.56345123245,835.56345123245,79.5774715459477,7.95774715459477,4.2391625,11.060525586248,11.060525586248,5.22699900362014,1.03755643971674,-2.58516660783622,0.893718696308714,8.33810616781257,2.37069045050505,0.366068970281683,0.147389423365922,FALSE
"MAR_366","MAR_243","MTC_OF135","MAR",2014,"MOZ","Ryan C.","Woollen E.; ACES","circle",NA,NA,20,NA,NA,NA,NA,NA,5,NA,FALSE,NA,NA,NA,NA,NA,NA,FALSE,NA,NA,NA,NA,NA,NA,FALSE,NA,NA,NA,NA,NA,NA,FALSE,NA,TRUE,TRUE,TRUE,NA,NA,FALSE,NA,NA,FALSE,NA,NA,NA,33.083167,-23.369081,78.98,NA,NA,NA,NA,FALSE,NA,NA,NA,NA,0.5025,"mirror_densitometer","Densiometer recordings in 4 directions for each plot (standing in the centre, face N, S, E, W). An average is taken of the four readings",NA,FALSE,NA,NA,NA,NA,NA,NA,NA,NA,NA,NA,NA,FALSE,FALSE,NA,NA,NA,NA,NA,NA,"stem",NA,TRUE,NA,NA,NA,NA,NA,NA,NA,NA,NA,NA,NA,NA,NA,NA,NA,NA,NA,NA,NA,NA,NA,NA,NA,NA,NA,NA,NA,NA,NA,NA,NA,NA,NA,NA,NA,NA,"30_moz_ryan_ACES_checkN.xlsx","30_mozambique_various_ACES_clean.csv","2017","https://doi.org/10.1111/j.1744-7429.2010.00713.x",FALSE,NA,0.125663706143592,NA,125.663706143592,16.2,5,6.99642857142857,6.15,2.6423169046007,6.99642857142857,6.15,2.6423169046007,13.5666666666667,12.4,2.28546129552293,NA,NA,NA,28,0,NA,NA,NA,NA,NA,NA,NA,NA,NA,NA,NA,NA,NA,NA,NA,28,28,3,0,0,0,NA,28,6,"Combretum indet","Terminalia sericea","Diospyros diospyros",NA,NA,0.785714285714286,0.142857142857143,0.0714285714285714,NA,NA,3,2.99206349206349,0.655975732336547,0.357142857142857,1.55555555555556,28,28,3,0,0.12245221305346,0.376800759478727,0.376800759478727,0.174203993302211,0,0.518518518518519,222.816920328653,222.816920328653,23.8732414637843,0,0.97444375,2.99848517159099,2.99848517159099,1.38627133201972,0,NA,NA,7.85207168554373,2.68846743000397,0.588877036520337,0.341130066540303,FALSE
"MAR_367","MAR_243","MTC_OF79","MAR",2014,"MOZ","Ryan C.","Woollen E.; ACES","circle",NA,NA,20,NA,NA,NA,NA,NA,5,NA,FALSE,NA,NA,NA,NA,NA,NA,FALSE,NA,NA,NA,NA,NA,NA,FALSE,NA,NA,NA,NA,NA,NA,FALSE,NA,TRUE,TRUE,TRUE,NA,NA,FALSE,NA,NA,FALSE,NA,NA,NA,33.01916,-23.365492,82.37,NA,NA,NA,NA,FALSE,NA,NA,NA,NA,0.655,"mirror_densitometer","Densiometer recordings in 4 directions for each plot (standing in the centre, face N, S, E, W). An average is taken of the four readings",NA,FALSE,NA,NA,NA,NA,NA,NA,NA,NA,NA,NA,NA,FALSE,FALSE,NA,NA,NA,NA,NA,NA,"stem",NA,TRUE,NA,NA,NA,NA,NA,NA,NA,NA,NA,NA,NA,NA,NA,NA,NA,NA,NA,NA,NA,NA,NA,NA,NA,NA,NA,NA,NA,NA,NA,NA,NA,NA,NA,NA,NA,NA,"30_moz_ryan_ACES_checkN.xlsx","30_mozambique_various_ACES_clean.csv","2017","https://doi.org/10.1111/j.1744-7429.2010.00713.x",FALSE,NA,0.125663706143592,NA,125.663706143592,24.2,5,7.16909090909091,6.4,2.63546677917294,7.16909090909091,6.4,2.63546677917294,12.7277777777778,11.35,4.15901650641754,23.3,23.3,1.27279220613579,165,0,NA,NA,NA,NA,NA,NA,NA,NA,NA,NA,NA,NA,NA,NA,NA,165,165,18,2,0,0,NA,164,119,"Guibourtia conjugata","Androstachys johnsonii","Combretum indet","Senegalia nigrescens","Commiphora pyracanthoides",0.363636363636364,0.296969696969697,0.272727272727273,0.0242424242424242,0.0181818181818182,8,4.45992901502161,1.36117584328231,0.704058769513315,3.3790492739233,165,165,18,2,0.755506694696705,2.19657929613861,2.19657929613861,0.96116785290149,0.420138070878196,0.422381159240412,1313.02828050814,1313.02828050814,143.239448782706,15.9154943091895,6.01213125,17.4798226436888,17.4798226436888,7.6487307465148,3.3433525380679,-3.46196406860551,0.796172386289746,8.00915646827413,2.5833588092988,0.257142653863844,0.123766169045103,FALSE
"MAR_368","MAR_243","MBK_3155A","MAR",2014,"MOZ","Ryan C.","Woollen E.; ACES","circle",NA,NA,15,NA,NA,NA,NA,NA,5,NA,FALSE,NA,NA,NA,NA,NA,NA,FALSE,NA,NA,NA,NA,NA,NA,FALSE,NA,NA,NA,NA,NA,NA,FALSE,NA,FALSE,TRUE,TRUE,NA,NA,FALSE,NA,NA,FALSE,NA,NA,NA,32.727714,-23.364128,NA,NA,NA,NA,NA,FALSE,NA,NA,NA,NA,NA,"mirror_densitometer","Densiometer recordings in 4 directions for each plot (standing in the centre, face N, S, E, W). An average is taken of the four readings",NA,FALSE,NA,NA,NA,NA,NA,NA,NA,NA,NA,NA,NA,FALSE,FALSE,NA,NA,NA,NA,NA,NA,"stem",NA,TRUE,NA,NA,NA,NA,NA,NA,NA,NA,NA,NA,NA,NA,NA,NA,NA,NA,NA,NA,NA,NA,NA,NA,NA,NA,NA,NA,NA,NA,NA,NA,NA,NA,NA,NA,NA,NA,"30_moz_ryan_ACES_checkN.xlsx","30_mozambique_various_ACES_clean.csv","2017","https://doi.org/10.1111/j.1744-7429.2010.00713.x",FALSE,NA,0.0706858347057703,NA,94.2477796076938,95,5.1,14.2340425531915,11.3,13.4788606891091,14.2340425531915,11.3,13.4788606891091,18.548275862069,14,15.7078374589078,36.9166666666667,27.5,28.8243242187335,47,0,NA,NA,NA,NA,NA,NA,NA,NA,NA,NA,NA,NA,NA,NA,NA,47,47,29,6,1,1,NA,47,47,"Guibourtia conjugata","Boscia mossambicensis","Strychnos madagascariensis","Aganope stuhlmannii","Vitex harveyana",0.872340425531915,0.0425531914893617,0.0425531914893617,0.0212765957446809,0.0212765957446809,5,3.63644773358001,0.551657315388433,0.234495246717972,1.3063276167948,47,47,29,6,1.40427934978402,8.02796319833101,8.02796319833101,7.85348826205968,6.67683602260025,0.261265523358959,664.913984472807,664.913984472807,410.266075525775,84.8826363156775,19.8664888888889,113.572446753262,113.572446753262,111.104131326309,94.4579073076319,-8.22749276491967,2.05198282220952,15.84203606795,1.38773958662831,1.77359062004659,0.12699451244895,FALSE
"MAR_369","MAR_243","MBK_4487B","MAR",2014,"MOZ","Ryan C.","Woollen E.; ACES","circle",NA,NA,25,NA,NA,NA,NA,NA,10,NA,TRUE,5,NA,NA,NA,NA,10,FALSE,NA,NA,NA,NA,NA,NA,FALSE,NA,NA,NA,NA,NA,NA,FALSE,NA,FALSE,TRUE,TRUE,NA,NA,FALSE,NA,NA,FALSE,NA,NA,NA,32.667614,-23.36394,NA,NA,NA,NA,NA,FALSE,NA,NA,NA,NA,NA,"mirror_densitometer","Densiometer recordings in 4 directions for each plot (standing in the centre, face N, S, E, W). An average is taken of the four readings",NA,FALSE,NA,NA,NA,NA,NA,NA,NA,NA,NA,NA,NA,FALSE,FALSE,NA,NA,NA,NA,NA,NA,"stem",NA,TRUE,NA,NA,NA,NA,NA,NA,NA,NA,NA,NA,NA,NA,NA,NA,NA,NA,NA,NA,NA,NA,NA,NA,NA,NA,NA,NA,NA,NA,NA,NA,NA,NA,NA,NA,NA,NA,"30_moz_ryan_ACES_checkN.xlsx","30_mozambique_various_ACES_clean.csv","2017","https://doi.org/10.1111/j.1744-7429.2010.00713.x",FALSE,NA,0.196349540849362,NA,157.07963267949,78,11.1,26.29,16.45,19.1996957212731,26.29,16.45,19.1996957212731,26.29,16.45,19.1996957212731,47.3571428571429,42,19.0388074856644,20,0,NA,NA,NA,NA,NA,NA,NA,NA,NA,NA,NA,NA,NA,NA,NA,20,20,20,7,4,2,NA,20,20,"Colophospermum mopane","Senegalia nigrescens",NA,NA,NA,0.95,0.05,NA,NA,NA,2,2,0.198515243345873,0.0950000000000001,1.10497237569061,20,20,20,7,1.63576603366746,11.6368172334253,11.6368172334253,11.6368172334253,10.7089379153069,0.552486187845304,101.859163578813,101.859163578813,101.859163578813,35.6507072525846,8.330888,59.2658235058111,59.2658235058111,59.2658235058111,54.5401729435298,NA,NA,29.6409980654292,1.57543615262885,4.48097347287071,0.25279659121147,FALSE
"MAR_370","MAR_243","MBK_16B","MAR",2014,"MOZ","Ryan C.","Woollen E.; ACES","circle",NA,NA,25,NA,NA,NA,NA,NA,10,NA,TRUE,5,NA,NA,NA,NA,10,FALSE,NA,NA,NA,NA,NA,NA,FALSE,NA,NA,NA,NA,NA,NA,FALSE,NA,FALSE,TRUE,TRUE,NA,NA,FALSE,NA,NA,FALSE,NA,NA,NA,32.669909,-23.363916,NA,NA,NA,NA,NA,FALSE,NA,NA,NA,NA,NA,"mirror_densitometer","Densiometer recordings in 4 directions for each plot (standing in the centre, face N, S, E, W). An average is taken of the four readings",NA,FALSE,NA,NA,NA,NA,NA,NA,NA,NA,NA,NA,NA,FALSE,FALSE,NA,NA,NA,NA,NA,NA,"stem",NA,TRUE,NA,NA,NA,NA,NA,NA,NA,NA,NA,NA,NA,NA,NA,NA,NA,NA,NA,NA,NA,NA,NA,NA,NA,NA,NA,NA,NA,NA,NA,NA,NA,NA,NA,NA,NA,NA,"30_moz_ryan_ACES_checkN.xlsx","30_mozambique_various_ACES_clean.csv","2017","https://doi.org/10.1111/j.1744-7429.2010.00713.x",FALSE,NA,0.196349540849362,NA,157.07963267949,23,5,10.7059701492537,11,3.89894626778767,10.7059701492537,11,3.89894626778767,13.1285714285714,12.75,2.76213824156309,21.1,20.3,1.65227116418583,67,0,NA,NA,NA,NA,NA,NA,NA,NA,NA,NA,NA,NA,NA,NA,NA,67,67,42,3,0,0,NA,67,67,"Androstachys johnsonii","Boscia mossambicensis",NA,NA,NA,0.985915492957746,0.0140845070422535,NA,NA,NA,2,1.32214563979622,0.0740225961475812,0.0277722674072605,1.02856559885738,142,142,42,3,0.948379277876706,2.61503956194692,2.61503956194692,1.87862345485017,0.413369178503764,0.514282799428688,723.200061409572,723.200061409572,213.904243515507,15.278874536822,4.830056,13.318287125271,13.318287125271,9.5677506895289,2.10527193858272,-3.08354725423123,0.991324363330824,9.64530134310846,2.57753081618268,0.334125961317865,0.151831158755094,FALSE
"MAR_371","MAR_243","MBK_2294A","MAR",2014,"MOZ","Ryan C.","Woollen E.; ACES","circle",NA,NA,20,NA,NA,NA,NA,NA,5,NA,FALSE,NA,NA,NA,NA,NA,NA,FALSE,NA,NA,NA,NA,NA,NA,FALSE,NA,NA,NA,NA,NA,NA,FALSE,NA,FALSE,TRUE,TRUE,NA,NA,FALSE,NA,NA,FALSE,NA,NA,NA,32.737753,-23.362488,NA,NA,NA,NA,NA,FALSE,NA,NA,NA,NA,NA,"mirror_densitometer","Densiometer recordings in 4 directions for each plot (standing in the centre, face N, S, E, W). An average is taken of the four readings",NA,FALSE,NA,NA,NA,NA,NA,NA,NA,NA,NA,NA,NA,FALSE,FALSE,NA,NA,NA,NA,NA,NA,"stem",NA,TRUE,NA,NA,NA,NA,NA,NA,NA,NA,NA,NA,NA,NA,NA,NA,NA,NA,NA,NA,NA,NA,NA,NA,NA,NA,NA,NA,NA,NA,NA,NA,NA,NA,NA,NA,NA,NA,"30_moz_ryan_ACES_checkN.xlsx","30_mozambique_various_ACES_clean.csv","2017","https://doi.org/10.1111/j.1744-7429.2010.00713.x",FALSE,NA,0.125663706143592,NA,125.663706143592,39,6.3,12.6958333333333,10.9,7.19379041725403,12.6958333333333,10.9,7.19379041725403,15.284375,11.75,7.57423942205293,30.06,31.3,8.45062127893565,48,0,NA,NA,NA,NA,NA,NA,NA,NA,NA,NA,NA,NA,NA,NA,NA,48,48,32,5,0,0,NA,48,34,"Combretum indet","Strychnos madagascariensis","Aganope stuhlmannii","Diospyros natalensis","Manilkara mochisia",0.291666666666667,0.270833333333333,0.208333333333333,0.125,0.0625,6,5.66490693836867,1.60558261019859,0.776909722222222,4.48249027237354,48,48,32,5,0.798680817136826,3.51666152211278,3.51666152211278,3.33286894330613,2.11201540158632,0.747081712062257,381.971863420549,381.971863420549,254.647908947033,39.7887357729738,6.3557,27.9847032212659,27.9847032212659,26.5221283502316,16.8068845524338,-8.81890658271594,3.13072095448557,14.4165722197353,1.93445409269087,1.14636910634261,0.189203589767771,FALSE
"MAR_372","MAR_243","MBK_13A","MAR",2014,"MOZ","Ryan C.","Woollen E.; ACES","circle",NA,NA,10,NA,NA,NA,NA,NA,5,NA,FALSE,NA,NA,NA,NA,NA,NA,FALSE,NA,NA,NA,NA,NA,NA,FALSE,NA,NA,NA,NA,NA,NA,FALSE,NA,FALSE,TRUE,TRUE,NA,NA,FALSE,NA,NA,FALSE,NA,NA,NA,32.701395,-23.360939,NA,NA,NA,NA,NA,FALSE,NA,NA,NA,NA,NA,"mirror_densitometer","Densiometer recordings in 4 directions for each plot (standing in the centre, face N, S, E, W). An average is taken of the four readings",NA,FALSE,NA,NA,NA,NA,NA,NA,NA,NA,NA,NA,NA,FALSE,FALSE,NA,NA,NA,NA,NA,NA,"stem",NA,TRUE,NA,NA,NA,NA,NA,NA,NA,NA,NA,NA,NA,NA,NA,NA,NA,NA,NA,NA,NA,NA,NA,NA,NA,NA,NA,NA,NA,NA,NA,NA,NA,NA,NA,NA,NA,NA,"30_moz_ryan_ACES_checkN.xlsx","30_mozambique_various_ACES_clean.csv","2017","https://doi.org/10.1111/j.1744-7429.2010.00713.x",FALSE,NA,0.0314159265358979,NA,62.8318530717959,34,5.8,8.62622950819672,7.8,3.97751604393765,8.62622950819672,7.8,3.97751604393765,14.2727272727273,13,6.80941861087874,34,34,NA,61,0,NA,NA,NA,NA,NA,NA,NA,NA,NA,NA,NA,NA,NA,NA,NA,61,61,11,1,0,0,NA,61,61,"Androstachys johnsonii","Aganope stuhlmannii",NA,NA,NA,0.983606557377049,0.0163934426229508,NA,NA,NA,2,1.40983606557377,0.0836497046105893,0.0322493953238376,1.03332407664538,61,61,11,1,0.431054786406402,1.30420230735425,1.30420230735425,0.818787902680969,0.45182794950371,0.516662038322688,1941.69030572112,1941.69030572112,350.14087480217,31.8309886183791,13.7209,41.514048801457,41.514048801457,26.0628284111044,14.3821303181181,NA,NA,9.70161559525324,2.17975416982973,0.607570258190165,0.16666537141138,FALSE
"MAR_373","MAR_243","MBK_4275B","MAR",2014,"MOZ","Ryan C.","Woollen E.; ACES","circle",NA,NA,25,NA,NA,NA,NA,NA,10,NA,TRUE,5,NA,NA,NA,NA,10,FALSE,NA,NA,NA,NA,NA,NA,FALSE,NA,NA,NA,NA,NA,NA,FALSE,NA,FALSE,TRUE,TRUE,NA,NA,FALSE,NA,NA,FALSE,NA,NA,NA,32.673149,-23.357613,NA,NA,NA,NA,NA,FALSE,NA,NA,NA,NA,NA,"mirror_densitometer","Densiometer recordings in 4 directions for each plot (standing in the centre, face N, S, E, W). An average is taken of the four readings",NA,FALSE,NA,NA,NA,NA,NA,NA,NA,NA,NA,NA,NA,FALSE,FALSE,NA,NA,NA,NA,NA,NA,"stem",NA,TRUE,NA,NA,NA,NA,NA,NA,NA,NA,NA,NA,NA,NA,NA,NA,NA,NA,NA,NA,NA,NA,NA,NA,NA,NA,NA,NA,NA,NA,NA,NA,NA,NA,NA,NA,NA,NA,"30_moz_ryan_ACES_checkN.xlsx","30_mozambique_various_ACES_clean.csv","2017","https://doi.org/10.1111/j.1744-7429.2010.00713.x",FALSE,NA,0.196349540849362,NA,157.07963267949,40,9.5,19.4181818181818,15.2,9.77638155779716,19.4181818181818,15.2,9.77638155779716,20.41,15.65,9.70434610539697,33.6666666666667,33,6.02771377334171,11,0,NA,NA,NA,NA,NA,NA,NA,NA,NA,NA,NA,NA,NA,NA,NA,11,11,10,3,1,0,NA,5,4,"Indet indet","Combretum indet","Balanites maughamii","Senegalia nigrescens",NA,0.428571428571429,0.285714285714286,0.142857142857143,0.142857142857143,NA,4,4,1.27703425946614,0.693877551020408,3.26666666666667,14,14,10,3,0.422092607963874,1.80496164494046,1.80496164494046,1.71758327940208,1.30317971751044,0.816666666666667,71.3014145051691,71.3014145051691,50.9295817894065,15.278874536822,2.1497,9.1925941722737,9.1925941722737,8.74757981084254,6.63703980092436,2.44347227734205,10.1750528960635,19.6666301211641,2.03106994831187,2.75498828280197,0.39246118904151,FALSE
"MAR_374","MAR_243","MBK_22B","MAR",2014,"MOZ","Ryan C.","Woollen E.; ACES","circle",NA,NA,25,NA,NA,NA,NA,NA,10,NA,TRUE,5,NA,NA,NA,NA,10,FALSE,NA,NA,NA,NA,NA,NA,FALSE,NA,NA,NA,NA,NA,NA,FALSE,NA,FALSE,TRUE,TRUE,NA,NA,FALSE,NA,NA,FALSE,NA,NA,NA,32.690966,-23.35535,NA,NA,NA,NA,NA,FALSE,NA,NA,NA,NA,NA,"mirror_densitometer","Densiometer recordings in 4 directions for each plot (standing in the centre, face N, S, E, W). An average is taken of the four readings",NA,FALSE,NA,NA,NA,NA,NA,NA,NA,NA,NA,NA,NA,FALSE,FALSE,NA,NA,NA,NA,NA,NA,"stem",NA,TRUE,NA,NA,NA,NA,NA,NA,NA,NA,NA,NA,NA,NA,NA,NA,NA,NA,NA,NA,NA,NA,NA,NA,NA,NA,NA,NA,NA,NA,NA,NA,NA,NA,NA,NA,NA,NA,"30_moz_ryan_ACES_checkN.xlsx","30_mozambique_various_ACES_clean.csv","2017","https://doi.org/10.1111/j.1744-7429.2010.00713.x",FALSE,NA,0.196349540849362,NA,157.07963267949,42,5.4,15.4833333333333,11.5,9.37743205168974,15.4833333333333,11.5,9.37743205168974,17.9736842105263,14.9,8.99387705950017,28.95,26,7.64558696242479,24,0,NA,NA,NA,NA,NA,NA,NA,NA,NA,NA,NA,NA,NA,NA,NA,24,24,19,6,1,0,NA,24,12,"Combretum indet","Aganope stuhlmannii","Strychnos madagascariensis","Colophospermum mopane",NA,0.692307692307692,0.205128205128205,0.0769230769230769,0.0256410256410256,NA,4,3.60114752761811,0.870767682499905,0.472057856673241,1.89414694894147,39,39,19,6,0.653645265293036,3.19406264997545,3.19406264997545,3.06037923559681,2.39572846085129,0.473536737235367,198.625368978685,198.625368978685,96.7662053998724,30.5577490736439,3.328988,16.2672274972413,16.2672274972413,15.5863834585929,12.2013448592135,-7.17879203538072,1.44017872348449,13.3351529032959,1.55860197478909,1.45856235963309,0.177711575622498,FALSE
"MAR_375","MAR_243","MTC_OF124","MAR",2014,"MOZ","Ryan C.","Woollen E.; ACES","circle",NA,NA,20,NA,NA,NA,NA,NA,5,NA,FALSE,NA,NA,NA,NA,NA,NA,FALSE,NA,NA,NA,NA,NA,NA,FALSE,NA,NA,NA,NA,NA,NA,FALSE,NA,TRUE,TRUE,TRUE,NA,NA,FALSE,NA,NA,FALSE,NA,NA,NA,33.011742,-23.350566,85.0499999999999,NA,NA,NA,NA,FALSE,NA,NA,NA,NA,0.76,"mirror_densitometer","Densiometer recordings in 4 directions for each plot (standing in the centre, face N, S, E, W). An average is taken of the four readings",NA,FALSE,NA,NA,NA,NA,NA,NA,NA,NA,NA,NA,NA,FALSE,FALSE,NA,NA,NA,NA,NA,NA,"stem",NA,TRUE,NA,NA,NA,NA,NA,NA,NA,NA,NA,NA,NA,NA,NA,NA,NA,NA,NA,NA,NA,NA,NA,NA,NA,NA,NA,NA,NA,NA,NA,NA,NA,NA,NA,NA,NA,NA,"30_moz_ryan_ACES_checkN.xlsx","30_mozambique_various_ACES_clean.csv","2017","https://doi.org/10.1111/j.1744-7429.2010.00713.x",FALSE,NA,0.125663706143592,NA,125.663706143592,40.1,5,9.55756097560976,8,4.67454557951254,9.55756097560976,8,4.67454557951254,14.0691358024691,13,4.38590475202405,26.7,25.3,8.04114419718985,205,0,NA,NA,NA,NA,NA,NA,NA,NA,NA,NA,NA,NA,NA,NA,NA,205,205,81,5,1,0,NA,203,180,"Guibourtia conjugata","Combretum indet","Albizia petersiana","Croton pseudopulchellus","Hymenocardia ulmoides",0.648780487804878,0.11219512195122,0.0926829268292683,0.0536585365853659,0.024390243902439,10,5.60601076392419,1.27780932101222,0.553242117787031,2.23834886817577,205,205,81,5,1.82085217945554,6.07901344341068,6.07901344341068,5.08461229333687,1.50367173982644,0.223834886817577,1631.33816669193,1631.33816669193,644.577519522176,39.7887357729738,14.48988125,48.3752519320446,48.3752519320446,40.462059009519,11.9658395090484,-4.03096189751651,0.596788515449844,10.8203745234808,2.15241154522091,0.373131401206733,0.101827369368535,FALSE
"MAR_376","MAR_243","MTC_OF64","MAR",2014,"MOZ","Ryan C.","Woollen E.; ACES","circle",NA,NA,20,NA,NA,NA,NA,NA,5,NA,FALSE,NA,NA,NA,NA,NA,NA,FALSE,NA,NA,NA,NA,NA,NA,FALSE,NA,NA,NA,NA,NA,NA,FALSE,NA,TRUE,TRUE,TRUE,NA,NA,FALSE,NA,NA,FALSE,NA,NA,NA,33.00441,-23.347694,80.4,NA,NA,NA,NA,FALSE,NA,NA,NA,NA,0.71,"mirror_densitometer","Densiometer recordings in 4 directions for each plot (standing in the centre, face N, S, E, W). An average is taken of the four readings",NA,FALSE,NA,NA,NA,NA,NA,NA,NA,NA,NA,NA,NA,FALSE,FALSE,NA,NA,NA,NA,NA,NA,"stem",NA,TRUE,NA,NA,NA,NA,NA,NA,NA,NA,NA,NA,NA,NA,NA,NA,NA,NA,NA,NA,NA,NA,NA,NA,NA,NA,NA,NA,NA,NA,NA,NA,NA,NA,NA,NA,NA,NA,"30_moz_ryan_ACES_checkN.xlsx","30_mozambique_various_ACES_clean.csv","2017","https://doi.org/10.1111/j.1744-7429.2010.00713.x",FALSE,NA,0.125663706143592,NA,125.663706143592,30.4,5,8.17616580310881,7.2,3.78395073158106,8.17616580310881,7.2,3.78395073158106,13.6214285714286,12.15,4.60718080636938,24.775,24.25,4.80858607076966,193,0,NA,NA,NA,NA,NA,NA,NA,NA,NA,NA,NA,NA,NA,NA,NA,193,193,42,4,0,0,NA,179,155,"Guibourtia conjugata","Combretum indet","Croton pseudopulchellus","Indet indet","Strychnos madagascariensis",0.481865284974093,0.124352331606218,0.0829015544041451,0.0725388601036269,0.0725388601036269,15,7.91407860420561,1.83784016983765,0.730811565411152,3.71486985140122,193,193,42,4,1.22923451951498,3.75098334244612,3.75098334244612,2.51361167595584,0.923551642450433,0.247657990093414,1535.84520083679,1535.84520083679,334.22538049298,31.8309886183791,9.7819375,29.849377020283,29.849377020283,20.0026861620938,7.34939045483125,-3.38991028070044,0.20128577994853,9.24087141950191,2.23188529432802,0.317509022288132,0.105040578410529,FALSE
"MAR_377","MAR_243","MBK_4252B","MAR",2014,"MOZ","Ryan C.","Woollen E.; ACES","circle",NA,NA,25,NA,NA,NA,NA,NA,10,NA,TRUE,5,NA,NA,NA,NA,10,FALSE,NA,NA,NA,NA,NA,NA,FALSE,NA,NA,NA,NA,NA,NA,FALSE,NA,FALSE,TRUE,TRUE,NA,NA,FALSE,NA,NA,FALSE,NA,NA,NA,32.692808,-23.347324,NA,NA,NA,NA,NA,FALSE,NA,NA,NA,NA,NA,"mirror_densitometer","Densiometer recordings in 4 directions for each plot (standing in the centre, face N, S, E, W). An average is taken of the four readings",NA,FALSE,NA,NA,NA,NA,NA,NA,NA,NA,NA,NA,NA,FALSE,FALSE,NA,NA,NA,NA,NA,NA,"stem",NA,TRUE,NA,NA,NA,NA,NA,NA,NA,NA,NA,NA,NA,NA,NA,NA,NA,NA,NA,NA,NA,NA,NA,NA,NA,NA,NA,NA,NA,NA,NA,NA,NA,NA,NA,NA,NA,NA,"30_moz_ryan_ACES_checkN.xlsx","30_mozambique_various_ACES_clean.csv","2017","https://doi.org/10.1111/j.1744-7429.2010.00713.x",FALSE,NA,0.196349540849362,NA,157.07963267949,19.6,5.3,10.3864864864865,10.4,3.55232022472341,10.3864864864865,10.4,3.55232022472341,13.01,12.25,2.53914614740758,NA,NA,NA,37,0,NA,NA,NA,NA,NA,NA,NA,NA,NA,NA,NA,NA,NA,NA,NA,37,37,20,0,0,0,NA,36,16,"Combretum indet","Strychnos madagascariensis","Boscia albitrunca","Albizia brevifolia","Aganope stuhlmannii",0.670454545454545,0.204545454545455,0.0568181818181818,0.0227272727272727,0.0113636363636364,8,4.4456868916332,1.04512221497981,0.504390495867769,2.01771756122981,88,88,20,0,0.570210062200835,1.73937346335223,1.73937346335223,0.959700200446197,0,0.252214695153726,448.180319746777,448.180319746777,101.859163578813,0,2.904056,8.85855630641205,8.85855630641205,4.88771298519344,0,-3.52902263075103,0.0435977001241165,9.61233571049486,2.97725988581684,0.366134622759051,0.221768414490125,FALSE
"MAR_378","MAR_243","MTC_CF74","MAR",2014,"MOZ","Ryan C.","Woollen E.; ACES","circle",NA,NA,20,NA,NA,NA,NA,NA,5,NA,FALSE,NA,NA,NA,NA,NA,NA,FALSE,NA,NA,NA,NA,NA,NA,FALSE,NA,NA,NA,NA,NA,NA,FALSE,NA,TRUE,TRUE,TRUE,NA,NA,FALSE,NA,NA,FALSE,NA,NA,NA,33.008393,-23.34398,81.8299999999999,NA,NA,NA,NA,FALSE,NA,NA,NA,NA,0.3825,"mirror_densitometer","Densiometer recordings in 4 directions for each plot (standing in the centre, face N, S, E, W). An average is taken of the four readings",NA,FALSE,NA,NA,NA,NA,NA,NA,NA,NA,NA,NA,NA,FALSE,FALSE,NA,NA,NA,NA,NA,NA,"stem",NA,TRUE,NA,NA,NA,NA,NA,NA,NA,NA,NA,NA,NA,NA,NA,NA,NA,NA,NA,NA,NA,NA,NA,NA,NA,NA,NA,NA,NA,NA,NA,NA,NA,NA,NA,NA,NA,NA,"30_moz_ryan_ACES_checkN.xlsx","30_mozambique_various_ACES_clean.csv","2017","https://doi.org/10.1111/j.1744-7429.2010.00713.x",FALSE,NA,0.125663706143592,NA,125.663706143592,33.1,5,9.30245398773006,8.1,4.6323600219402,9.30245398773006,8.1,4.6323600219402,14.478431372549,13.1,4.97000256440538,29.075,29.9,4.10233673248146,163,0,NA,NA,NA,NA,NA,NA,NA,NA,NA,NA,NA,NA,NA,NA,NA,163,163,51,4,0,0,NA,160,152,"Guibourtia conjugata","Commiphora pyracanthoides","Croton pseudopulchellus","Hugonia orientalis","Manilkara mochisia",0.693251533742331,0.049079754601227,0.049079754601227,0.0429447852760736,0.0306748466257669,14,6.71917366976842,1.35072986783804,0.509541194625315,2.03890722124165,163,163,51,4,1.38085799115335,4.53116038872706,4.53116038872706,3.5026638805641,1.22471479900274,0.14563623008869,1297.11278619895,1297.11278619895,405.845104884333,31.8309886183791,10.98851875,36.0578286904053,36.0578286904053,27.8733135290608,9.74597070695412,-5.98615130245145,1.06689091115511,10.536623039077,2.12058525896034,0.414158285606743,0.111500074314874,FALSE
"MAR_379","MAR_243","MTC_CF57","MAR",2014,"MOZ","Ryan C.","Woollen E.; ACES","circle",NA,NA,20,NA,NA,NA,NA,NA,5,NA,FALSE,NA,NA,NA,NA,NA,NA,FALSE,NA,NA,NA,NA,NA,NA,FALSE,NA,NA,NA,NA,NA,NA,FALSE,NA,TRUE,TRUE,TRUE,NA,NA,FALSE,NA,NA,FALSE,NA,NA,NA,33.018669,-23.343418,86.8499999999999,NA,NA,NA,NA,FALSE,NA,NA,NA,NA,0.8625,"mirror_densitometer","Densiometer recordings in 4 directions for each plot (standing in the centre, face N, S, E, W). An average is taken of the four readings",NA,FALSE,NA,NA,NA,NA,NA,NA,NA,NA,NA,NA,NA,TRUE,FALSE,NA,NA,NA,NA,NA,NA,"stem",NA,TRUE,NA,NA,NA,NA,NA,NA,NA,NA,NA,NA,NA,NA,NA,NA,NA,NA,NA,NA,NA,NA,NA,NA,NA,NA,NA,NA,NA,NA,NA,NA,NA,NA,NA,NA,NA,NA,"30_moz_ryan_ACES_checkN.xlsx","30_mozambique_various_ACES_clean.csv","2017","https://doi.org/10.1111/j.1744-7429.2010.00713.x",FALSE,NA,0.125663706143592,NA,125.663706143592,64.4,5,9.39970149253731,8.6,4.68187675729581,9.39970149253731,8.6,4.68187675729581,13.54375,12.1,5.98015910556968,32.86,20.9,19.2853052866684,335,0,NA,NA,NA,NA,NA,NA,NA,NA,NA,NA,NA,NA,NA,NA,NA,335,335,112,5,1,1,NA,333,333,"Androstachys johnsonii","Manilkara mochisia","Guibourtia conjugata","Balanites maughamii","Indet indet",0.940298507462687,0.017910447761194,0.0149253731343284,0.00597014925373134,0.00597014925373134,9,2.35302109096127,0.33646781334455,0.115161505903319,1.13014974672964,335,335,112,5,2.89968923386522,9.33135999767644,9.33135999767644,7.12660263881358,2.81660853324979,0.125572194081071,2665.84529678925,2665.84529678925,891.267681314614,39.7887357729738,23.07499375,74.2566034700091,74.2566034700091,56.7117018709463,22.4138585410758,-3.33237863253543,0.315881532208429,10.5618224122716,2.04169038888053,0.300071976268709,0.0648864505548235,FALSE
"MAR_380","MAR_243","MBK_35B","MAR",2014,"MOZ","Ryan C.","Woollen E.; ACES","circle",NA,NA,25,NA,NA,NA,NA,NA,10,NA,TRUE,5,NA,NA,NA,NA,10,FALSE,NA,NA,NA,NA,NA,NA,FALSE,NA,NA,NA,NA,NA,NA,FALSE,NA,FALSE,TRUE,TRUE,NA,NA,FALSE,NA,NA,FALSE,NA,NA,NA,32.698212,-23.339742,NA,NA,NA,NA,NA,FALSE,NA,NA,NA,NA,NA,"mirror_densitometer","Densiometer recordings in 4 directions for each plot (standing in the centre, face N, S, E, W). An average is taken of the four readings",NA,FALSE,NA,NA,NA,NA,NA,NA,NA,NA,NA,NA,NA,FALSE,FALSE,NA,NA,NA,NA,NA,NA,"stem",NA,TRUE,NA,NA,NA,NA,NA,NA,NA,NA,NA,NA,NA,NA,NA,NA,NA,NA,NA,NA,NA,NA,NA,NA,NA,NA,NA,NA,NA,NA,NA,NA,NA,NA,NA,NA,NA,NA,"30_moz_ryan_ACES_checkN.xlsx","30_mozambique_various_ACES_clean.csv","2017","https://doi.org/10.1111/j.1744-7429.2010.00713.x",FALSE,NA,0.196349540849362,NA,157.07963267949,72,6,14.2491071428571,13.5,7.96266055785302,14.2491071428571,13.5,7.96266055785302,15.4031578947368,14.3,8.11232910689857,37.7333333333333,29.5,21.6760389985501,112,0,NA,NA,NA,NA,NA,NA,NA,NA,NA,NA,NA,NA,NA,NA,NA,112,112,95,6,2,1,NA,112,112,"Androstachys johnsonii","Senegalia nigrescens",NA,NA,NA,0.98159509202454,0.0184049079754601,NA,NA,NA,2,1.39520238906742,0.0917646345281327,0.0361323346757498,1.03748682103948,163,163,95,6,2.58672848610358,10.5383507670435,10.5383507670435,9.78630101807982,5.24283846923486,0.518743410519739,830.152183167326,830.152183167326,483.831026999362,30.5577490736439,13.1741,53.6713797315596,53.6713797315596,49.8412218116048,26.7015570627544,-3.98467366381756,1.44326065505664,13.8133530134728,1.84360192119611,0.624395547842455,0.087446100704229,FALSE
"MAR_381","MAR_243","MBK_36B","MAR",2014,"MOZ","Ryan C.","Woollen E.; ACES","circle",NA,NA,25,NA,NA,NA,NA,NA,10,NA,TRUE,5,NA,NA,NA,NA,10,FALSE,NA,NA,NA,NA,NA,NA,FALSE,NA,NA,NA,NA,NA,NA,FALSE,NA,FALSE,TRUE,TRUE,NA,NA,FALSE,NA,NA,FALSE,NA,NA,NA,32.711598,-23.332828,NA,NA,NA,NA,NA,FALSE,NA,NA,NA,NA,NA,"mirror_densitometer","Densiometer recordings in 4 directions for each plot (standing in the centre, face N, S, E, W). An average is taken of the four readings",NA,FALSE,NA,NA,NA,NA,NA,NA,NA,NA,NA,NA,NA,FALSE,FALSE,NA,NA,NA,NA,NA,NA,"stem",NA,TRUE,NA,NA,NA,NA,NA,NA,NA,NA,NA,NA,NA,NA,NA,NA,NA,NA,NA,NA,NA,NA,NA,NA,NA,NA,NA,NA,NA,NA,NA,NA,NA,NA,NA,NA,NA,NA,"30_moz_ryan_ACES_checkN.xlsx","30_mozambique_various_ACES_clean.csv","2017","https://doi.org/10.1111/j.1744-7429.2010.00713.x",FALSE,NA,0.196349540849362,NA,157.07963267949,33,5.2,13.2230158730159,13.1,4.80485026111595,13.2230158730159,13.1,4.80485026111595,14.7519607843137,13.9,3.98702674381207,25.5285714285714,25.3,4.18159231462302,126,0,NA,NA,NA,NA,NA,NA,NA,NA,NA,NA,NA,NA,NA,NA,NA,126,126,102,7,0,0,NA,126,126,"Androstachys johnsonii",NA,NA,NA,NA,1,NA,NA,NA,NA,1,1,0,0,1,198,198,102,7,2.2194040482679,7.23255587772808,7.23255587772808,6.49845995559033,1.61351652953682,1,1008.40571943025,1008.40571943025,519.481734251946,35.6507072525846,11.303332,36.8351046121205,36.8351046121205,33.0963847813421,8.21757220596048,-4.49037139429758,0.876921971035754,12.3006978172415,2.31871533207479,0.399998229408068,0.119950403624735,FALSE
"MAR_382","MAR_243","HCN_OF13","MAR",2014,"MOZ","Ryan C.","Woollen E.; ACES","circle",NA,NA,20,NA,NA,NA,NA,NA,5,NA,FALSE,NA,NA,NA,NA,NA,NA,FALSE,NA,NA,NA,NA,NA,NA,FALSE,NA,NA,NA,NA,NA,NA,FALSE,NA,TRUE,TRUE,TRUE,NA,NA,FALSE,NA,NA,FALSE,NA,NA,NA,32.53835,-23.243348,151.77,NA,NA,NA,NA,FALSE,NA,NA,NA,NA,0.555,"mirror_densitometer","Densiometer recordings in 4 directions for each plot (standing in the centre, face N, S, E, W). An average is taken of the four readings",NA,FALSE,NA,NA,NA,NA,NA,NA,NA,NA,NA,NA,NA,FALSE,FALSE,NA,NA,NA,NA,NA,NA,"stem",NA,TRUE,NA,NA,NA,NA,NA,NA,NA,NA,NA,NA,NA,NA,NA,NA,NA,NA,NA,NA,NA,NA,NA,NA,NA,NA,NA,NA,NA,NA,NA,NA,NA,NA,NA,NA,NA,NA,"30_moz_ryan_ACES_checkN.xlsx","30_mozambique_various_ACES_clean.csv","2017","https://doi.org/10.1111/j.1744-7429.2010.00713.x",FALSE,NA,0.125663706143592,NA,125.663706143592,58.9,5,8.81944444444444,7.15,6.44189642846077,8.81944444444444,7.15,6.44189642846077,15.3884615384615,11.5,10.5773466208904,40.5,36.2,16.6712327078714,108,0,NA,NA,NA,NA,NA,NA,NA,NA,NA,NA,NA,NA,NA,NA,NA,108,108,26,3,1,0,NA,92,27,"Combretum indet","Indet indet","Strychnos madagascariensis","Commiphora pyracanthoides","Diospyros natalensis",0.555555555555556,0.148148148148148,0.12962962962963,0.0648148148148148,0.0462962962962963,8,5.68160645005314,1.40266239421854,0.644718792866941,2.81467181467181,108,108,26,3,1.00851485905356,3.69695834466652,3.69695834466652,2.95119656221485,2.00309522626614,0.351833976833977,859.436692696235,859.436692696235,206.901426019464,23.8732414637843,8.02550625,29.4194597479254,29.4194597479254,23.4848760456151,15.9401253372017,-3.00127280815846,0.254636359392312,9.9570113900797,1.63702815530219,0.623748504859745,0.0947061130880589,FALSE
"MAR_383","MAR_243","HCN_CF22","MAR",2014,"MOZ","Ryan C.","Woollen E.; ACES","circle",NA,NA,20,NA,NA,NA,NA,NA,5,NA,FALSE,NA,NA,NA,NA,NA,NA,FALSE,NA,NA,NA,NA,NA,NA,FALSE,NA,NA,NA,NA,NA,NA,FALSE,NA,TRUE,TRUE,TRUE,NA,NA,FALSE,NA,NA,FALSE,NA,NA,NA,32.546455,-23.239398,145.21,NA,NA,NA,NA,FALSE,NA,NA,NA,NA,0.44,"mirror_densitometer","Densiometer recordings in 4 directions for each plot (standing in the centre, face N, S, E, W). An average is taken of the four readings",NA,FALSE,NA,NA,NA,NA,NA,NA,NA,NA,NA,NA,NA,FALSE,FALSE,NA,NA,NA,NA,NA,NA,"stem",NA,TRUE,NA,NA,NA,NA,NA,NA,NA,NA,NA,NA,NA,NA,NA,NA,NA,NA,NA,NA,NA,NA,NA,NA,NA,NA,NA,NA,NA,NA,NA,NA,NA,NA,NA,NA,NA,NA,"30_moz_ryan_ACES_checkN.xlsx","30_mozambique_various_ACES_clean.csv","2017","https://doi.org/10.1111/j.1744-7429.2010.00713.x",FALSE,NA,0.125663706143592,NA,125.663706143592,28.5,5,8.24873096446701,7,3.73630300109963,8.24873096446701,7,3.73630300109963,13.4851063829787,12.3,4.10905567927634,24.825,25.1,3.59293287811875,197,0,NA,NA,NA,NA,NA,NA,NA,NA,NA,NA,NA,NA,NA,NA,NA,197,197,47,4,0,0,NA,196,190,"Androstachys johnsonii","Strychnos madagascariensis","Strychnos decussata","Pterocarpus lucens","Balanites maughamii",0.472081218274112,0.248730964467005,0.0812182741116751,0.0406091370558376,0.0304568527918782,15,6.84161433181226,1.66827751042781,0.703754283800149,3.37557623727929,197,197,47,4,1.26765933926104,3.48242750340661,3.48242750340661,2.38015746402992,0.837549706737713,0.225038415818619,1567.67618945517,1567.67618945517,374.014116265954,31.8309886183791,10.0877125,27.7122775563165,27.7122775563165,18.9406912868716,6.66500879562372,-3.66577929744511,0.879605266756274,9.3190852811225,2.28034507399902,0.310017847686955,0.10776581533687,FALSE
"MAR_384","MAR_243","HCN_SS77","MAR",2014,"MOZ","Ryan C.","Woollen E.; ACES","circle",NA,NA,20,NA,NA,NA,NA,NA,5,NA,FALSE,NA,NA,NA,NA,NA,NA,FALSE,NA,NA,NA,NA,NA,NA,FALSE,NA,NA,NA,NA,NA,NA,FALSE,NA,TRUE,TRUE,TRUE,NA,NA,FALSE,NA,NA,FALSE,NA,NA,NA,32.563794,-23.23146,144.12,NA,NA,NA,NA,FALSE,NA,NA,NA,NA,NA,"mirror_densitometer","Densiometer recordings in 4 directions for each plot (standing in the centre, face N, S, E, W). An average is taken of the four readings",NA,FALSE,NA,NA,NA,NA,NA,NA,NA,NA,NA,NA,NA,TRUE,FALSE,NA,NA,TRUE,NA,NA,NA,"stem",NA,TRUE,NA,NA,NA,NA,NA,NA,NA,NA,NA,NA,NA,NA,NA,NA,NA,NA,NA,NA,NA,NA,NA,NA,NA,NA,NA,NA,NA,NA,NA,NA,NA,NA,NA,NA,NA,NA,"30_moz_ryan_ACES_checkN.xlsx","30_mozambique_various_ACES_clean.csv","2017","https://doi.org/10.1111/j.1744-7429.2010.00713.x",FALSE,NA,0.125663706143592,NA,125.663706143592,39,5,11.3557894736842,10,5.55220945180511,11.3557894736842,10,5.55220945180511,15.0826530612245,12.95,5.39683040827782,24.5588235294118,22.3,5.1621287788481,190,0,NA,NA,NA,NA,NA,NA,NA,NA,NA,NA,NA,NA,NA,NA,NA,190,190,98,17,0,0,NA,188,188,"Androstachys johnsonii","Guibourtia conjugata","Lannea schweinfurthii","Combretum molle","Adenium multiflorum",0.905263157894737,0.0263157894736842,0.0263157894736842,0.0157894736842105,0.0105263157894737,7,2.99128603264929,0.47054062624207,0.178614958448753,1.21745582085525,190,190,98,17,2.38192099243259,7.24084810134957,7.24084810134957,6.42591705816101,3.27834741539989,0.173922260122179,1511.97195937301,1511.97195937301,779.859221150287,135.281701628111,18.954725,57.6208383753675,57.6208383753675,51.1358231852428,26.0882598166716,-7.08059091466213,0.648884618814213,12.8699535639317,2.1685982868621,0.457678187825858,0.109678241066664,FALSE
"MAR_385","MAR_243","HCN_OF35","MAR",2014,"MOZ","Ryan C.","Woollen E.; ACES","circle",NA,NA,20,NA,NA,NA,NA,NA,5,NA,FALSE,NA,NA,NA,NA,NA,NA,FALSE,NA,NA,NA,NA,NA,NA,FALSE,NA,NA,NA,NA,NA,NA,FALSE,NA,TRUE,TRUE,TRUE,NA,NA,FALSE,NA,NA,FALSE,NA,NA,NA,32.582502,-23.227436,134.24,NA,NA,NA,NA,FALSE,NA,NA,NA,NA,0.2825,"mirror_densitometer","Densiometer recordings in 4 directions for each plot (standing in the centre, face N, S, E, W). An average is taken of the four readings",NA,FALSE,NA,NA,NA,NA,NA,NA,NA,NA,NA,NA,NA,FALSE,FALSE,NA,NA,NA,NA,NA,NA,"stem",NA,TRUE,NA,NA,NA,NA,NA,NA,NA,NA,NA,NA,NA,NA,NA,NA,NA,NA,NA,NA,NA,NA,NA,NA,NA,NA,NA,NA,NA,NA,NA,NA,NA,NA,NA,NA,NA,NA,"30_moz_ryan_ACES_checkN.xlsx","30_mozambique_various_ACES_clean.csv","2017","https://doi.org/10.1111/j.1744-7429.2010.00713.x",FALSE,NA,0.125663706143592,NA,125.663706143592,47.4,5,9.19683544303797,7.8,5.40692432776013,9.19683544303797,7.8,5.40692432776013,15.3244444444444,12.9,6.68081226538005,27.9833333333333,25.6,9.85279994045686,158,0,NA,NA,NA,NA,NA,NA,NA,NA,NA,NA,NA,NA,NA,NA,NA,158,158,45,6,1,0,NA,146,125,"Androstachys johnsonii","Artabotrys brachypetalus","Guibourtia conjugata","Combretum indet","Strychnos madagascariensis",0.316455696202532,0.139240506329114,0.126582278481013,0.113924050632911,0.107594936708861,12,7.79238359513,1.99558296193318,0.82863323185387,5.8354371201496,158,158,45,6,1.41008736920235,4.9200975228083,4.9200975228083,3.96502676976982,2.04211844946956,0.486286426679134,1257.32405042597,1257.32405042597,358.098621956764,47.7464829275686,11.22111875,39.1528920624565,39.1528920624565,31.5526804950279,16.2506622806118,-4.75109008139817,0.46659090328328,10.4229273828271,1.86279777089948,0.473861478810876,0.0966056756133156,FALSE
"MAR_386","MAR_243","HCN_SS32","MAR",2014,"MOZ","Ryan C.","Woollen E.; ACES","circle",NA,NA,20,NA,NA,NA,NA,NA,5,NA,FALSE,NA,NA,NA,NA,NA,NA,FALSE,NA,NA,NA,NA,NA,NA,FALSE,NA,NA,NA,NA,NA,NA,FALSE,NA,TRUE,TRUE,TRUE,NA,NA,FALSE,NA,NA,FALSE,NA,NA,NA,32.538796,-23.219442,147.08,NA,NA,NA,NA,FALSE,NA,NA,NA,NA,0.47,"mirror_densitometer","Densiometer recordings in 4 directions for each plot (standing in the centre, face N, S, E, W). An average is taken of the four readings",NA,FALSE,NA,NA,NA,NA,NA,NA,"Hochane forest management area",NA,NA,NA,NA,TRUE,TRUE,NA,NA,NA,NA,NA,NA,"stem",NA,TRUE,NA,NA,NA,NA,NA,NA,NA,NA,NA,NA,NA,NA,NA,NA,NA,NA,NA,NA,NA,NA,NA,NA,NA,NA,NA,NA,NA,NA,NA,NA,NA,NA,NA,NA,NA,NA,"30_moz_ryan_ACES_checkN.xlsx","30_mozambique_various_ACES_clean.csv","2017","https://doi.org/10.1111/j.1744-7429.2010.00713.x",FALSE,NA,0.125663706143592,NA,125.663706143592,35.4,5,9.15631067961165,7.7,5.37634014123889,9.15631067961165,7.7,5.37634014123889,15.5888888888889,12.3,7.04017773668411,27.1333333333333,27.6,5.24506116901096,103,0,NA,NA,NA,NA,NA,NA,NA,NA,NA,NA,NA,NA,NA,NA,NA,103,103,27,6,0,0,NA,100,100,"Colophospermum mopane","Hymenodictyon parvifolium","Indet indet","Manilkara mochisia","Ptaeroxylon obliquum",0.70873786407767,0.203883495145631,0.029126213592233,0.029126213592233,0.00970873786407767,7,3.8664739631768,0.909193219996305,0.454142709020643,1.83198065964428,103,103,27,6,0.909776172747558,3.59929521042969,3.59929521042969,2.85559679177715,1.93030013057382,0.261711522806325,819.647956923261,819.647956923261,214.859173174059,47.7464829275686,7.23976875,28.6422812193434,28.6422812193434,22.7241172444345,15.3608403715877,-4.53220894684034,1.36895813950557,10.3922193095463,1.87454975326269,0.582463437461549,0.121930211126302,FALSE
"MAR_387","MAR_243","HCN_OF5","MAR",2014,"MOZ","Ryan C.","Woollen E.; ACES","circle",NA,NA,20,NA,NA,NA,NA,NA,5,NA,FALSE,NA,NA,NA,NA,NA,NA,FALSE,NA,NA,NA,NA,NA,NA,FALSE,NA,NA,NA,NA,NA,NA,FALSE,NA,TRUE,TRUE,TRUE,NA,NA,FALSE,NA,NA,FALSE,NA,NA,NA,32.516059,-23.218984,149.63,NA,NA,NA,NA,FALSE,NA,NA,NA,NA,0.41,"mirror_densitometer","Densiometer recordings in 4 directions for each plot (standing in the centre, face N, S, E, W). An average is taken of the four readings",NA,FALSE,NA,NA,NA,NA,NA,NA,NA,NA,NA,NA,NA,FALSE,FALSE,NA,NA,NA,NA,NA,NA,"stem",NA,TRUE,NA,NA,NA,NA,NA,NA,NA,NA,NA,NA,NA,NA,NA,NA,NA,NA,NA,NA,NA,NA,NA,NA,NA,NA,NA,NA,NA,NA,NA,NA,NA,NA,NA,NA,NA,NA,"30_moz_ryan_ACES_checkN.xlsx","30_mozambique_various_ACES_clean.csv","2017","https://doi.org/10.1111/j.1744-7429.2010.00713.x",FALSE,NA,0.125663706143592,NA,125.663706143592,34.5,5,8.03720930232558,6.5,4.53278111661735,8.03720930232558,6.5,4.53278111661735,16.5315789473684,13.8,6.7912568491144,28,27.1,5.14716750585536,129,0,NA,NA,NA,NA,NA,NA,NA,NA,NA,NA,NA,NA,NA,NA,NA,129,129,19,4,0,0,NA,127,123,"Dichrostachys cinerea","Guibourtia conjugata","Sclerocarya birrea","Strychnos madagascariensis","Albizia brevifolia",0.372093023255814,0.27906976744186,0.124031007751938,0.0775193798449612,0.0465116279069767,9,6.46273774623232,1.67652413901197,0.756685295354846,4.10990367992097,129,129,19,4,0.861022581754662,2.0572834162253,2.0572834162253,1.30996140773889,0.753120847528914,0.456655964435663,1026.54938294272,1026.54938294272,151.197195937301,31.8309886183791,6.8518,16.3713412516619,16.3713412516619,10.4243416650631,5.99314528148921,-3.54613321348615,0.717200117587835,9.11089196579862,1.92586151708679,0.444302540112313,0.108045990719257,FALSE
"MAR_388","MAR_243","HCN_SS42","MAR",2014,"MOZ","Ryan C.","Woollen E.; ACES","circle",NA,NA,20,NA,NA,NA,NA,NA,5,NA,FALSE,NA,NA,NA,NA,NA,NA,FALSE,NA,NA,NA,NA,NA,NA,FALSE,NA,NA,NA,NA,NA,NA,FALSE,NA,TRUE,TRUE,TRUE,NA,NA,FALSE,NA,NA,FALSE,NA,NA,NA,32.558631,-23.21775,139.099999999999,NA,NA,NA,NA,FALSE,NA,NA,NA,NA,0.59,"mirror_densitometer","Densiometer recordings in 4 directions for each plot (standing in the centre, face N, S, E, W). An average is taken of the four readings",NA,FALSE,NA,NA,NA,NA,NA,NA,NA,NA,NA,NA,NA,TRUE,TRUE,NA,NA,NA,NA,NA,NA,"stem",NA,TRUE,NA,NA,NA,NA,NA,NA,NA,NA,NA,NA,NA,NA,NA,NA,NA,NA,NA,NA,NA,NA,NA,NA,NA,NA,NA,NA,NA,NA,NA,NA,NA,NA,NA,NA,NA,NA,"30_moz_ryan_ACES_checkN.xlsx","30_mozambique_various_ACES_clean.csv","2017","https://doi.org/10.1111/j.1744-7429.2010.00713.x",FALSE,NA,0.125663706143592,NA,125.663706143592,53.9,5,12.1533980582524,9.3,9.0737805374583,12.1533980582524,9.3,9.0737805374583,18.9581395348837,15.2,10.7482497480629,33.8090909090909,28,11.6992695964709,103,0,NA,NA,NA,NA,NA,NA,NA,NA,NA,NA,NA,NA,NA,NA,NA,103,103,43,11,4,0,NA,95,88,"Colophospermum mopane","Commiphora pyracanthoides","Indet indet","Strychnos decussata","Combretum indet",0.533980582524272,0.0970873786407767,0.0776699029126214,0.0776699029126214,0.0679611650485437,11,7.47246600847863,1.66556858687502,0.684324630031106,3.16781128695133,103,103,43,11,1.85445386908017,9.37155747632253,9.37155747632253,8.71303617140047,6.85781086799239,0.287982844268303,819.647956923261,819.647956923261,342.183127647575,87.5352187005424,14.757275,74.5764848413269,74.5764848413269,69.3361388008434,54.5727249215155,-9.06549234519633,2.72477775129403,13.6973511210303,1.560372922637,0.921666010144495,0.103806929268665,FALSE
"MAR_389","MAR_243","HCN_OF18","MAR",2014,"MOZ","Ryan C.","Woollen E.; ACES","circle",NA,NA,20,NA,NA,NA,NA,NA,5,NA,FALSE,NA,NA,NA,NA,NA,NA,FALSE,NA,NA,NA,NA,NA,NA,FALSE,NA,NA,NA,NA,NA,NA,FALSE,NA,TRUE,TRUE,TRUE,NA,NA,FALSE,NA,NA,FALSE,NA,NA,NA,32.561818,-23.214641,146.97,NA,NA,NA,NA,FALSE,NA,NA,NA,NA,0.9125,"mirror_densitometer","Densiometer recordings in 4 directions for each plot (standing in the centre, face N, S, E, W). An average is taken of the four readings",NA,FALSE,NA,NA,NA,NA,NA,NA,NA,NA,NA,NA,NA,FALSE,FALSE,NA,NA,NA,NA,NA,NA,"stem",NA,TRUE,NA,NA,NA,NA,NA,NA,NA,NA,NA,NA,NA,NA,NA,NA,NA,NA,NA,NA,NA,NA,NA,NA,NA,NA,NA,NA,NA,NA,NA,NA,NA,NA,NA,NA,NA,NA,"30_moz_ryan_ACES_checkN.xlsx","30_mozambique_various_ACES_clean.csv","2017","https://doi.org/10.1111/j.1744-7429.2010.00713.x",FALSE,NA,0.125663706143592,NA,125.663706143592,25.2,5,10.6352542372881,9.7,4.51892970740303,10.6352542372881,9.7,4.51892970740303,14.2534722222222,13.5,3.74344953656242,22.8571428571429,22.75,1.52351531042484,295,0,NA,NA,NA,NA,NA,NA,NA,NA,NA,NA,NA,NA,NA,NA,NA,295,295,144,14,0,0,NA,295,294,"Androstachys johnsonii","Guibourtia conjugata","Dichrostachys cinerea","Strychnos decussata","Aloe marlothii",0.925423728813559,0.0440677966101695,0.0101694915254237,0.00677966101694915,0.00338983050847458,8,2.42720354368993,0.366933753086877,0.141453605285838,1.16475941912601,295,295,144,14,3.09217068875985,9.57405861858123,9.57405861858123,8.18377668534628,2.32453779474732,0.145594927390752,2347.53541060546,2347.53541060546,1145.91559026165,111.408460164327,24.6067125,76.1879377299383,76.1879377299383,65.1244256316533,18.4980840218985,-4.44783819645623,0.585922909794539,12.0205565700854,2.50148656731317,0.296962774782911,0.106783378753077,FALSE
"MAR_390","MAR_243","HCN_SS89","MAR",2014,"MOZ","Ryan C.","Woollen E.; ACES","circle",NA,NA,20,NA,NA,NA,NA,NA,5,NA,FALSE,NA,NA,NA,NA,NA,NA,FALSE,NA,NA,NA,NA,NA,NA,FALSE,NA,NA,NA,NA,NA,NA,FALSE,NA,TRUE,TRUE,TRUE,NA,NA,FALSE,NA,NA,FALSE,NA,NA,NA,32.518397,-23.212344,144.259999999999,NA,NA,NA,NA,FALSE,NA,NA,NA,NA,NA,"mirror_densitometer","Densiometer recordings in 4 directions for each plot (standing in the centre, face N, S, E, W). An average is taken of the four readings",NA,FALSE,NA,NA,NA,NA,NA,NA,NA,NA,NA,NA,NA,TRUE,TRUE,NA,NA,NA,NA,NA,NA,"stem",NA,TRUE,NA,NA,NA,NA,NA,NA,NA,NA,NA,NA,NA,NA,NA,NA,NA,NA,NA,NA,NA,NA,NA,NA,NA,NA,NA,NA,NA,NA,NA,NA,NA,NA,NA,NA,NA,NA,"30_moz_ryan_ACES_checkN.xlsx","30_mozambique_various_ACES_clean.csv","2017","https://doi.org/10.1111/j.1744-7429.2010.00713.x",FALSE,NA,0.125663706143592,NA,125.663706143592,32.8,5,10.8584905660377,6.9,7.57301469191416,10.8584905660377,6.9,7.57301469191416,19.7,19.45,6.82926229759934,25.75,25.9,4.51537057488878,53,0,NA,NA,NA,NA,NA,NA,NA,NA,NA,NA,NA,NA,NA,NA,NA,53,53,18,8,0,0,NA,53,53,"Colophospermum mopane","Glenniea africana",NA,NA,NA,0.867924528301887,0.132075471698113,NA,NA,NA,2,1.99231856532256,0.390313134648621,0.229263082947668,1.29745958429561,53,53,18,8,0.725023821178923,3.25902551025916,3.25902551025916,2.98200441645645,2.24122207004724,0.648729792147806,421.760599193523,421.760599193523,143.239448782706,63.6619772367581,5.76955625,25.9345009810166,25.9345009810166,23.7300371600454,17.8350785507334,-7.97097255050039,2.24172323863786,12.2578204569562,1.60722877899549,1.11529188581113,0.160556533049967,FALSE
"MAR_391","MAR_243","HCN_CF27","MAR",2014,"MOZ","Ryan C.","Woollen E.; ACES","circle",NA,NA,20,NA,NA,NA,NA,NA,5,NA,FALSE,NA,NA,NA,NA,NA,NA,FALSE,NA,NA,NA,NA,NA,NA,FALSE,NA,NA,NA,NA,NA,NA,FALSE,NA,TRUE,TRUE,TRUE,NA,NA,FALSE,NA,NA,FALSE,NA,NA,NA,32.600352,-23.212465,136.069999999999,NA,NA,NA,NA,FALSE,NA,NA,NA,NA,0.905,"mirror_densitometer","Densiometer recordings in 4 directions for each plot (standing in the centre, face N, S, E, W). An average is taken of the four readings",NA,FALSE,NA,NA,NA,NA,NA,NA,NA,NA,NA,NA,NA,TRUE,FALSE,NA,NA,NA,NA,NA,NA,"stem",NA,TRUE,NA,NA,NA,NA,NA,NA,NA,NA,NA,NA,NA,NA,NA,NA,NA,NA,NA,NA,NA,NA,NA,NA,NA,NA,NA,NA,NA,NA,NA,NA,NA,NA,NA,NA,NA,NA,"30_moz_ryan_ACES_checkN.xlsx","30_mozambique_various_ACES_clean.csv","2017","https://doi.org/10.1111/j.1744-7429.2010.00713.x",FALSE,NA,0.125663706143592,NA,125.663706143592,29,5,11.2936507936508,10.5,4.9677646556419,11.2936507936508,10.5,4.9677646556419,14.87,13.8,4.02437616908458,23.4611111111111,22.9,2.97620739490989,315,0,NA,NA,NA,NA,NA,NA,NA,NA,NA,NA,NA,NA,NA,NA,NA,315,315,170,18,0,0,NA,315,313,"Androstachys johnsonii","Gardenia indet","Lannea schweinfurthii","Salvadora persica",NA,0.980952380952381,0.00634920634920635,0.00634920634920635,0.00634920634920635,NA,4,1.45799211404307,0.115235059000989,0.0376114890400606,1.03908139863655,315,315,170,18,3.76412044364902,7.07094523059664,7.07094523059664,6.31919711052472,1.89756148684626,0.259770349659137,2506.69035369735,2506.69035369735,1352.81701628111,143.239448782706,29.95391875,56.2687942890758,56.2687942890758,50.2865728256015,15.1003145226195,-5.46103156988372,0.611752370202737,12.7786654307618,2.42534643967305,0.314843432650018,0.100911755341312,FALSE
"MAR_392","MAR_243","HCN_CF10","MAR",2014,"MOZ","Ryan C.","Woollen E.; ACES","circle",NA,NA,20,NA,NA,NA,NA,NA,5,NA,FALSE,NA,NA,NA,NA,NA,NA,FALSE,NA,NA,NA,NA,NA,NA,FALSE,NA,NA,NA,NA,NA,NA,FALSE,NA,TRUE,TRUE,TRUE,NA,NA,FALSE,NA,NA,FALSE,NA,NA,NA,32.564528,-23.206462,143.88,NA,NA,NA,NA,FALSE,NA,NA,NA,NA,0.785,"mirror_densitometer","Densiometer recordings in 4 directions for each plot (standing in the centre, face N, S, E, W). An average is taken of the four readings",NA,FALSE,NA,NA,NA,NA,NA,NA,NA,NA,NA,NA,NA,FALSE,FALSE,NA,NA,NA,NA,NA,NA,"stem",NA,TRUE,NA,NA,NA,NA,NA,NA,NA,NA,NA,NA,NA,NA,NA,NA,NA,NA,NA,NA,NA,NA,NA,NA,NA,NA,NA,NA,NA,NA,NA,NA,NA,NA,NA,NA,NA,NA,"30_moz_ryan_ACES_checkN.xlsx","30_mozambique_various_ACES_clean.csv","2017","https://doi.org/10.1111/j.1744-7429.2010.00713.x",FALSE,NA,0.125663706143592,NA,125.663706143592,36.6,5,10.7864864864865,9.7,4.86568961299282,10.7864864864865,9.7,4.86568961299282,14.8575539568345,13.7,4.08100901165716,24.3181818181818,22.2,4.75916341005816,296,0,NA,NA,NA,NA,NA,NA,NA,NA,NA,NA,NA,NA,NA,NA,NA,296,296,139,11,0,0,NA,286,284,"Androstachys johnsonii","Vachellia grandicornuta","Indet indet","Combretum indet","Strophanthus petersianus",0.915540540540541,0.0371621621621622,0.0337837837837838,0.00675675675675676,0.00675675675675676,5,2.54396629049422,0.385124697191083,0.159171840759678,1.18930365141849,296,296,139,11,3.25337052020452,11.7947424500218,11.7947424500218,10.1440554342615,2.57544184593687,0.237860730283698,2355.49315776005,2355.49315776005,1106.12685448867,87.5352187005424,25.8895,93.8595781708393,93.8595781708393,80.7238282680459,20.4947150213284,-4.62359653849837,0.508613903671105,12.2074088039622,2.34759063264514,0.320768375715137,0.0981043650584916,FALSE
"MAR_393","MAR_243","HCN_SS61","MAR",2014,"MOZ","Ryan C.","Woollen E.; ACES","circle",NA,NA,20,NA,NA,NA,NA,NA,5,NA,FALSE,NA,NA,NA,NA,NA,NA,FALSE,NA,NA,NA,NA,NA,NA,FALSE,NA,NA,NA,NA,NA,NA,FALSE,NA,TRUE,TRUE,TRUE,NA,NA,FALSE,NA,NA,FALSE,NA,NA,NA,32.590424,-23.203567,135.97,NA,NA,NA,NA,FALSE,NA,NA,NA,NA,NA,"mirror_densitometer","Densiometer recordings in 4 directions for each plot (standing in the centre, face N, S, E, W). An average is taken of the four readings",NA,FALSE,NA,NA,NA,NA,NA,NA,NA,NA,NA,NA,NA,TRUE,TRUE,NA,NA,NA,NA,NA,NA,"stem",NA,TRUE,NA,NA,NA,NA,NA,NA,NA,NA,NA,NA,NA,NA,NA,NA,NA,NA,NA,NA,NA,NA,NA,NA,NA,NA,NA,NA,NA,NA,NA,NA,NA,NA,NA,NA,NA,NA,"30_moz_ryan_ACES_checkN.xlsx","30_mozambique_various_ACES_clean.csv","2017","https://doi.org/10.1111/j.1744-7429.2010.00713.x",FALSE,NA,0.125663706143592,NA,125.663706143592,37.9,5,10.7625,8.35,6.4433023332747,10.7625,8.35,6.4433023332747,16.4061224489796,14.2,6.74636964606599,28.9875,27.5,7.16308742293234,120,0,NA,NA,NA,NA,NA,NA,NA,NA,NA,NA,NA,NA,NA,NA,NA,120,120,49,8,0,0,NA,112,112,"Colophospermum mopane","Glenniea africana","Indet indet","Commiphora pyracanthoides","Boscia albitrunca",0.6,0.191666666666667,0.0666666666666667,0.05,0.0416666666666667,8,5.40108038178592,1.28622726383514,0.593611111111111,2.4606971975393,120,120,49,8,1.4797050624059,6.2553712887914,6.2553712887914,5.56491086555138,3.04056631503122,0.307587149692413,954.929658551372,954.929658551372,389.929610575144,63.6619772367581,11.77511875,49.7786630743135,49.7786630743135,44.284153605915,24.1960579417964,-6.40416197103491,1.95437659551398,12.2129264366818,1.83763956840957,0.645767359722265,0.115594695373337,FALSE
"MAR_394","MAR_243","HCN_CF41","MAR",2014,"MOZ","Ryan C.","Woollen E.; ACES","circle",NA,NA,20,NA,NA,NA,NA,NA,5,NA,FALSE,NA,NA,NA,NA,NA,NA,FALSE,NA,NA,NA,NA,NA,NA,FALSE,NA,NA,NA,NA,NA,NA,FALSE,NA,TRUE,TRUE,TRUE,NA,NA,FALSE,NA,NA,FALSE,NA,NA,NA,32.59481,-23.201,128.88,NA,NA,NA,NA,FALSE,NA,NA,NA,NA,NA,"mirror_densitometer","Densiometer recordings in 4 directions for each plot (standing in the centre, face N, S, E, W). An average is taken of the four readings",NA,FALSE,NA,NA,NA,NA,NA,NA,NA,NA,NA,NA,NA,FALSE,FALSE,NA,NA,NA,NA,NA,NA,"stem",NA,TRUE,NA,NA,NA,NA,NA,NA,NA,NA,NA,NA,NA,NA,NA,NA,NA,NA,NA,NA,NA,NA,NA,NA,NA,NA,NA,NA,NA,NA,NA,NA,NA,NA,NA,NA,NA,NA,"30_moz_ryan_ACES_checkN.xlsx","30_mozambique_various_ACES_clean.csv","2017","https://doi.org/10.1111/j.1744-7429.2010.00713.x",FALSE,NA,0.125663706143592,NA,125.663706143592,37.2,5,11.1602564102564,8.55,7.30021063107601,11.1602564102564,8.55,7.30021063107601,17.553125,14.15,7.62114987408238,27.35,25.75,5.22988208917435,78,0,NA,NA,NA,NA,NA,NA,NA,NA,NA,NA,NA,NA,NA,NA,NA,78,78,32,10,0,0,NA,71,31,"Combretum indet","Colophospermum mopane","Androstachys johnsonii","Indet indet","Strychnos madagascariensis",0.512820512820513,0.115384615384615,0.0897435897435897,0.0897435897435897,0.0769230769230769,8,6.64627917161379,1.57893286911394,0.695923734385273,3.28864864864865,78,78,32,10,1.08530794987791,4.6784740265862,4.6784740265862,4.27088387675946,3.1884152409527,0.411081081081081,620.704278058392,620.704278058392,254.647908947033,79.5774715459477,8.63660625,37.2301133729118,37.2301133729118,33.9866140178873,25.3726023113579,-8.16718288809369,2.15106301787235,12.6444635595424,1.70739620589003,0.89274408069606,0.137044954459925,FALSE
"MAR_395","MAR_243","HCN_CF17","MAR",2014,"MOZ","Ryan C.","Woollen E.; ACES","circle",NA,NA,20,NA,NA,NA,NA,NA,5,NA,FALSE,NA,NA,NA,NA,NA,NA,FALSE,NA,NA,NA,NA,NA,NA,FALSE,NA,NA,NA,NA,NA,NA,FALSE,NA,TRUE,TRUE,TRUE,NA,NA,FALSE,NA,NA,FALSE,NA,NA,NA,32.565024,-23.200658,130.979999999999,NA,NA,NA,NA,FALSE,NA,NA,NA,NA,NA,"mirror_densitometer","Densiometer recordings in 4 directions for each plot (standing in the centre, face N, S, E, W). An average is taken of the four readings",NA,FALSE,NA,NA,NA,NA,NA,NA,NA,NA,NA,NA,NA,TRUE,FALSE,NA,NA,NA,NA,NA,NA,"stem",NA,TRUE,NA,NA,NA,NA,NA,NA,NA,NA,NA,NA,NA,NA,NA,NA,NA,NA,NA,NA,NA,NA,NA,NA,NA,NA,NA,NA,NA,NA,NA,NA,NA,NA,NA,NA,NA,NA,"30_moz_ryan_ACES_checkN.xlsx","30_mozambique_various_ACES_clean.csv","2017","https://doi.org/10.1111/j.1744-7429.2010.00713.x",FALSE,NA,0.125663706143592,NA,125.663706143592,30.5,5,9.20141843971631,7.6,4.91125508857829,9.20141843971631,7.6,4.91125508857829,15.185,13.05,5.53721905578919,26.7666666666667,28,3.44364148346872,141,0,NA,NA,NA,NA,NA,NA,NA,NA,NA,NA,NA,NA,NA,NA,NA,141,141,40,6,0,0,NA,137,136,"Androstachys johnsonii","Indet indet","Albizia brevifolia","Artabotrys brachypetalus","Hymenocardia ulmoides",0.879432624113475,0.0283687943262411,0.0212765957446809,0.0141843971631206,0.0141843971631206,9,3.64339288447666,0.607617295413714,0.224435390573915,1.28938322848434,141,141,40,6,1.2028200084836,3.04371607884276,3.04371607884276,2.38991068865166,1.17745839544846,0.143264803164926,1122.04234879786,1122.04234879786,318.309886183791,47.7464829275686,9.5717375,24.2211229658053,24.2211229658053,19.0183049823533,9.36991619603371,-5.7175412056412,1.35319874854778,10.4423292736039,2.014668001133,0.465062541031009,0.114536003772717,FALSE
"MAR_396","MAR_243","HCN_SS33","MAR",2014,"MOZ","Ryan C.","Woollen E.; ACES","circle",NA,NA,20,NA,NA,NA,NA,NA,5,NA,FALSE,NA,NA,NA,NA,NA,NA,FALSE,NA,NA,NA,NA,NA,NA,FALSE,NA,NA,NA,NA,NA,NA,FALSE,NA,TRUE,TRUE,TRUE,NA,NA,FALSE,NA,NA,FALSE,NA,NA,NA,32.531999,-23.195448,144.919999999999,NA,NA,NA,NA,FALSE,NA,NA,NA,NA,NA,"mirror_densitometer","Densiometer recordings in 4 directions for each plot (standing in the centre, face N, S, E, W). An average is taken of the four readings",NA,FALSE,NA,NA,NA,NA,NA,NA,NA,NA,NA,NA,NA,TRUE,FALSE,NA,NA,NA,NA,NA,NA,"stem",NA,TRUE,NA,NA,NA,NA,NA,NA,NA,NA,NA,NA,NA,NA,NA,NA,NA,NA,NA,NA,NA,NA,NA,NA,NA,NA,NA,NA,NA,NA,NA,NA,NA,NA,NA,NA,NA,NA,"30_moz_ryan_ACES_checkN.xlsx","30_mozambique_various_ACES_clean.csv","2017","https://doi.org/10.1111/j.1744-7429.2010.00713.x",FALSE,NA,0.125663706143592,NA,125.663706143592,39,5.2,13.175,10.75,9.04273010445051,13.175,10.75,9.04273010445051,19.0176470588235,15.1,8.94324013530035,28.8833333333333,27.05,7.81752305187945,32,0,NA,NA,NA,NA,NA,NA,NA,NA,NA,NA,NA,NA,NA,NA,NA,32,32,17,6,0,0,NA,32,32,"Colophospermum mopane","Boscia albitrunca",NA,NA,NA,0.90625,0.09375,NA,NA,NA,2,1.9929435483871,0.311129154811849,0.169921875,1.20470588235294,32,32,17,6,0.635346273484039,3.1345357719742,3.1345357719742,3.00753666871807,2.37446457116025,0.602352941176471,254.647908947033,254.647908947033,135.281701628111,47.7464829275686,5.055925,24.9438431204032,24.9438431204032,23.9332163678307,18.8953886848366,-12.1205176294456,3.87211251714147,14.8752086636696,1.63396403058698,1.71137071619249,0.209547278376951,FALSE
"MAR_397","MAR_243","HCN_SS65","MAR",2014,"MOZ","Ryan C.","Woollen E.; ACES","circle",NA,NA,20,NA,NA,NA,NA,NA,5,NA,FALSE,NA,NA,NA,NA,NA,NA,FALSE,NA,NA,NA,NA,NA,NA,FALSE,NA,NA,NA,NA,NA,NA,FALSE,NA,TRUE,TRUE,TRUE,NA,NA,FALSE,NA,NA,FALSE,NA,NA,NA,32.558806,-23.186956,135.87,NA,NA,NA,NA,FALSE,NA,NA,NA,NA,0.24,"mirror_densitometer","Densiometer recordings in 4 directions for each plot (standing in the centre, face N, S, E, W). An average is taken of the four readings",NA,FALSE,NA,NA,NA,NA,NA,NA,"Hochane forest management area",NA,NA,NA,NA,TRUE,FALSE,NA,NA,NA,NA,NA,NA,"stem",NA,TRUE,NA,NA,NA,NA,NA,NA,NA,NA,NA,NA,NA,NA,NA,NA,NA,NA,NA,NA,NA,NA,NA,NA,NA,NA,NA,NA,NA,NA,NA,NA,NA,NA,NA,NA,NA,NA,"30_moz_ryan_ACES_checkN.xlsx","30_mozambique_various_ACES_clean.csv","2017","https://doi.org/10.1111/j.1744-7429.2010.00713.x",FALSE,NA,0.125663706143592,NA,125.663706143592,31.2,5.1,13.5,10.85,7.84899864065582,13.5,10.85,7.84899864065582,18.5117647058824,17.05,6.97318520784863,25.9142857142857,26.35,3.36059910932952,60,0,NA,NA,NA,NA,NA,NA,NA,NA,NA,NA,NA,NA,NA,NA,NA,60,60,34,14,0,0,NA,60,60,"Colophospermum mopane","Strychnos madagascariensis",NA,NA,NA,0.983333333333333,0.0166666666666667,NA,NA,NA,2,1.41666666666666,0.0847660757148099,0.0327777777777778,1.03388856978748,60,60,34,14,1.14430941610681,5.27232350375845,5.27232350375845,5.00637058880402,3.9049848822096,0.516944284893739,477.464829275686,477.464829275686,270.563403256222,111.408460164327,9.106125,41.9558173601369,41.9558173601369,39.8394313079021,31.074882335139,-9.67768579333454,2.1564611227893,15.3223494432261,1.87132744816909,1.12162904853278,0.183744707786935,FALSE
"MAR_398","MAR_243","HCN_SS17","MAR",2014,"MOZ","Ryan C.","Woollen E.; ACES","circle",NA,NA,20,NA,NA,NA,NA,NA,5,NA,FALSE,NA,NA,NA,NA,NA,NA,FALSE,NA,NA,NA,NA,NA,NA,FALSE,NA,NA,NA,NA,NA,NA,FALSE,NA,TRUE,TRUE,TRUE,NA,NA,FALSE,NA,NA,FALSE,NA,NA,NA,32.536364,-23.184135,140.97,NA,NA,NA,NA,FALSE,NA,NA,NA,NA,NA,"mirror_densitometer","Densiometer recordings in 4 directions for each plot (standing in the centre, face N, S, E, W). An average is taken of the four readings",NA,FALSE,NA,NA,NA,NA,NA,NA,NA,NA,NA,NA,NA,TRUE,TRUE,NA,NA,NA,NA,NA,NA,"stem",NA,TRUE,NA,NA,NA,NA,NA,NA,NA,NA,NA,NA,NA,NA,NA,NA,NA,NA,NA,NA,NA,NA,NA,NA,NA,NA,NA,NA,NA,NA,NA,NA,NA,NA,NA,NA,NA,NA,"30_moz_ryan_ACES_checkN.xlsx","30_mozambique_various_ACES_clean.csv","2017","https://doi.org/10.1111/j.1744-7429.2010.00713.x",FALSE,NA,0.125663706143592,NA,125.663706143592,30.3,5,9.3,7.1,7.20289293733196,9.3,7.1,7.20289293733196,24.25,24.25,8.55599205235723,30.3,30.3,NA,13,0,NA,NA,NA,NA,NA,NA,NA,NA,NA,NA,NA,NA,NA,NA,NA,13,13,2,1,0,0,NA,13,13,"Colophospermum mopane","Commiphora africana",NA,NA,NA,0.923076923076923,0.0769230769230769,NA,NA,NA,2,2,0.271189373041844,0.142011834319526,1.16551724137931,13,13,2,1,0.137205132154717,0.60877550523708,0.60877550523708,0.511364479430285,0.399695121264487,0.582758620689655,103.450713009732,103.450713009732,15.9154943091895,7.95774715459477,1.09184375,4.84448154458737,4.84448154458737,4.06930923114718,3.18067271394788,NA,NA,10.4980242327397,1.56078485025624,1.99114039524464,0.294717777921359,FALSE
"MAR_399","MAR_243","HCN_SS3","MAR",2014,"MOZ","Ryan C.","Woollen E.; ACES","circle",NA,NA,20,NA,NA,NA,NA,NA,5,NA,FALSE,NA,NA,NA,NA,NA,NA,FALSE,NA,NA,NA,NA,NA,NA,FALSE,NA,NA,NA,NA,NA,NA,FALSE,NA,TRUE,TRUE,TRUE,NA,NA,FALSE,NA,NA,FALSE,NA,NA,NA,32.549238,-23.182095,137.46,NA,NA,NA,NA,FALSE,NA,NA,NA,NA,0.4225,"mirror_densitometer","Densiometer recordings in 4 directions for each plot (standing in the centre, face N, S, E, W). An average is taken of the four readings",NA,FALSE,NA,NA,NA,NA,NA,NA,"Hochane forest management area",NA,NA,NA,NA,TRUE,FALSE,NA,NA,NA,NA,NA,NA,"stem",NA,TRUE,NA,NA,NA,NA,NA,NA,NA,NA,NA,NA,NA,NA,NA,NA,NA,NA,NA,NA,NA,NA,NA,NA,NA,NA,NA,NA,NA,NA,NA,NA,NA,NA,NA,NA,NA,NA,"30_moz_ryan_ACES_checkN.xlsx","30_mozambique_various_ACES_clean.csv","2017","https://doi.org/10.1111/j.1744-7429.2010.00713.x",FALSE,NA,0.125663706143592,NA,125.663706143592,49,5,11.4868852459016,8.2,8.04376519236765,11.4868852459016,8.2,8.04376519236765,19.3521739130435,18,8.35805923347027,25.74,22.3,9.02997477540466,61,0,NA,NA,NA,NA,NA,NA,NA,NA,NA,NA,NA,NA,NA,NA,NA,61,61,23,10,1,0,NA,61,61,"Colophospermum mopane","Glenniea africana","Boscia albitrunca","Pappea capensis",NA,0.754098360655738,0.131147540983607,0.0983606557377049,0.0163934426229508,NA,4,3.36448099198087,0.774749382414207,0.404192421392099,1.67839422643212,61,61,23,10,0.937057763351332,4.4577837017423,4.4577837017423,4.10737695929686,3.25282337918149,0.419598556608029,485.422576430281,485.422576430281,183.02818455568,79.5774715459477,7.45686875,35.4739155683387,35.4739155683387,32.6854673106927,25.8851459900808,-5.47395719754122,3.6550394995504,12.9699401405675,1.62104743290759,1.09019845068019,0.144625738858936,FALSE
"MAR_400","MAR_243","HCN_SS27","MAR",2014,"MOZ","Ryan C.","Woollen E.; ACES","circle",NA,NA,20,NA,NA,NA,NA,NA,5,NA,FALSE,NA,NA,NA,NA,NA,NA,FALSE,NA,NA,NA,NA,NA,NA,FALSE,NA,NA,NA,NA,NA,NA,FALSE,NA,TRUE,TRUE,TRUE,NA,NA,FALSE,NA,NA,FALSE,NA,NA,NA,32.543848,-23.180134,139.41,NA,NA,NA,NA,FALSE,NA,NA,NA,NA,NA,"mirror_densitometer","Densiometer recordings in 4 directions for each plot (standing in the centre, face N, S, E, W). An average is taken of the four readings",NA,FALSE,NA,NA,NA,NA,NA,NA,NA,NA,NA,NA,NA,TRUE,TRUE,NA,NA,NA,NA,NA,NA,"stem",NA,TRUE,NA,NA,NA,NA,NA,NA,NA,NA,NA,NA,NA,NA,NA,NA,NA,NA,NA,NA,NA,NA,NA,NA,NA,NA,NA,NA,NA,NA,NA,NA,NA,NA,NA,NA,NA,NA,"30_moz_ryan_ACES_checkN.xlsx","30_mozambique_various_ACES_clean.csv","2017","https://doi.org/10.1111/j.1744-7429.2010.00713.x",FALSE,NA,0.125663706143592,NA,125.663706143592,27.1,5,8.78166666666667,7,4.66830247762491,8.78166666666667,7,4.66830247762491,15.2625,13.6,4.47062635432665,27.1,27.1,NA,60,0,NA,NA,NA,NA,NA,NA,NA,NA,NA,NA,NA,NA,NA,NA,NA,60,60,16,1,0,0,NA,60,60,"Colophospermum mopane","Boscia albitrunca",NA,NA,NA,0.9,0.1,NA,NA,NA,2,1.96757820911132,0.325082973391448,0.18,1.21951219512195,60,60,16,1,0.46439415304446,1.6894384452599,1.6894384452599,1.32787465843483,0.302094166153411,0.609756097560976,477.464829275686,477.464829275686,127.323954473516,7.95774715459477,3.69553125,13.4441239806299,13.4441239806299,10.5668907848183,2.40398899112699,-4.49242126867099,1.53804997212395,9.97813195428563,2.04037403662805,0.672545330683128,0.183605150900386,FALSE
"MAR_401","MAR_243","HCN_SS87","MAR",2014,"MOZ","Ryan C.","Woollen E.; ACES","circle",NA,NA,20,NA,NA,NA,NA,NA,5,NA,FALSE,NA,NA,NA,NA,NA,NA,FALSE,NA,NA,NA,NA,NA,NA,FALSE,NA,NA,NA,NA,NA,NA,FALSE,NA,TRUE,TRUE,TRUE,NA,NA,FALSE,NA,NA,FALSE,NA,NA,NA,32.541338,-23.17537,138.16,NA,NA,NA,NA,FALSE,NA,NA,NA,NA,0.365,"mirror_densitometer","Densiometer recordings in 4 directions for each plot (standing in the centre, face N, S, E, W). An average is taken of the four readings",NA,FALSE,NA,NA,NA,NA,NA,NA,NA,NA,NA,NA,NA,TRUE,TRUE,NA,NA,NA,NA,NA,NA,"stem",NA,TRUE,NA,NA,NA,NA,NA,NA,NA,NA,NA,NA,NA,NA,NA,NA,NA,NA,NA,NA,NA,NA,NA,NA,NA,NA,NA,NA,NA,NA,NA,NA,NA,NA,NA,NA,NA,NA,"30_moz_ryan_ACES_checkN.xlsx","30_mozambique_various_ACES_clean.csv","2017","https://doi.org/10.1111/j.1744-7429.2010.00713.x",FALSE,NA,0.125663706143592,NA,125.663706143592,37.9,5.1,12.6886597938144,11.1,6.85154903848787,12.6886597938144,11.1,6.85154903848787,16.85,14.9,6.609020422377,27.35,26.6,5.95124127617699,97,0,NA,NA,NA,NA,NA,NA,NA,NA,NA,NA,NA,NA,NA,NA,NA,97,97,54,12,0,0,NA,97,97,"Colophospermum mopane","Spirostachys africana","Pappea capensis","Glenniea africana","Guibourtia conjugata",0.577319587628866,0.216494845360825,0.103092783505155,0.0824742268041237,0.0103092783505155,6,4.38923500337079,1.18279294616586,0.602189393134233,2.51375901683142,97,97,54,12,1.58051955605776,6.85517759257126,6.85517759257126,6.3593979314887,4.00133202963629,0.41895983613857,771.901473995692,771.901473995692,429.718346348117,95.4929658551372,12.577375,54.5517699815257,54.5517699815257,50.60648079424,31.841588573427,-8.2911393107256,0.862384847217323,14.4048939285815,2.00067323083604,0.777137805380992,0.144083360871958,FALSE
"MAR_402","MAR_243","HCN_SS92","MAR",2014,"MOZ","Ryan C.","Woollen E.; ACES","circle",NA,NA,20,NA,NA,NA,NA,NA,5,NA,FALSE,NA,NA,NA,NA,NA,NA,FALSE,NA,NA,NA,NA,NA,NA,FALSE,NA,NA,NA,NA,NA,NA,FALSE,NA,TRUE,TRUE,TRUE,NA,NA,FALSE,NA,NA,FALSE,NA,NA,NA,32.533937,-23.174209,138.16,NA,NA,NA,NA,FALSE,NA,NA,NA,NA,NA,"mirror_densitometer","Densiometer recordings in 4 directions for each plot (standing in the centre, face N, S, E, W). An average is taken of the four readings",NA,FALSE,NA,NA,NA,NA,NA,NA,NA,NA,NA,NA,NA,FALSE,FALSE,NA,NA,NA,NA,NA,NA,"stem",NA,TRUE,NA,NA,NA,NA,NA,NA,NA,NA,NA,NA,NA,NA,NA,NA,NA,NA,NA,NA,NA,NA,NA,NA,NA,NA,NA,NA,NA,NA,NA,NA,NA,NA,NA,NA,NA,NA,"30_moz_ryan_ACES_checkN.xlsx","30_mozambique_various_ACES_clean.csv","2017","https://doi.org/10.1111/j.1744-7429.2010.00713.x",FALSE,NA,0.125663706143592,NA,125.663706143592,22.5,5,7.79285714285714,7,3.25653507641692,7.79285714285714,7,3.25653507641692,13.7090909090909,12.6,4.03223375945754,22.5,22.5,NA,70,0,NA,NA,NA,NA,NA,NA,NA,NA,NA,NA,NA,NA,NA,NA,NA,70,70,11,1,0,0,NA,61,61,"Colophospermum mopane","Indet indet","Glenniea africana","Manilkara mochisia","Terminalia prunioides",0.528571428571429,0.128571428571429,0.1,0.1,0.0857142857142857,7,6.0286669386721,1.474997076503,0.675102040816327,3.07788944723618,70,70,11,1,0.391344269866864,1.2373652438209,1.2373652438209,0.694516539072268,0.190672855150003,0.439698492462312,557.042300821634,557.042300821634,87.5352187005424,7.95774715459477,3.11421875,9.84663974821026,9.84663974821026,5.52678701262135,1.5173263705284,NA,NA,8.7789612956602,2.43626620955543,0.459016337775888,0.192306566381843,FALSE
"MAR_403","MAR_243","HCN_SS49","MAR",2014,"MOZ","Ryan C.","Woollen E.; ACES","circle",NA,NA,20,NA,NA,NA,NA,NA,5,NA,FALSE,NA,NA,NA,NA,NA,NA,FALSE,NA,NA,NA,NA,NA,NA,FALSE,NA,NA,NA,NA,NA,NA,FALSE,NA,TRUE,TRUE,TRUE,NA,NA,FALSE,NA,NA,FALSE,NA,NA,NA,32.540356,-23.174158,141.03,NA,NA,NA,NA,FALSE,NA,NA,NA,NA,NA,"mirror_densitometer","Densiometer recordings in 4 directions for each plot (standing in the centre, face N, S, E, W). An average is taken of the four readings",NA,FALSE,NA,NA,NA,NA,NA,NA,"Hochane forest management area",NA,NA,NA,NA,TRUE,FALSE,NA,NA,NA,NA,NA,NA,"stem",NA,TRUE,NA,NA,NA,NA,NA,NA,NA,NA,NA,NA,NA,NA,NA,NA,NA,NA,NA,NA,NA,NA,NA,NA,NA,NA,NA,NA,NA,NA,NA,NA,NA,NA,NA,NA,NA,NA,"30_moz_ryan_ACES_checkN.xlsx","30_mozambique_various_ACES_clean.csv","2017","https://doi.org/10.1111/j.1744-7429.2010.00713.x",FALSE,NA,0.125663706143592,NA,125.663706143592,46.6,5,10.3217054263566,8.5,6.37229061592442,10.3217054263566,8.5,6.37229061592442,15.438,12.45,7.72361578642585,31.3,26.3,9.90555399763183,129,0,NA,NA,NA,NA,NA,NA,NA,NA,NA,NA,NA,NA,NA,NA,NA,129,129,50,7,2,0,NA,129,129,"Colophospermum mopane","Pappea capensis","Spirostachys africana","Boscia mossambicensis","Euclea natalensis",0.744186046511628,0.13953488372093,0.0852713178294574,0.0155038759689922,0.00775193798449612,6,3.63994864219373,0.844562323858221,0.419085391502915,1.72142339919313,129,129,50,7,1.48761716350396,6.43465239106293,6.43465239106293,5.61368797749175,3.5096292563864,0.286903899865522,1026.54938294272,1026.54938294272,397.887357729738,55.7042300821634,11.83808125,51.2053367557874,51.2053367557874,44.6723095296679,27.9287422286914,-4.6682907186315,0.629832894171398,11.702205713521,1.80214309271303,0.609184489702035,0.103306366338513,FALSE
"MAR_404","MAR_243","HCN_OF4","MAR",2014,"MOZ","Ryan C.","Woollen E.; ACES","circle",NA,NA,20,NA,NA,NA,NA,NA,5,NA,FALSE,NA,NA,NA,NA,NA,NA,FALSE,NA,NA,NA,NA,NA,NA,FALSE,NA,NA,NA,NA,NA,NA,FALSE,NA,TRUE,TRUE,TRUE,NA,NA,FALSE,NA,NA,FALSE,NA,NA,NA,32.539858,-23.171873,139.63,NA,NA,NA,NA,FALSE,NA,NA,NA,NA,0.395,"mirror_densitometer","Densiometer recordings in 4 directions for each plot (standing in the centre, face N, S, E, W). An average is taken of the four readings",NA,FALSE,NA,NA,NA,NA,NA,NA,NA,NA,NA,NA,NA,TRUE,FALSE,NA,NA,NA,NA,NA,NA,"stem",NA,TRUE,NA,NA,NA,NA,NA,NA,NA,NA,NA,NA,NA,NA,NA,NA,NA,NA,NA,NA,NA,NA,NA,NA,NA,NA,NA,NA,NA,NA,NA,NA,NA,NA,NA,NA,NA,NA,"30_moz_ryan_ACES_checkN.xlsx","30_mozambique_various_ACES_clean.csv","2017","https://doi.org/10.1111/j.1744-7429.2010.00713.x",FALSE,NA,0.125663706143592,NA,125.663706143592,65.7,5,16.1681818181818,12.65,12.6357753296669,16.1681818181818,12.65,12.6357753296669,22.1390243902439,18.2,12.7422697752163,34.54,32,13.6468625384319,66,0,NA,NA,NA,NA,NA,NA,NA,NA,NA,NA,NA,NA,NA,NA,NA,66,66,41,15,5,1,NA,59,57,"Colophospermum mopane","Spirostachys africana","Androstachys johnsonii","Indet indet","Euclea natalensis",0.363636363636364,0.196969696969697,0.181818181818182,0.106060606060606,0.0757575757575758,8,6.49903083162395,1.70665985262333,0.776859504132231,4.48148148148148,66,66,41,15,2.17014544625594,12.3662333550039,12.3662333550039,12.1865728424849,10.3584048720304,0.560185185185185,525.211312203255,525.211312203255,326.267633338385,119.366207318921,17.26946875,98.4073582938375,98.4073582938375,96.9776653615462,82.4295668965402,-14.0185182846221,2.04288348750338,18.0155709570511,1.44642862551784,1.62921054748396,0.128352409771911,FALSE
