system:index,Dormancy,EVI_Amplitude,EVI_Area,EVI_Minimum,Greenup,Maturity,MidGreendown,MidGreenup,Peak,Senescence,bio01,bio02,bio03,bio04,bio05,bio06,bio07,bio08,bio09,bio10,bio11,bio12,bio13,bio14,bio15,bio16,bio17,bio18,bio19,census_date,country_iso3,elevation,hnd,latitude_of_centre,longitude_of_centre,plot_area,plot_id,plot_shape,tpi,wetmonths_era,.geo
00000000000000000138_0_0,17370.727272727272,2345.2727272727275,144.0909090909091,2096.2727272727275,17117.363636363636,17195.636363636364,17303.18181818182,17153.727272727272,17215.909090909092,17241.272727272728,243.0,141.0,61.0,3096.0,343.0,113.0,230.0,276.0,213.0,276.0,199.0,490.0,98.0,3.0,87.0,284.0,17.0,284.0,19.0,2014,MOZ,118,0.0,-23.380427,32.723016,0.0314159265358979,MAR_350,circle,0,1,"{""type"":""MultiPoint"",""coordinates"":[]}"
0000000000000000013c_0_0,17538.6,2404.4,166.0,1722.8,17295.3,17377.9,17483.3,17330.7,17403.3,17428.9,242.0,141.0,60.0,3142.0,343.0,111.0,232.0,276.0,212.0,276.0,197.0,482.0,96.0,3.0,85.0,277.0,17.0,277.0,19.0,2014,MOZ,125,0.40000153,-23.37729,32.686445,0.0314159265358979,MAR_354,circle,-1,1,"{""type"":""MultiPoint"",""coordinates"":[]}"
0000000000000000014d_0_0,17538.6,2404.4,166.0,1722.8,17295.3,17377.9,17483.3,17330.7,17403.3,17428.9,242.0,141.0,60.0,3142.0,343.0,111.0,232.0,276.0,212.0,276.0,197.0,482.0,96.0,3.0,85.0,277.0,17.0,277.0,19.0,2014,MOZ,125,0.40000153,-23.360939,32.701395,0.0314159265358979,MAR_372,circle,-1,1,"{""type"":""MultiPoint"",""coordinates"":[]}"
00000000000000000134_0_0,17370.727272727272,2345.2727272727275,144.0909090909091,2096.2727272727275,17117.363636363636,17195.636363636364,17303.18181818182,17153.727272727272,17215.909090909092,17241.272727272728,243.0,141.0,61.0,3096.0,343.0,113.0,230.0,276.0,213.0,276.0,199.0,490.0,98.0,3.0,87.0,284.0,17.0,284.0,19.0,2014,MOZ,118,0.0,-23.387485,32.730353,0.0706858347057703,MAR_346,circle,0,1,"{""type"":""MultiPoint"",""coordinates"":[]}"
00000000000000000145_0_0,17538.6,2404.4,166.0,1722.8,17295.3,17377.9,17483.3,17330.7,17403.3,17428.9,242.0,141.0,60.0,3142.0,343.0,111.0,232.0,276.0,212.0,276.0,197.0,482.0,96.0,3.0,85.0,277.0,17.0,277.0,19.0,2014,MOZ,125,0.40000153,-23.369919,32.717715,0.0706858347057703,MAR_364,circle,-1,1,"{""type"":""MultiPoint"",""coordinates"":[]}"
00000000000000000149_0_0,17370.727272727272,2345.2727272727275,144.0909090909091,2096.2727272727275,17117.363636363636,17195.636363636364,17303.18181818182,17153.727272727272,17215.909090909092,17241.272727272728,243.0,141.0,61.0,3096.0,343.0,113.0,230.0,276.0,213.0,276.0,199.0,490.0,98.0,3.0,87.0,284.0,17.0,284.0,19.0,2014,MOZ,118,0.0,-23.364128,32.727714,0.0706858347057703,MAR_368,circle,0,1,"{""type"":""MultiPoint"",""coordinates"":[]}"
00000000000000000004_0_0,17367.545454545456,4930.636363636364,332.6363636363636,1403.7272727272727,17116.18181818182,17192.272727272728,17300.0,17155.636363636364,17218.545454545456,17250.090909090908,230.0,122.0,61.0,2276.0,330.0,130.0,200.0,248.0,209.0,254.0,197.0,1288.0,265.0,12.0,94.0,763.0,42.0,373.0,49.0,2015,MOZ,677,2.7999878,-15.272123,36.501926,0.125663706143592,MAR_5,circle,-27,1,"{""type"":""MultiPoint"",""coordinates"":[]}"
00000000000000000005_0_0,17367.545454545456,4930.636363636364,332.6363636363636,1403.7272727272727,17116.18181818182,17192.272727272728,17300.0,17155.636363636364,17218.545454545456,17250.090909090908,230.0,122.0,61.0,2276.0,330.0,130.0,200.0,248.0,209.0,254.0,197.0,1288.0,265.0,12.0,94.0,763.0,42.0,373.0,49.0,2015,MOZ,677,2.7999878,-15.270338,36.501956,0.125663706143592,MAR_6,circle,-27,1,"{""type"":""MultiPoint"",""coordinates"":[]}"
00000000000000000006_0_0,17367.545454545456,4930.636363636364,332.6363636363636,1403.7272727272727,17116.18181818182,17192.272727272728,17300.0,17155.636363636364,17218.545454545456,17250.090909090908,230.0,122.0,61.0,2276.0,330.0,130.0,200.0,248.0,209.0,254.0,197.0,1288.0,265.0,12.0,94.0,763.0,42.0,373.0,49.0,2015,MOZ,677,2.7999878,-15.262356,36.503577,0.125663706143592,MAR_7,circle,-27,1,"{""type"":""MultiPoint"",""coordinates"":[]}"
00000000000000000007_0_0,17367.545454545456,4930.636363636364,332.6363636363636,1403.7272727272727,17116.18181818182,17192.272727272728,17300.0,17155.636363636364,17218.545454545456,17250.090909090908,230.0,122.0,61.0,2276.0,330.0,130.0,200.0,248.0,209.0,254.0,197.0,1288.0,265.0,12.0,94.0,763.0,42.0,373.0,49.0,2015,MOZ,677,2.7999878,-15.277197,36.51721,0.125663706143592,MAR_9,circle,-27,1,"{""type"":""MultiPoint"",""coordinates"":[]}"
00000000000000000008_0_0,17367.545454545456,4930.636363636364,332.6363636363636,1403.7272727272727,17116.18181818182,17192.272727272728,17300.0,17155.636363636364,17218.545454545456,17250.090909090908,230.0,122.0,61.0,2276.0,330.0,130.0,200.0,248.0,209.0,254.0,197.0,1288.0,265.0,12.0,94.0,763.0,42.0,373.0,49.0,2015,MOZ,677,2.7999878,-15.278989,36.517193,0.125663706143592,MAR_10,circle,-27,1,"{""type"":""MultiPoint"",""coordinates"":[]}"
00000000000000000009_0_0,17367.545454545456,4930.636363636364,332.6363636363636,1403.7272727272727,17116.18181818182,17192.272727272728,17300.0,17155.636363636364,17218.545454545456,17250.090909090908,230.0,122.0,61.0,2276.0,330.0,130.0,200.0,248.0,209.0,254.0,197.0,1288.0,265.0,12.0,94.0,763.0,42.0,373.0,49.0,2015,MOZ,677,2.7999878,-15.255569,36.535876,0.125663706143592,MAR_11,circle,-27,1,"{""type"":""MultiPoint"",""coordinates"":[]}"
0000000000000000000a_0_0,17367.545454545456,4930.636363636364,332.6363636363636,1403.7272727272727,17116.18181818182,17192.272727272728,17300.0,17155.636363636364,17218.545454545456,17250.090909090908,230.0,122.0,61.0,2276.0,330.0,130.0,200.0,248.0,209.0,254.0,197.0,1288.0,265.0,12.0,94.0,763.0,42.0,373.0,49.0,2015,MOZ,677,2.7999878,-15.257395,36.535874,0.125663706143592,MAR_12,circle,-27,1,"{""type"":""MultiPoint"",""coordinates"":[]}"
00000000000000000013_0_0,17353.81818181818,4865.090909090909,322.8181818181818,1200.0,17125.81818181818,17191.636363636364,17304.272727272728,17154.0,17220.272727272728,17256.363636363636,234.0,124.0,60.0,2367.0,336.0,132.0,204.0,252.0,213.0,259.0,199.0,1162.0,251.0,9.0,99.0,716.0,31.0,338.0,35.0,2015,MOZ,616,12.299988,-15.1794,36.600052,0.125663706143592,MAR_24,circle,0,1,"{""type"":""MultiPoint"",""coordinates"":[]}"
00000000000000000014_0_0,17353.81818181818,4865.090909090909,322.8181818181818,1200.0,17125.81818181818,17191.636363636364,17304.272727272728,17154.0,17220.272727272728,17256.363636363636,234.0,124.0,60.0,2367.0,336.0,132.0,204.0,252.0,213.0,259.0,199.0,1162.0,251.0,9.0,99.0,716.0,31.0,338.0,35.0,2015,MOZ,616,12.299988,-15.177598,36.600099,0.125663706143592,MAR_25,circle,0,1,"{""type"":""MultiPoint"",""coordinates"":[]}"
00000000000000000016_0_0,17362.454545454544,4615.909090909091,308.45454545454544,1353.5454545454545,17126.636363636364,17196.81818181818,17301.636363636364,17159.545454545456,17225.0,17257.0,229.0,122.0,61.0,2306.0,330.0,130.0,200.0,247.0,207.0,252.0,194.0,1419.0,278.0,15.0,89.0,801.0,56.0,402.0,67.0,2015,MOZ,684,12.0,-15.315722,36.614249,0.125663706143592,MAR_27,circle,-9,1,"{""type"":""MultiPoint"",""coordinates"":[]}"
00000000000000000017_0_0,17362.454545454544,4615.909090909091,308.45454545454544,1353.5454545454545,17126.636363636364,17196.81818181818,17301.636363636364,17159.545454545456,17225.0,17257.0,229.0,122.0,61.0,2306.0,330.0,130.0,200.0,247.0,207.0,252.0,194.0,1419.0,278.0,15.0,89.0,801.0,56.0,402.0,67.0,2015,MOZ,684,12.0,-15.31391,36.614274,0.125663706143592,MAR_28,circle,-9,1,"{""type"":""MultiPoint"",""coordinates"":[]}"
00000000000000000018_0_0,17362.454545454544,4615.909090909091,308.45454545454544,1353.5454545454545,17126.636363636364,17196.81818181818,17301.636363636364,17159.545454545456,17225.0,17257.0,229.0,122.0,61.0,2306.0,330.0,130.0,200.0,247.0,207.0,252.0,194.0,1419.0,278.0,15.0,89.0,801.0,56.0,402.0,67.0,2015,MOZ,684,12.0,-15.317267,36.624573,0.125663706143592,MAR_30,circle,-9,1,"{""type"":""MultiPoint"",""coordinates"":[]}"
00000000000000000019_0_0,17362.454545454544,4615.909090909091,308.45454545454544,1353.5454545454545,17126.636363636364,17196.81818181818,17301.636363636364,17159.545454545456,17225.0,17257.0,229.0,122.0,61.0,2306.0,330.0,130.0,200.0,247.0,207.0,252.0,194.0,1419.0,278.0,15.0,89.0,801.0,56.0,402.0,67.0,2015,MOZ,684,12.0,-15.315461,36.6246,0.125663706143592,MAR_31,circle,-9,1,"{""type"":""MultiPoint"",""coordinates"":[]}"
0000000000000000001a_0_0,17353.81818181818,4865.090909090909,322.8181818181818,1200.0,17125.81818181818,17191.636363636364,17304.272727272728,17154.0,17220.272727272728,17256.363636363636,234.0,124.0,60.0,2367.0,336.0,132.0,204.0,252.0,213.0,259.0,199.0,1162.0,251.0,9.0,99.0,716.0,31.0,338.0,35.0,2015,MOZ,616,12.299988,-15.186064,36.627062,0.125663706143592,MAR_32,circle,0,1,"{""type"":""MultiPoint"",""coordinates"":[]}"
0000000000000000001b_0_0,17353.81818181818,4865.090909090909,322.8181818181818,1200.0,17125.81818181818,17191.636363636364,17304.272727272728,17154.0,17220.272727272728,17256.363636363636,234.0,124.0,60.0,2367.0,336.0,132.0,204.0,252.0,213.0,259.0,199.0,1162.0,251.0,9.0,99.0,716.0,31.0,338.0,35.0,2015,MOZ,616,12.299988,-15.187868,36.627075,0.125663706143592,MAR_33,circle,0,1,"{""type"":""MultiPoint"",""coordinates"":[]}"
0000000000000000001c_0_0,17353.81818181818,4865.090909090909,322.8181818181818,1200.0,17125.81818181818,17191.636363636364,17304.272727272728,17154.0,17220.272727272728,17256.363636363636,234.0,124.0,60.0,2367.0,336.0,132.0,204.0,252.0,213.0,259.0,199.0,1162.0,251.0,9.0,99.0,716.0,31.0,338.0,35.0,2015,MOZ,616,12.299988,-15.178692,36.62822,0.125663706143592,MAR_34,circle,0,1,"{""type"":""MultiPoint"",""coordinates"":[]}"
0000000000000000001d_0_0,17353.81818181818,4865.090909090909,322.8181818181818,1200.0,17125.81818181818,17191.636363636364,17304.272727272728,17154.0,17220.272727272728,17256.363636363636,234.0,124.0,60.0,2367.0,336.0,132.0,204.0,252.0,213.0,259.0,199.0,1162.0,251.0,9.0,99.0,716.0,31.0,338.0,35.0,2015,MOZ,616,12.299988,-15.176818,36.628413,0.125663706143592,MAR_35,circle,0,1,"{""type"":""MultiPoint"",""coordinates"":[]}"
0000000000000000001e_0_0,17353.81818181818,4865.090909090909,322.8181818181818,1200.0,17125.81818181818,17191.636363636364,17304.272727272728,17154.0,17220.272727272728,17256.363636363636,234.0,124.0,60.0,2367.0,336.0,132.0,204.0,252.0,213.0,259.0,199.0,1162.0,251.0,9.0,99.0,716.0,31.0,338.0,35.0,2015,MOZ,616,12.299988,-15.185206,36.628595,0.125663706143592,MAR_36,circle,0,1,"{""type"":""MultiPoint"",""coordinates"":[]}"
0000000000000000001f_0_0,17353.81818181818,4865.090909090909,322.8181818181818,1200.0,17125.81818181818,17191.636363636364,17304.272727272728,17154.0,17220.272727272728,17256.363636363636,234.0,124.0,60.0,2367.0,336.0,132.0,204.0,252.0,213.0,259.0,199.0,1162.0,251.0,9.0,99.0,716.0,31.0,338.0,35.0,2015,MOZ,616,12.299988,-15.157387,36.631452,0.125663706143592,MAR_37,circle,0,1,"{""type"":""MultiPoint"",""coordinates"":[]}"
00000000000000000020_0_0,17353.81818181818,4865.090909090909,322.8181818181818,1200.0,17125.81818181818,17191.636363636364,17304.272727272728,17154.0,17220.272727272728,17256.363636363636,234.0,124.0,60.0,2367.0,336.0,132.0,204.0,252.0,213.0,259.0,199.0,1162.0,251.0,9.0,99.0,716.0,31.0,338.0,35.0,2015,MOZ,616,12.299988,-15.159184,36.631447,0.125663706143592,MAR_38,circle,0,1,"{""type"":""MultiPoint"",""coordinates"":[]}"
00000000000000000021_0_0,17353.81818181818,4865.090909090909,322.8181818181818,1200.0,17125.81818181818,17191.636363636364,17304.272727272728,17154.0,17220.272727272728,17256.363636363636,234.0,124.0,60.0,2367.0,336.0,132.0,204.0,252.0,213.0,259.0,199.0,1162.0,251.0,9.0,99.0,716.0,31.0,338.0,35.0,2015,MOZ,616,12.299988,-15.166776,36.637088,0.125663706143592,MAR_39,circle,0,1,"{""type"":""MultiPoint"",""coordinates"":[]}"
00000000000000000022_0_0,17353.81818181818,4865.090909090909,322.8181818181818,1200.0,17125.81818181818,17191.636363636364,17304.272727272728,17154.0,17220.272727272728,17256.363636363636,234.0,124.0,60.0,2367.0,336.0,132.0,204.0,252.0,213.0,259.0,199.0,1162.0,251.0,9.0,99.0,716.0,31.0,338.0,35.0,2015,MOZ,616,12.299988,-15.164971,36.637112,0.125663706143592,MAR_40,circle,0,1,"{""type"":""MultiPoint"",""coordinates"":[]}"
00000000000000000023_0_0,17353.81818181818,4865.090909090909,322.8181818181818,1200.0,17125.81818181818,17191.636363636364,17304.272727272728,17154.0,17220.272727272728,17256.363636363636,234.0,124.0,60.0,2367.0,336.0,132.0,204.0,252.0,213.0,259.0,199.0,1162.0,251.0,9.0,99.0,716.0,31.0,338.0,35.0,2015,MOZ,616,12.299988,-15.181983,36.637962,0.125663706143592,MAR_41,circle,0,1,"{""type"":""MultiPoint"",""coordinates"":[]}"
00000000000000000024_0_0,17353.81818181818,4865.090909090909,322.8181818181818,1200.0,17125.81818181818,17191.636363636364,17304.272727272728,17154.0,17220.272727272728,17256.363636363636,234.0,124.0,60.0,2367.0,336.0,132.0,204.0,252.0,213.0,259.0,199.0,1162.0,251.0,9.0,99.0,716.0,31.0,338.0,35.0,2015,MOZ,616,12.299988,-15.177583,36.639165,0.125663706143592,MAR_42,circle,0,1,"{""type"":""MultiPoint"",""coordinates"":[]}"
00000000000000000025_0_0,17353.81818181818,4865.090909090909,322.8181818181818,1200.0,17125.81818181818,17191.636363636364,17304.272727272728,17154.0,17220.272727272728,17256.363636363636,234.0,124.0,60.0,2367.0,336.0,132.0,204.0,252.0,213.0,259.0,199.0,1162.0,251.0,9.0,99.0,716.0,31.0,338.0,35.0,2015,MOZ,616,12.299988,-15.191554,36.639347,0.125663706143592,MAR_43,circle,0,1,"{""type"":""MultiPoint"",""coordinates"":[]}"
00000000000000000026_0_0,17353.81818181818,4865.090909090909,322.8181818181818,1200.0,17125.81818181818,17191.636363636364,17304.272727272728,17154.0,17220.272727272728,17256.363636363636,234.0,124.0,60.0,2367.0,336.0,132.0,204.0,252.0,213.0,259.0,199.0,1162.0,251.0,9.0,99.0,716.0,31.0,338.0,35.0,2015,MOZ,616,12.299988,-15.15255,36.639996,0.125663706143592,MAR_44,circle,0,1,"{""type"":""MultiPoint"",""coordinates"":[]}"
00000000000000000027_0_0,17353.81818181818,4865.090909090909,322.8181818181818,1200.0,17125.81818181818,17191.636363636364,17304.272727272728,17154.0,17220.272727272728,17256.363636363636,234.0,124.0,60.0,2367.0,336.0,132.0,204.0,252.0,213.0,259.0,199.0,1162.0,251.0,9.0,99.0,716.0,31.0,338.0,35.0,2015,MOZ,616,12.299988,-15.154373,36.639978,0.125663706143592,MAR_45,circle,0,1,"{""type"":""MultiPoint"",""coordinates"":[]}"
00000000000000000028_0_0,17353.81818181818,4865.090909090909,322.8181818181818,1200.0,17125.81818181818,17191.636363636364,17304.272727272728,17154.0,17220.272727272728,17256.363636363636,234.0,124.0,60.0,2367.0,336.0,132.0,204.0,252.0,213.0,259.0,199.0,1162.0,251.0,9.0,99.0,716.0,31.0,338.0,35.0,2015,MOZ,616,12.299988,-15.158788,36.642421,0.125663706143592,MAR_46,circle,0,1,"{""type"":""MultiPoint"",""coordinates"":[]}"
00000000000000000029_0_0,17353.81818181818,4865.090909090909,322.8181818181818,1200.0,17125.81818181818,17191.636363636364,17304.272727272728,17154.0,17220.272727272728,17256.363636363636,234.0,124.0,60.0,2367.0,336.0,132.0,204.0,252.0,213.0,259.0,199.0,1162.0,251.0,9.0,99.0,716.0,31.0,338.0,35.0,2015,MOZ,616,12.299988,-15.160372,36.642437,0.125663706143592,MAR_47,circle,0,1,"{""type"":""MultiPoint"",""coordinates"":[]}"
0000000000000000002a_0_0,17363.81818181818,4450.181818181818,288.3636363636364,1350.0,17126.454545454544,17194.454545454544,17305.090909090908,17156.727272727272,17221.090909090908,17256.909090909092,231.0,122.0,60.0,2323.0,332.0,131.0,201.0,248.0,209.0,255.0,197.0,1278.0,262.0,12.0,93.0,755.0,42.0,369.0,49.0,2015,MOZ,665,20.100037,-15.264528,36.643259,0.125663706143592,MAR_48,circle,5,1,"{""type"":""MultiPoint"",""coordinates"":[]}"
0000000000000000002b_0_0,17363.81818181818,4450.181818181818,288.3636363636364,1350.0,17126.454545454544,17194.454545454544,17305.090909090908,17156.727272727272,17221.090909090908,17256.909090909092,231.0,122.0,60.0,2323.0,332.0,131.0,201.0,248.0,209.0,255.0,197.0,1278.0,262.0,12.0,93.0,755.0,42.0,369.0,49.0,2015,MOZ,665,20.100037,-15.262879,36.643376,0.125663706143592,MAR_49,circle,5,1,"{""type"":""MultiPoint"",""coordinates"":[]}"
0000000000000000002c_0_0,17353.81818181818,4865.090909090909,322.8181818181818,1200.0,17125.81818181818,17191.636363636364,17304.272727272728,17154.0,17220.272727272728,17256.363636363636,234.0,124.0,60.0,2367.0,336.0,132.0,204.0,252.0,213.0,259.0,199.0,1162.0,251.0,9.0,99.0,716.0,31.0,338.0,35.0,2015,MOZ,616,12.299988,-15.185207,36.647416,0.125663706143592,MAR_50,circle,0,1,"{""type"":""MultiPoint"",""coordinates"":[]}"
0000000000000000002d_0_0,17353.81818181818,4865.090909090909,322.8181818181818,1200.0,17125.81818181818,17191.636363636364,17304.272727272728,17154.0,17220.272727272728,17256.363636363636,234.0,124.0,60.0,2367.0,336.0,132.0,204.0,252.0,213.0,259.0,199.0,1162.0,251.0,9.0,99.0,716.0,31.0,338.0,35.0,2015,MOZ,616,12.299988,-15.173652,36.648421,0.125663706143592,MAR_51,circle,0,1,"{""type"":""MultiPoint"",""coordinates"":[]}"
0000000000000000002e_0_0,17353.81818181818,4865.090909090909,322.8181818181818,1200.0,17125.81818181818,17191.636363636364,17304.272727272728,17154.0,17220.272727272728,17256.363636363636,234.0,124.0,60.0,2367.0,336.0,132.0,204.0,252.0,213.0,259.0,199.0,1162.0,251.0,9.0,99.0,716.0,31.0,338.0,35.0,2015,MOZ,616,12.299988,-15.188365,36.654014,0.125663706143592,MAR_52,circle,0,1,"{""type"":""MultiPoint"",""coordinates"":[]}"
0000000000000000002f_0_0,17353.81818181818,4865.090909090909,322.8181818181818,1200.0,17125.81818181818,17191.636363636364,17304.272727272728,17154.0,17220.272727272728,17256.363636363636,234.0,124.0,60.0,2367.0,336.0,132.0,204.0,252.0,213.0,259.0,199.0,1162.0,251.0,9.0,99.0,716.0,31.0,338.0,35.0,2015,MOZ,616,12.299988,-15.179872,36.65628,0.125663706143592,MAR_53,circle,0,1,"{""type"":""MultiPoint"",""coordinates"":[]}"
00000000000000000030_0_0,17362.454545454544,4615.909090909091,308.45454545454544,1353.5454545454545,17126.636363636364,17196.81818181818,17301.636363636364,17159.545454545456,17225.0,17257.0,229.0,122.0,61.0,2306.0,330.0,130.0,200.0,247.0,207.0,252.0,194.0,1419.0,278.0,15.0,89.0,801.0,56.0,402.0,67.0,2015,MOZ,684,12.0,-15.315685,36.655885,0.125663706143592,MAR_54,circle,-9,1,"{""type"":""MultiPoint"",""coordinates"":[]}"
00000000000000000031_0_0,17363.81818181818,4450.181818181818,288.3636363636364,1350.0,17126.454545454544,17194.454545454544,17305.090909090908,17156.727272727272,17221.090909090908,17256.909090909092,231.0,122.0,60.0,2323.0,332.0,131.0,201.0,248.0,209.0,255.0,197.0,1278.0,262.0,12.0,93.0,755.0,42.0,369.0,49.0,2015,MOZ,665,20.100037,-15.287222,36.658705,0.125663706143592,MAR_56,circle,5,1,"{""type"":""MultiPoint"",""coordinates"":[]}"
00000000000000000032_0_0,17363.81818181818,4450.181818181818,288.3636363636364,1350.0,17126.454545454544,17194.454545454544,17305.090909090908,17156.727272727272,17221.090909090908,17256.909090909092,231.0,122.0,60.0,2323.0,332.0,131.0,201.0,248.0,209.0,255.0,197.0,1278.0,262.0,12.0,93.0,755.0,42.0,369.0,49.0,2015,MOZ,665,20.100037,-15.285396,36.658726,0.125663706143592,MAR_57,circle,5,1,"{""type"":""MultiPoint"",""coordinates"":[]}"
00000000000000000033_0_0,17353.81818181818,4865.090909090909,322.8181818181818,1200.0,17125.81818181818,17191.636363636364,17304.272727272728,17154.0,17220.272727272728,17256.363636363636,234.0,124.0,60.0,2367.0,336.0,132.0,204.0,252.0,213.0,259.0,199.0,1162.0,251.0,9.0,99.0,716.0,31.0,338.0,35.0,2015,MOZ,616,12.299988,-15.176882,36.661331,0.125663706143592,MAR_58,circle,0,1,"{""type"":""MultiPoint"",""coordinates"":[]}"
00000000000000000034_0_0,17363.81818181818,4450.181818181818,288.3636363636364,1350.0,17126.454545454544,17194.454545454544,17305.090909090908,17156.727272727272,17221.090909090908,17256.909090909092,231.0,122.0,60.0,2323.0,332.0,131.0,201.0,248.0,209.0,255.0,197.0,1278.0,262.0,12.0,93.0,755.0,42.0,369.0,49.0,2015,MOZ,665,20.100037,-15.304241,36.662298,0.125663706143592,MAR_59,circle,5,1,"{""type"":""MultiPoint"",""coordinates"":[]}"
00000000000000000035_0_0,17363.81818181818,4450.181818181818,288.3636363636364,1350.0,17126.454545454544,17194.454545454544,17305.090909090908,17156.727272727272,17221.090909090908,17256.909090909092,231.0,122.0,60.0,2323.0,332.0,131.0,201.0,248.0,209.0,255.0,197.0,1278.0,262.0,12.0,93.0,755.0,42.0,369.0,49.0,2015,MOZ,665,20.100037,-15.302446,36.662327,0.125663706143592,MAR_60,circle,5,1,"{""type"":""MultiPoint"",""coordinates"":[]}"
00000000000000000036_0_0,17353.81818181818,4865.090909090909,322.8181818181818,1200.0,17125.81818181818,17191.636363636364,17304.272727272728,17154.0,17220.272727272728,17256.363636363636,234.0,124.0,60.0,2367.0,336.0,132.0,204.0,252.0,213.0,259.0,199.0,1162.0,251.0,9.0,99.0,716.0,31.0,338.0,35.0,2015,MOZ,616,12.299988,-15.175144,36.665955,0.125663706143592,MAR_61,circle,0,1,"{""type"":""MultiPoint"",""coordinates"":[]}"
00000000000000000037_0_0,17353.81818181818,4865.090909090909,322.8181818181818,1200.0,17125.81818181818,17191.636363636364,17304.272727272728,17154.0,17220.272727272728,17256.363636363636,234.0,124.0,60.0,2367.0,336.0,132.0,204.0,252.0,213.0,259.0,199.0,1162.0,251.0,9.0,99.0,716.0,31.0,338.0,35.0,2015,MOZ,616,12.299988,-15.183121,36.668777,0.125663706143592,MAR_62,circle,0,1,"{""type"":""MultiPoint"",""coordinates"":[]}"
00000000000000000038_0_0,17353.81818181818,4865.090909090909,322.8181818181818,1200.0,17125.81818181818,17191.636363636364,17304.272727272728,17154.0,17220.272727272728,17256.363636363636,234.0,124.0,60.0,2367.0,336.0,132.0,204.0,252.0,213.0,259.0,199.0,1162.0,251.0,9.0,99.0,716.0,31.0,338.0,35.0,2015,MOZ,616,12.299988,-15.151132,36.671082,0.125663706143592,MAR_63,circle,0,1,"{""type"":""MultiPoint"",""coordinates"":[]}"
00000000000000000039_0_0,17353.81818181818,4865.090909090909,322.8181818181818,1200.0,17125.81818181818,17191.636363636364,17304.272727272728,17154.0,17220.272727272728,17256.363636363636,234.0,124.0,60.0,2367.0,336.0,132.0,204.0,252.0,213.0,259.0,199.0,1162.0,251.0,9.0,99.0,716.0,31.0,338.0,35.0,2015,MOZ,616,12.299988,-15.149324,36.671117,0.125663706143592,MAR_64,circle,0,1,"{""type"":""MultiPoint"",""coordinates"":[]}"
0000000000000000003c_0_0,17381.636363636364,4287.727272727273,300.8181818181818,1430.909090909091,17136.909090909092,17209.454545454544,17317.363636363636,17166.909090909092,17237.545454545456,17267.272727272728,229.0,122.0,61.0,2292.0,330.0,131.0,199.0,246.0,207.0,253.0,195.0,1295.0,265.0,13.0,93.0,756.0,45.0,370.0,52.0,2015,MOZ,667,0.0,-15.246798,36.675191,0.125663706143592,MAR_67,circle,-5,1,"{""type"":""MultiPoint"",""coordinates"":[]}"
0000000000000000003d_0_0,17381.636363636364,4287.727272727273,300.8181818181818,1430.909090909091,17136.909090909092,17209.454545454544,17317.363636363636,17166.909090909092,17237.545454545456,17267.272727272728,229.0,122.0,61.0,2292.0,330.0,131.0,199.0,246.0,207.0,253.0,195.0,1295.0,265.0,13.0,93.0,756.0,45.0,370.0,52.0,2015,MOZ,667,0.0,-15.244971,36.675229,0.125663706143592,MAR_68,circle,-5,1,"{""type"":""MultiPoint"",""coordinates"":[]}"
0000000000000000003e_0_0,17381.636363636364,4287.727272727273,300.8181818181818,1430.909090909091,17136.909090909092,17209.454545454544,17317.363636363636,17166.909090909092,17237.545454545456,17267.272727272728,229.0,122.0,61.0,2292.0,330.0,131.0,199.0,246.0,207.0,253.0,195.0,1295.0,265.0,13.0,93.0,756.0,45.0,370.0,52.0,2015,MOZ,667,0.0,-15.261528,36.679144,0.125663706143592,MAR_69,circle,-5,1,"{""type"":""MultiPoint"",""coordinates"":[]}"
0000000000000000003f_0_0,17381.636363636364,4287.727272727273,300.8181818181818,1430.909090909091,17136.909090909092,17209.454545454544,17317.363636363636,17166.909090909092,17237.545454545456,17267.272727272728,229.0,122.0,61.0,2292.0,330.0,131.0,199.0,246.0,207.0,253.0,195.0,1295.0,265.0,13.0,93.0,756.0,45.0,370.0,52.0,2015,MOZ,667,0.0,-15.256741,36.68744,0.125663706143592,MAR_71,circle,-5,1,"{""type"":""MultiPoint"",""coordinates"":[]}"
00000000000000000040_0_0,17381.636363636364,4287.727272727273,300.8181818181818,1430.909090909091,17136.909090909092,17209.454545454544,17317.363636363636,17166.909090909092,17237.545454545456,17267.272727272728,229.0,122.0,61.0,2292.0,330.0,131.0,199.0,246.0,207.0,253.0,195.0,1295.0,265.0,13.0,93.0,756.0,45.0,370.0,52.0,2015,MOZ,667,0.0,-15.257016,36.69015,0.125663706143592,MAR_72,circle,-5,1,"{""type"":""MultiPoint"",""coordinates"":[]}"
00000000000000000049_0_0,17381.636363636364,4287.727272727273,300.8181818181818,1430.909090909091,17136.909090909092,17209.454545454544,17317.363636363636,17166.909090909092,17237.545454545456,17267.272727272728,229.0,122.0,61.0,2292.0,330.0,131.0,199.0,246.0,207.0,253.0,195.0,1295.0,265.0,13.0,93.0,756.0,45.0,370.0,52.0,2015,MOZ,667,0.0,-15.266153,36.699615,0.125663706143592,MAR_84,circle,-5,1,"{""type"":""MultiPoint"",""coordinates"":[]}"
0000000000000000004a_0_0,17381.636363636364,4287.727272727273,300.8181818181818,1430.909090909091,17136.909090909092,17209.454545454544,17317.363636363636,17166.909090909092,17237.545454545456,17267.272727272728,229.0,122.0,61.0,2292.0,330.0,131.0,199.0,246.0,207.0,253.0,195.0,1295.0,265.0,13.0,93.0,756.0,45.0,370.0,52.0,2015,MOZ,667,0.0,-15.264351,36.699651,0.125663706143592,MAR_85,circle,-5,1,"{""type"":""MultiPoint"",""coordinates"":[]}"
0000000000000000004e_0_0,17381.636363636364,4287.727272727273,300.8181818181818,1430.909090909091,17136.909090909092,17209.454545454544,17317.363636363636,17166.909090909092,17237.545454545456,17267.272727272728,229.0,122.0,61.0,2292.0,330.0,131.0,199.0,246.0,207.0,253.0,195.0,1295.0,265.0,13.0,93.0,756.0,45.0,370.0,52.0,2015,MOZ,667,0.0,-15.25975,36.707569,0.125663706143592,MAR_90,circle,-5,1,"{""type"":""MultiPoint"",""coordinates"":[]}"
0000000000000000004f_0_0,17381.636363636364,4287.727272727273,300.8181818181818,1430.909090909091,17136.909090909092,17209.454545454544,17317.363636363636,17166.909090909092,17237.545454545456,17267.272727272728,229.0,122.0,61.0,2292.0,330.0,131.0,199.0,246.0,207.0,253.0,195.0,1295.0,265.0,13.0,93.0,756.0,45.0,370.0,52.0,2015,MOZ,667,0.0,-15.261564,36.707556,0.125663706143592,MAR_91,circle,-5,1,"{""type"":""MultiPoint"",""coordinates"":[]}"
00000000000000000053_0_0,17381.636363636364,4287.727272727273,300.8181818181818,1430.909090909091,17136.909090909092,17209.454545454544,17317.363636363636,17166.909090909092,17237.545454545456,17267.272727272728,229.0,122.0,61.0,2292.0,330.0,131.0,199.0,246.0,207.0,253.0,195.0,1295.0,265.0,13.0,93.0,756.0,45.0,370.0,52.0,2015,MOZ,667,0.0,-15.253377,36.754705,0.125663706143592,MAR_97,circle,-5,1,"{""type"":""MultiPoint"",""coordinates"":[]}"
00000000000000000054_0_0,17381.636363636364,4287.727272727273,300.8181818181818,1430.909090909091,17136.909090909092,17209.454545454544,17317.363636363636,17166.909090909092,17237.545454545456,17267.272727272728,229.0,122.0,61.0,2292.0,330.0,131.0,199.0,246.0,207.0,253.0,195.0,1295.0,265.0,13.0,93.0,756.0,45.0,370.0,52.0,2015,MOZ,667,0.0,-15.222133,36.755998,0.125663706143592,MAR_99,circle,-5,1,"{""type"":""MultiPoint"",""coordinates"":[]}"
00000000000000000060_0_0,17372.727272727272,3747.090909090909,270.0,1466.3636363636363,17115.0,17189.545454545456,17309.909090909092,17150.636363636364,17221.363636363636,17256.272727272728,228.0,129.0,60.0,2463.0,333.0,119.0,214.0,247.0,205.0,254.0,191.0,1130.0,255.0,7.0,101.0,699.0,24.0,306.0,26.0,2015,MOZ,676,17.299988,-15.063113,36.99339,0.125663706143592,MAR_119,circle,3,1,"{""type"":""MultiPoint"",""coordinates"":[]}"
00000000000000000061_0_0,17372.727272727272,3747.090909090909,270.0,1466.3636363636363,17115.0,17189.545454545456,17309.909090909092,17150.636363636364,17221.363636363636,17256.272727272728,228.0,129.0,60.0,2463.0,333.0,119.0,214.0,247.0,205.0,254.0,191.0,1130.0,255.0,7.0,101.0,699.0,24.0,306.0,26.0,2015,MOZ,676,17.299988,-15.061309,36.993413,0.125663706143592,MAR_120,circle,3,1,"{""type"":""MultiPoint"",""coordinates"":[]}"
00000000000000000062_0_0,17372.727272727272,3747.090909090909,270.0,1466.3636363636363,17115.0,17189.545454545456,17309.909090909092,17150.636363636364,17221.363636363636,17256.272727272728,228.0,129.0,60.0,2463.0,333.0,119.0,214.0,247.0,205.0,254.0,191.0,1130.0,255.0,7.0,101.0,699.0,24.0,306.0,26.0,2015,MOZ,676,17.299988,-15.095333,36.995054,0.125663706143592,MAR_121,circle,3,1,"{""type"":""MultiPoint"",""coordinates"":[]}"
00000000000000000063_0_0,17372.727272727272,3747.090909090909,270.0,1466.3636363636363,17115.0,17189.545454545456,17309.909090909092,17150.636363636364,17221.363636363636,17256.272727272728,228.0,129.0,60.0,2463.0,333.0,119.0,214.0,247.0,205.0,254.0,191.0,1130.0,255.0,7.0,101.0,699.0,24.0,306.0,26.0,2015,MOZ,676,17.299988,-15.092912,37.006439,0.125663706143592,MAR_122,circle,3,1,"{""type"":""MultiPoint"",""coordinates"":[]}"
00000000000000000064_0_0,17352.909090909092,2446.2727272727275,180.8181818181818,2452.6363636363635,17096.545454545456,17177.636363636364,17298.272727272728,17135.545454545456,17207.81818181818,17240.545454545456,226.0,107.0,59.0,2058.0,314.0,134.0,180.0,239.0,195.0,248.0,195.0,1166.0,303.0,1.0,113.0,780.0,4.0,308.0,4.0,2015,MOZ,762,0.0,-13.408128,37.383515,0.125663706143592,MAR_123,circle,-14,1,"{""type"":""MultiPoint"",""coordinates"":[]}"
00000000000000000065_0_0,17357.272727272728,2547.818181818182,189.45454545454547,2403.3636363636365,17096.0,17179.272727272728,17301.272727272728,17134.272727272728,17209.545454545456,17247.0,225.0,108.0,60.0,2044.0,312.0,134.0,178.0,239.0,195.0,247.0,195.0,1150.0,300.0,1.0,114.0,774.0,3.0,305.0,3.0,2015,MOZ,769,18.200012,-13.407528,37.400956,0.125663706143592,MAR_124,circle,-2,1,"{""type"":""MultiPoint"",""coordinates"":[]}"
00000000000000000066_0_0,17352.909090909092,2446.2727272727275,180.8181818181818,2452.6363636363635,17096.545454545456,17177.636363636364,17298.272727272728,17135.545454545456,17207.81818181818,17240.545454545456,226.0,107.0,59.0,2058.0,314.0,134.0,180.0,239.0,195.0,248.0,195.0,1166.0,303.0,1.0,113.0,780.0,4.0,308.0,4.0,2015,MOZ,762,0.0,-13.405948,37.385143,0.125663706143592,MAR_125,circle,-14,1,"{""type"":""MultiPoint"",""coordinates"":[]}"
00000000000000000067_0_0,17357.272727272728,2547.818181818182,189.45454545454547,2403.3636363636365,17096.0,17179.272727272728,17301.272727272728,17134.272727272728,17209.545454545456,17247.0,225.0,108.0,60.0,2044.0,312.0,134.0,178.0,239.0,195.0,247.0,195.0,1150.0,300.0,1.0,114.0,774.0,3.0,305.0,3.0,2015,MOZ,769,18.200012,-13.405359,37.402568,0.125663706143592,MAR_126,circle,-2,1,"{""type"":""MultiPoint"",""coordinates"":[]}"
00000000000000000068_0_0,17357.272727272728,2547.818181818182,189.45454545454547,2403.3636363636365,17096.0,17179.272727272728,17301.272727272728,17134.272727272728,17209.545454545456,17247.0,225.0,108.0,60.0,2044.0,312.0,134.0,178.0,239.0,195.0,247.0,195.0,1150.0,300.0,1.0,114.0,774.0,3.0,305.0,3.0,2015,MOZ,769,18.200012,-13.394995,37.39837,0.125663706143592,MAR_127,circle,-2,1,"{""type"":""MultiPoint"",""coordinates"":[]}"
00000000000000000069_0_0,17357.272727272728,2547.818181818182,189.45454545454547,2403.3636363636365,17096.0,17179.272727272728,17301.272727272728,17134.272727272728,17209.545454545456,17247.0,225.0,108.0,60.0,2044.0,312.0,134.0,178.0,239.0,195.0,247.0,195.0,1150.0,300.0,1.0,114.0,774.0,3.0,305.0,3.0,2015,MOZ,769,18.200012,-13.392806,37.399996,0.125663706143592,MAR_128,circle,-2,1,"{""type"":""MultiPoint"",""coordinates"":[]}"
0000000000000000006a_0_0,17357.272727272728,2547.818181818182,189.45454545454547,2403.3636363636365,17096.0,17179.272727272728,17301.272727272728,17134.272727272728,17209.545454545456,17247.0,225.0,108.0,60.0,2044.0,312.0,134.0,178.0,239.0,195.0,247.0,195.0,1150.0,300.0,1.0,114.0,774.0,3.0,305.0,3.0,2015,MOZ,769,18.200012,-13.389484,37.414367,0.125663706143592,MAR_129,circle,-2,1,"{""type"":""MultiPoint"",""coordinates"":[]}"
0000000000000000006b_0_0,17357.272727272728,2547.818181818182,189.45454545454547,2403.3636363636365,17096.0,17179.272727272728,17301.272727272728,17134.272727272728,17209.545454545456,17247.0,225.0,108.0,60.0,2044.0,312.0,134.0,178.0,239.0,195.0,247.0,195.0,1150.0,300.0,1.0,114.0,774.0,3.0,305.0,3.0,2015,MOZ,769,18.200012,-13.38732,37.416009,0.125663706143592,MAR_130,circle,-2,1,"{""type"":""MultiPoint"",""coordinates"":[]}"
0000000000000000006c_0_0,17352.909090909092,2446.2727272727275,180.8181818181818,2452.6363636363635,17096.545454545456,17177.636363636364,17298.272727272728,17135.545454545456,17207.81818181818,17240.545454545456,226.0,107.0,59.0,2058.0,314.0,134.0,180.0,239.0,195.0,248.0,195.0,1166.0,303.0,1.0,113.0,780.0,4.0,308.0,4.0,2015,MOZ,762,0.0,-13.378111,37.380545,0.125663706143592,MAR_131,circle,-14,1,"{""type"":""MultiPoint"",""coordinates"":[]}"
0000000000000000006d_0_0,17352.909090909092,2446.2727272727275,180.8181818181818,2452.6363636363635,17096.545454545456,17177.636363636364,17298.272727272728,17135.545454545456,17207.81818181818,17240.545454545456,226.0,107.0,59.0,2058.0,314.0,134.0,180.0,239.0,195.0,248.0,195.0,1166.0,303.0,1.0,113.0,780.0,4.0,308.0,4.0,2015,MOZ,762,0.0,-13.375935,37.382164,0.125663706143592,MAR_132,circle,-14,1,"{""type"":""MultiPoint"",""coordinates"":[]}"
0000000000000000006e_0_0,17357.272727272728,2547.818181818182,189.45454545454547,2403.3636363636365,17096.0,17179.272727272728,17301.272727272728,17134.272727272728,17209.545454545456,17247.0,225.0,108.0,60.0,2044.0,312.0,134.0,178.0,239.0,195.0,247.0,195.0,1150.0,300.0,1.0,114.0,774.0,3.0,305.0,3.0,2015,MOZ,769,18.200012,-13.374807,37.406821,0.125663706143592,MAR_133,circle,-2,1,"{""type"":""MultiPoint"",""coordinates"":[]}"
0000000000000000006f_0_0,17357.272727272728,2547.818181818182,189.45454545454547,2403.3636363636365,17096.0,17179.272727272728,17301.272727272728,17134.272727272728,17209.545454545456,17247.0,225.0,108.0,60.0,2044.0,312.0,134.0,178.0,239.0,195.0,247.0,195.0,1150.0,300.0,1.0,114.0,774.0,3.0,305.0,3.0,2015,MOZ,769,18.200012,-13.373121,37.410778,0.125663706143592,MAR_134,circle,-2,1,"{""type"":""MultiPoint"",""coordinates"":[]}"
00000000000000000070_0_0,17357.272727272728,2547.818181818182,189.45454545454547,2403.3636363636365,17096.0,17179.272727272728,17301.272727272728,17134.272727272728,17209.545454545456,17247.0,225.0,108.0,60.0,2044.0,312.0,134.0,178.0,239.0,195.0,247.0,195.0,1150.0,300.0,1.0,114.0,774.0,3.0,305.0,3.0,2015,MOZ,769,18.200012,-13.371005,37.410883,0.125663706143592,MAR_135,circle,-2,1,"{""type"":""MultiPoint"",""coordinates"":[]}"
00000000000000000071_0_0,17357.272727272728,2547.818181818182,189.45454545454547,2403.3636363636365,17096.0,17179.272727272728,17301.272727272728,17134.272727272728,17209.545454545456,17247.0,225.0,108.0,60.0,2044.0,312.0,134.0,178.0,239.0,195.0,247.0,195.0,1150.0,300.0,1.0,114.0,774.0,3.0,305.0,3.0,2015,MOZ,769,18.200012,-13.370005,37.410789,0.125663706143592,MAR_136,circle,-2,1,"{""type"":""MultiPoint"",""coordinates"":[]}"
00000000000000000072_0_0,17357.272727272728,2547.818181818182,189.45454545454547,2403.3636363636365,17096.0,17179.272727272728,17301.272727272728,17134.272727272728,17209.545454545456,17247.0,225.0,108.0,60.0,2044.0,312.0,134.0,178.0,239.0,195.0,247.0,195.0,1150.0,300.0,1.0,114.0,774.0,3.0,305.0,3.0,2015,MOZ,769,18.200012,-13.369503,37.427826,0.125663706143592,MAR_137,circle,-2,1,"{""type"":""MultiPoint"",""coordinates"":[]}"
00000000000000000073_0_0,17357.272727272728,2547.818181818182,189.45454545454547,2403.3636363636365,17096.0,17179.272727272728,17301.272727272728,17134.272727272728,17209.545454545456,17247.0,225.0,108.0,60.0,2044.0,312.0,134.0,178.0,239.0,195.0,247.0,195.0,1150.0,300.0,1.0,114.0,774.0,3.0,305.0,3.0,2015,MOZ,769,18.200012,-13.367764,37.414477,0.125663706143592,MAR_138,circle,-2,1,"{""type"":""MultiPoint"",""coordinates"":[]}"
00000000000000000074_0_0,17357.272727272728,2547.818181818182,189.45454545454547,2403.3636363636365,17096.0,17179.272727272728,17301.272727272728,17134.272727272728,17209.545454545456,17247.0,225.0,108.0,60.0,2044.0,312.0,134.0,178.0,239.0,195.0,247.0,195.0,1150.0,300.0,1.0,114.0,774.0,3.0,305.0,3.0,2015,MOZ,769,18.200012,-13.366429,37.427873,0.125663706143592,MAR_139,circle,-2,1,"{""type"":""MultiPoint"",""coordinates"":[]}"
00000000000000000075_0_0,17357.272727272728,2547.818181818182,189.45454545454547,2403.3636363636365,17096.0,17179.272727272728,17301.272727272728,17134.272727272728,17209.545454545456,17247.0,225.0,108.0,60.0,2044.0,312.0,134.0,178.0,239.0,195.0,247.0,195.0,1150.0,300.0,1.0,114.0,774.0,3.0,305.0,3.0,2015,MOZ,769,18.200012,-13.364697,37.414471,0.125663706143592,MAR_140,circle,-2,1,"{""type"":""MultiPoint"",""coordinates"":[]}"
00000000000000000076_0_0,17352.909090909092,2446.2727272727275,180.8181818181818,2452.6363636363635,17096.545454545456,17177.636363636364,17298.272727272728,17135.545454545456,17207.81818181818,17240.545454545456,226.0,107.0,59.0,2058.0,314.0,134.0,180.0,239.0,195.0,248.0,195.0,1166.0,303.0,1.0,113.0,780.0,4.0,308.0,4.0,2015,MOZ,762,0.0,-13.362556,37.386087,0.125663706143592,MAR_141,circle,-14,1,"{""type"":""MultiPoint"",""coordinates"":[]}"
00000000000000000077_0_0,17352.909090909092,2446.2727272727275,180.8181818181818,2452.6363636363635,17096.545454545456,17177.636363636364,17298.272727272728,17135.545454545456,17207.81818181818,17240.545454545456,226.0,107.0,59.0,2058.0,314.0,134.0,180.0,239.0,195.0,248.0,195.0,1166.0,303.0,1.0,113.0,780.0,4.0,308.0,4.0,2015,MOZ,762,0.0,-13.360803,37.391229,0.125663706143592,MAR_142,circle,-14,1,"{""type"":""MultiPoint"",""coordinates"":[]}"
00000000000000000078_0_0,17352.909090909092,2446.2727272727275,180.8181818181818,2452.6363636363635,17096.545454545456,17177.636363636364,17298.272727272728,17135.545454545456,17207.81818181818,17240.545454545456,226.0,107.0,59.0,2058.0,314.0,134.0,180.0,239.0,195.0,248.0,195.0,1166.0,303.0,1.0,113.0,780.0,4.0,308.0,4.0,2015,MOZ,762,0.0,-13.360388,37.387721,0.125663706143592,MAR_143,circle,-14,1,"{""type"":""MultiPoint"",""coordinates"":[]}"
00000000000000000079_0_0,17357.272727272728,2547.818181818182,189.45454545454547,2403.3636363636365,17096.0,17179.272727272728,17301.272727272728,17134.272727272728,17209.545454545456,17247.0,225.0,108.0,60.0,2044.0,312.0,134.0,178.0,239.0,195.0,247.0,195.0,1150.0,300.0,1.0,114.0,774.0,3.0,305.0,3.0,2015,MOZ,769,18.200012,-13.360155,37.421975,0.125663706143592,MAR_144,circle,-2,1,"{""type"":""MultiPoint"",""coordinates"":[]}"
0000000000000000007a_0_0,17352.909090909092,2446.2727272727275,180.8181818181818,2452.6363636363635,17096.545454545456,17177.636363636364,17298.272727272728,17135.545454545456,17207.81818181818,17240.545454545456,226.0,107.0,59.0,2058.0,314.0,134.0,180.0,239.0,195.0,248.0,195.0,1166.0,303.0,1.0,113.0,780.0,4.0,308.0,4.0,2015,MOZ,762,0.0,-13.35776,37.391256,0.125663706143592,MAR_145,circle,-14,1,"{""type"":""MultiPoint"",""coordinates"":[]}"
0000000000000000007b_0_0,17357.272727272728,2547.818181818182,189.45454545454547,2403.3636363636365,17096.0,17179.272727272728,17301.272727272728,17134.272727272728,17209.545454545456,17247.0,225.0,108.0,60.0,2044.0,312.0,134.0,178.0,239.0,195.0,247.0,195.0,1150.0,300.0,1.0,114.0,774.0,3.0,305.0,3.0,2015,MOZ,769,18.200012,-13.357089,37.421982,0.125663706143592,MAR_146,circle,-2,1,"{""type"":""MultiPoint"",""coordinates"":[]}"
0000000000000000007c_0_0,17357.272727272728,2547.818181818182,189.45454545454547,2403.3636363636365,17096.0,17179.272727272728,17301.272727272728,17134.272727272728,17209.545454545456,17247.0,225.0,108.0,60.0,2044.0,312.0,134.0,178.0,239.0,195.0,247.0,195.0,1150.0,300.0,1.0,114.0,774.0,3.0,305.0,3.0,2015,MOZ,769,18.200012,-13.340217,37.433666,0.125663706143592,MAR_147,circle,-2,1,"{""type"":""MultiPoint"",""coordinates"":[]}"
0000000000000000007d_0_0,17357.272727272728,2547.818181818182,189.45454545454547,2403.3636363636365,17096.0,17179.272727272728,17301.272727272728,17134.272727272728,17209.545454545456,17247.0,225.0,108.0,60.0,2044.0,312.0,134.0,178.0,239.0,195.0,247.0,195.0,1150.0,300.0,1.0,114.0,774.0,3.0,305.0,3.0,2015,MOZ,769,18.200012,-13.337872,37.395294,0.125663706143592,MAR_148,circle,-2,1,"{""type"":""MultiPoint"",""coordinates"":[]}"
0000000000000000007e_0_0,17357.272727272728,2547.818181818182,189.45454545454547,2403.3636363636365,17096.0,17179.272727272728,17301.272727272728,17134.272727272728,17209.545454545456,17247.0,225.0,108.0,60.0,2044.0,312.0,134.0,178.0,239.0,195.0,247.0,195.0,1150.0,300.0,1.0,114.0,774.0,3.0,305.0,3.0,2015,MOZ,769,18.200012,-13.336734,37.433706,0.125663706143592,MAR_149,circle,-2,1,"{""type"":""MultiPoint"",""coordinates"":[]}"
0000000000000000007f_0_0,17357.272727272728,2547.818181818182,189.45454545454547,2403.3636363636365,17096.0,17179.272727272728,17301.272727272728,17134.272727272728,17209.545454545456,17247.0,225.0,108.0,60.0,2044.0,312.0,134.0,178.0,239.0,195.0,247.0,195.0,1150.0,300.0,1.0,114.0,774.0,3.0,305.0,3.0,2015,MOZ,769,18.200012,-13.335647,37.422342,0.125663706143592,MAR_150,circle,-2,1,"{""type"":""MultiPoint"",""coordinates"":[]}"
000000000000000000cb_0_0,17373.454545454544,3015.181818181818,229.54545454545453,1926.090909090909,17105.363636363636,17190.0,17306.727272727272,17148.81818181818,17221.363636363636,17257.090909090908,240.0,110.0,60.0,2012.0,329.0,147.0,182.0,250.0,211.0,263.0,211.0,1140.0,287.0,1.0,112.0,753.0,4.0,289.0,4.0,2015,MOZ,547,7.699951,-13.137297,37.451408,0.125663706143592,MAR_231,circle,-5,1,"{""type"":""MultiPoint"",""coordinates"":[]}"
000000000000000000cc_0_0,17373.454545454544,3015.181818181818,229.54545454545453,1926.090909090909,17105.363636363636,17190.0,17306.727272727272,17148.81818181818,17221.363636363636,17257.090909090908,240.0,110.0,60.0,2012.0,329.0,147.0,182.0,250.0,211.0,263.0,211.0,1140.0,287.0,1.0,112.0,753.0,4.0,289.0,4.0,2015,MOZ,547,7.699951,-13.135695,37.437989,0.125663706143592,MAR_232,circle,-5,1,"{""type"":""MultiPoint"",""coordinates"":[]}"
000000000000000000cd_0_0,17373.454545454544,3015.181818181818,229.54545454545453,1926.090909090909,17105.363636363636,17190.0,17306.727272727272,17148.81818181818,17221.363636363636,17257.090909090908,240.0,110.0,60.0,2012.0,329.0,147.0,182.0,250.0,211.0,263.0,211.0,1140.0,287.0,1.0,112.0,753.0,4.0,289.0,4.0,2015,MOZ,547,7.699951,-13.135193,37.426451,0.125663706143592,MAR_233,circle,-5,1,"{""type"":""MultiPoint"",""coordinates"":[]}"
000000000000000000ce_0_0,17373.454545454544,3015.181818181818,229.54545454545453,1926.090909090909,17105.363636363636,17190.0,17306.727272727272,17148.81818181818,17221.363636363636,17257.090909090908,240.0,110.0,60.0,2012.0,329.0,147.0,182.0,250.0,211.0,263.0,211.0,1140.0,287.0,1.0,112.0,753.0,4.0,289.0,4.0,2015,MOZ,547,7.699951,-13.13376,37.45117,0.125663706143592,MAR_234,circle,-5,1,"{""type"":""MultiPoint"",""coordinates"":[]}"
000000000000000000cf_0_0,17373.454545454544,3015.181818181818,229.54545454545453,1926.090909090909,17105.363636363636,17190.0,17306.727272727272,17148.81818181818,17221.363636363636,17257.090909090908,240.0,110.0,60.0,2012.0,329.0,147.0,182.0,250.0,211.0,263.0,211.0,1140.0,287.0,1.0,112.0,753.0,4.0,289.0,4.0,2015,MOZ,547,7.699951,-13.13213,37.4377,0.125663706143592,MAR_235,circle,-5,1,"{""type"":""MultiPoint"",""coordinates"":[]}"
000000000000000000d0_0_0,17373.454545454544,3015.181818181818,229.54545454545453,1926.090909090909,17105.363636363636,17190.0,17306.727272727272,17148.81818181818,17221.363636363636,17257.090909090908,240.0,110.0,60.0,2012.0,329.0,147.0,182.0,250.0,211.0,263.0,211.0,1140.0,287.0,1.0,112.0,753.0,4.0,289.0,4.0,2015,MOZ,547,7.699951,-13.131625,37.42621,0.125663706143592,MAR_236,circle,-5,1,"{""type"":""MultiPoint"",""coordinates"":[]}"
000000000000000000d1_0_0,17373.454545454544,3015.181818181818,229.54545454545453,1926.090909090909,17105.363636363636,17190.0,17306.727272727272,17148.81818181818,17221.363636363636,17257.090909090908,240.0,110.0,60.0,2012.0,329.0,147.0,182.0,250.0,211.0,263.0,211.0,1140.0,287.0,1.0,112.0,753.0,4.0,289.0,4.0,2015,MOZ,547,7.699951,-13.128389,37.467831,0.125663706143592,MAR_237,circle,-5,1,"{""type"":""MultiPoint"",""coordinates"":[]}"
000000000000000000d2_0_0,17373.454545454544,3015.181818181818,229.54545454545453,1926.090909090909,17105.363636363636,17190.0,17306.727272727272,17148.81818181818,17221.363636363636,17257.090909090908,240.0,110.0,60.0,2012.0,329.0,147.0,182.0,250.0,211.0,263.0,211.0,1140.0,287.0,1.0,112.0,753.0,4.0,289.0,4.0,2015,MOZ,547,7.699951,-13.127372,37.436689,0.125663706143592,MAR_238,circle,-5,1,"{""type"":""MultiPoint"",""coordinates"":[]}"
000000000000000000d3_0_0,17373.454545454544,3015.181818181818,229.54545454545453,1926.090909090909,17105.363636363636,17190.0,17306.727272727272,17148.81818181818,17221.363636363636,17257.090909090908,240.0,110.0,60.0,2012.0,329.0,147.0,182.0,250.0,211.0,263.0,211.0,1140.0,287.0,1.0,112.0,753.0,4.0,289.0,4.0,2015,MOZ,547,7.699951,-13.125349,37.471627,0.125663706143592,MAR_239,circle,-5,1,"{""type"":""MultiPoint"",""coordinates"":[]}"
000000000000000000d4_0_0,17373.454545454544,3015.181818181818,229.54545454545453,1926.090909090909,17105.363636363636,17190.0,17306.727272727272,17148.81818181818,17221.363636363636,17257.090909090908,240.0,110.0,60.0,2012.0,329.0,147.0,182.0,250.0,211.0,263.0,211.0,1140.0,287.0,1.0,112.0,753.0,4.0,289.0,4.0,2015,MOZ,547,7.699951,-13.121796,37.471373,0.125663706143592,MAR_240,circle,-5,1,"{""type"":""MultiPoint"",""coordinates"":[]}"
000000000000000000d5_0_0,17373.454545454544,3015.181818181818,229.54545454545453,1926.090909090909,17105.363636363636,17190.0,17306.727272727272,17148.81818181818,17221.363636363636,17257.090909090908,240.0,110.0,60.0,2012.0,329.0,147.0,182.0,250.0,211.0,263.0,211.0,1140.0,287.0,1.0,112.0,753.0,4.0,289.0,4.0,2015,MOZ,547,7.699951,-13.115447,37.46112,0.125663706143592,MAR_241,circle,-5,1,"{""type"":""MultiPoint"",""coordinates"":[]}"
000000000000000000d6_0_0,17373.454545454544,3015.181818181818,229.54545454545453,1926.090909090909,17105.363636363636,17190.0,17306.727272727272,17148.81818181818,17221.363636363636,17257.090909090908,240.0,110.0,60.0,2012.0,329.0,147.0,182.0,250.0,211.0,263.0,211.0,1140.0,287.0,1.0,112.0,753.0,4.0,289.0,4.0,2015,MOZ,547,7.699951,-13.113615,37.460981,0.125663706143592,MAR_242,circle,-5,1,"{""type"":""MultiPoint"",""coordinates"":[]}"
000000000000000000d7_0_0,17215.666666666668,2309.8888888888887,152.22222222222223,1951.6666666666667,16957.444444444445,17029.88888888889,17157.333333333332,16986.777777777777,17054.666666666668,17084.0,244.0,142.0,59.0,3122.0,349.0,112.0,237.0,278.0,214.0,278.0,199.0,563.0,107.0,9.0,77.0,300.0,34.0,300.0,35.0,2014,MOZ,71,3.2999954,-24.00767,32.842999,0.125663706143592,MAR_243,circle,2,1,"{""type"":""MultiPoint"",""coordinates"":[]}"
000000000000000000d8_0_0,17215.666666666668,2309.8888888888887,152.22222222222223,1951.6666666666667,16957.444444444445,17029.88888888889,17157.333333333332,16986.777777777777,17054.666666666668,17084.0,244.0,142.0,59.0,3122.0,349.0,112.0,237.0,278.0,214.0,278.0,199.0,563.0,107.0,9.0,77.0,300.0,34.0,300.0,35.0,2014,MOZ,71,3.2999954,-24.002431,32.871749,0.125663706143592,MAR_244,circle,2,1,"{""type"":""MultiPoint"",""coordinates"":[]}"
000000000000000000d9_0_0,17215.666666666668,2309.8888888888887,152.22222222222223,1951.6666666666667,16957.444444444445,17029.88888888889,17157.333333333332,16986.777777777777,17054.666666666668,17084.0,244.0,142.0,59.0,3122.0,349.0,112.0,237.0,278.0,214.0,278.0,199.0,563.0,107.0,9.0,77.0,300.0,34.0,300.0,35.0,2014,MOZ,71,3.2999954,-24.000108,32.861936,0.125663706143592,MAR_245,circle,2,1,"{""type"":""MultiPoint"",""coordinates"":[]}"
000000000000000000da_0_0,17215.666666666668,2309.8888888888887,152.22222222222223,1951.6666666666667,16957.444444444445,17029.88888888889,17157.333333333332,16986.777777777777,17054.666666666668,17084.0,244.0,142.0,59.0,3122.0,349.0,112.0,237.0,278.0,214.0,278.0,199.0,563.0,107.0,9.0,77.0,300.0,34.0,300.0,35.0,2014,MOZ,71,3.2999954,-23.997747,32.874729,0.125663706143592,MAR_246,circle,2,1,"{""type"":""MultiPoint"",""coordinates"":[]}"
000000000000000000db_0_0,17215.666666666668,2309.8888888888887,152.22222222222223,1951.6666666666667,16957.444444444445,17029.88888888889,17157.333333333332,16986.777777777777,17054.666666666668,17084.0,244.0,142.0,59.0,3122.0,349.0,112.0,237.0,278.0,214.0,278.0,199.0,563.0,107.0,9.0,77.0,300.0,34.0,300.0,35.0,2014,MOZ,71,3.2999954,-23.992707,32.872003,0.125663706143592,MAR_247,circle,2,1,"{""type"":""MultiPoint"",""coordinates"":[]}"
000000000000000000dc_0_0,17215.666666666668,2309.8888888888887,152.22222222222223,1951.6666666666667,16957.444444444445,17029.88888888889,17157.333333333332,16986.777777777777,17054.666666666668,17084.0,244.0,142.0,59.0,3122.0,349.0,112.0,237.0,278.0,214.0,278.0,199.0,563.0,107.0,9.0,77.0,300.0,34.0,300.0,35.0,2014,MOZ,71,3.2999954,-23.983897,32.878139,0.125663706143592,MAR_248,circle,2,1,"{""type"":""MultiPoint"",""coordinates"":[]}"
000000000000000000dd_0_0,17215.666666666668,2309.8888888888887,152.22222222222223,1951.6666666666667,16957.444444444445,17029.88888888889,17157.333333333332,16986.777777777777,17054.666666666668,17084.0,244.0,142.0,59.0,3122.0,349.0,112.0,237.0,278.0,214.0,278.0,199.0,563.0,107.0,9.0,77.0,300.0,34.0,300.0,35.0,2014,MOZ,71,3.2999954,-23.983386,32.854725,0.125663706143592,MAR_249,circle,2,1,"{""type"":""MultiPoint"",""coordinates"":[]}"
000000000000000000de_0_0,17215.666666666668,2309.8888888888887,152.22222222222223,1951.6666666666667,16957.444444444445,17029.88888888889,17157.333333333332,16986.777777777777,17054.666666666668,17084.0,244.0,142.0,59.0,3122.0,349.0,112.0,237.0,278.0,214.0,278.0,199.0,563.0,107.0,9.0,77.0,300.0,34.0,300.0,35.0,2014,MOZ,71,3.2999954,-23.9822178,32.84935875,0.125663706143592,MAR_250,circle,2,1,"{""type"":""MultiPoint"",""coordinates"":[]}"
000000000000000000df_0_0,17215.666666666668,2309.8888888888887,152.22222222222223,1951.6666666666667,16957.444444444445,17029.88888888889,17157.333333333332,16986.777777777777,17054.666666666668,17084.0,244.0,142.0,59.0,3122.0,349.0,112.0,237.0,278.0,214.0,278.0,199.0,563.0,107.0,9.0,77.0,300.0,34.0,300.0,35.0,2014,MOZ,71,3.2999954,-23.980824,32.890332,0.125663706143592,MAR_251,circle,2,1,"{""type"":""MultiPoint"",""coordinates"":[]}"
000000000000000000e0_0_0,17215.666666666668,2309.8888888888887,152.22222222222223,1951.6666666666667,16957.444444444445,17029.88888888889,17157.333333333332,16986.777777777777,17054.666666666668,17084.0,244.0,142.0,59.0,3122.0,349.0,112.0,237.0,278.0,214.0,278.0,199.0,563.0,107.0,9.0,77.0,300.0,34.0,300.0,35.0,2014,MOZ,71,3.2999954,-23.9775078,32.85433823,0.125663706143592,MAR_252,circle,2,1,"{""type"":""MultiPoint"",""coordinates"":[]}"
000000000000000000e1_0_0,17215.666666666668,2309.8888888888887,152.22222222222223,1951.6666666666667,16957.444444444445,17029.88888888889,17157.333333333332,16986.777777777777,17054.666666666668,17084.0,244.0,142.0,59.0,3122.0,349.0,112.0,237.0,278.0,214.0,278.0,199.0,563.0,107.0,9.0,77.0,300.0,34.0,300.0,35.0,2014,MOZ,71,3.2999954,-23.975063,32.883254,0.125663706143592,MAR_253,circle,2,1,"{""type"":""MultiPoint"",""coordinates"":[]}"
000000000000000000e2_0_0,17197.8,2277.2,151.4,1912.7,16938.7,17014.5,17141.1,16972.5,17038.8,17067.6,245.0,142.0,60.0,3086.0,350.0,115.0,235.0,278.0,215.0,278.0,201.0,565.0,108.0,9.0,76.0,302.0,34.0,302.0,35.0,2014,MOZ,61,0.6000023,-23.973997,32.905042,0.125663706143592,MAR_254,circle,0,1,"{""type"":""MultiPoint"",""coordinates"":[]}"
000000000000000000e3_0_0,17215.666666666668,2309.8888888888887,152.22222222222223,1951.6666666666667,16957.444444444445,17029.88888888889,17157.333333333332,16986.777777777777,17054.666666666668,17084.0,244.0,142.0,59.0,3122.0,349.0,112.0,237.0,278.0,214.0,278.0,199.0,563.0,107.0,9.0,77.0,300.0,34.0,300.0,35.0,2014,MOZ,71,3.2999954,-23.96524,32.855095,0.125663706143592,MAR_255,circle,2,1,"{""type"":""MultiPoint"",""coordinates"":[]}"
000000000000000000e4_0_0,17215.666666666668,2309.8888888888887,152.22222222222223,1951.6666666666667,16957.444444444445,17029.88888888889,17157.333333333332,16986.777777777777,17054.666666666668,17084.0,244.0,142.0,59.0,3122.0,349.0,112.0,237.0,278.0,214.0,278.0,199.0,563.0,107.0,9.0,77.0,300.0,34.0,300.0,35.0,2014,MOZ,71,3.2999954,-23.964393,32.875087,0.125663706143592,MAR_256,circle,2,1,"{""type"":""MultiPoint"",""coordinates"":[]}"
000000000000000000e5_0_0,17215.666666666668,2309.8888888888887,152.22222222222223,1951.6666666666667,16957.444444444445,17029.88888888889,17157.333333333332,16986.777777777777,17054.666666666668,17084.0,244.0,142.0,59.0,3122.0,349.0,112.0,237.0,278.0,214.0,278.0,199.0,563.0,107.0,9.0,77.0,300.0,34.0,300.0,35.0,2014,MOZ,71,3.2999954,-23.960589,32.848663,0.125663706143592,MAR_257,circle,2,1,"{""type"":""MultiPoint"",""coordinates"":[]}"
000000000000000000e6_0_0,17583.0,2800.3333333333335,191.77777777777777,1682.7777777777778,17352.0,17428.11111111111,17534.333333333332,17386.88888888889,17454.88888888889,17483.555555555555,241.0,143.0,59.0,3223.0,346.0,107.0,239.0,277.0,196.0,277.0,196.0,558.0,103.0,8.0,75.0,295.0,34.0,295.0,34.0,2014,MOZ,84,3.9000015,-23.959282,32.69998,0.125663706143592,MAR_258,circle,-1,1,"{""type"":""MultiPoint"",""coordinates"":[]}"
000000000000000000e7_0_0,17215.666666666668,2309.8888888888887,152.22222222222223,1951.6666666666667,16957.444444444445,17029.88888888889,17157.333333333332,16986.777777777777,17054.666666666668,17084.0,244.0,142.0,59.0,3122.0,349.0,112.0,237.0,278.0,214.0,278.0,199.0,563.0,107.0,9.0,77.0,300.0,34.0,300.0,35.0,2014,MOZ,71,3.2999954,-23.9579456,32.84693965,0.125663706143592,MAR_259,circle,2,1,"{""type"":""MultiPoint"",""coordinates"":[]}"
000000000000000000e8_0_0,17215.666666666668,2309.8888888888887,152.22222222222223,1951.6666666666667,16957.444444444445,17029.88888888889,17157.333333333332,16986.777777777777,17054.666666666668,17084.0,244.0,142.0,59.0,3122.0,349.0,112.0,237.0,278.0,214.0,278.0,199.0,563.0,107.0,9.0,77.0,300.0,34.0,300.0,35.0,2014,MOZ,71,3.2999954,-23.956977,32.884469,0.125663706143592,MAR_260,circle,2,1,"{""type"":""MultiPoint"",""coordinates"":[]}"
000000000000000000e9_0_0,17583.0,2800.3333333333335,191.77777777777777,1682.7777777777778,17352.0,17428.11111111111,17534.333333333332,17386.88888888889,17454.88888888889,17483.555555555555,241.0,143.0,59.0,3223.0,346.0,107.0,239.0,277.0,196.0,277.0,196.0,558.0,103.0,8.0,75.0,295.0,34.0,295.0,34.0,2014,MOZ,84,3.9000015,-23.955345,32.694032,0.125663706143592,MAR_261,circle,-1,1,"{""type"":""MultiPoint"",""coordinates"":[]}"
000000000000000000ea_0_0,17215.666666666668,2309.8888888888887,152.22222222222223,1951.6666666666667,16957.444444444445,17029.88888888889,17157.333333333332,16986.777777777777,17054.666666666668,17084.0,244.0,142.0,59.0,3122.0,349.0,112.0,237.0,278.0,214.0,278.0,199.0,563.0,107.0,9.0,77.0,300.0,34.0,300.0,35.0,2014,MOZ,71,3.2999954,-23.955211,32.87274557,0.125663706143592,MAR_262,circle,2,1,"{""type"":""MultiPoint"",""coordinates"":[]}"
000000000000000000eb_0_0,17583.0,2800.3333333333335,191.77777777777777,1682.7777777777778,17352.0,17428.11111111111,17534.333333333332,17386.88888888889,17454.88888888889,17483.555555555555,241.0,143.0,59.0,3223.0,346.0,107.0,239.0,277.0,196.0,277.0,196.0,558.0,103.0,8.0,75.0,295.0,34.0,295.0,34.0,2014,MOZ,84,3.9000015,-23.950463,32.695174,0.125663706143592,MAR_263,circle,-1,1,"{""type"":""MultiPoint"",""coordinates"":[]}"
000000000000000000ec_0_0,17215.666666666668,2309.8888888888887,152.22222222222223,1951.6666666666667,16957.444444444445,17029.88888888889,17157.333333333332,16986.777777777777,17054.666666666668,17084.0,244.0,142.0,59.0,3122.0,349.0,112.0,237.0,278.0,214.0,278.0,199.0,563.0,107.0,9.0,77.0,300.0,34.0,300.0,35.0,2014,MOZ,71,3.2999954,-23.9493907,32.87436529,0.125663706143592,MAR_264,circle,2,1,"{""type"":""MultiPoint"",""coordinates"":[]}"
000000000000000000ed_0_0,17215.666666666668,2309.8888888888887,152.22222222222223,1951.6666666666667,16957.444444444445,17029.88888888889,17157.333333333332,16986.777777777777,17054.666666666668,17084.0,244.0,142.0,59.0,3122.0,349.0,112.0,237.0,278.0,214.0,278.0,199.0,563.0,107.0,9.0,77.0,300.0,34.0,300.0,35.0,2014,MOZ,71,3.2999954,-23.948809,32.826704,0.125663706143592,MAR_265,circle,2,1,"{""type"":""MultiPoint"",""coordinates"":[]}"
000000000000000000ee_0_0,17583.0,2800.3333333333335,191.77777777777777,1682.7777777777778,17352.0,17428.11111111111,17534.333333333332,17386.88888888889,17454.88888888889,17483.555555555555,241.0,143.0,59.0,3223.0,346.0,107.0,239.0,277.0,196.0,277.0,196.0,558.0,103.0,8.0,75.0,295.0,34.0,295.0,34.0,2014,MOZ,84,3.9000015,-23.948422,32.689168,0.125663706143592,MAR_266,circle,-1,1,"{""type"":""MultiPoint"",""coordinates"":[]}"
000000000000000000ef_0_0,17215.666666666668,2309.8888888888887,152.22222222222223,1951.6666666666667,16957.444444444445,17029.88888888889,17157.333333333332,16986.777777777777,17054.666666666668,17084.0,244.0,142.0,59.0,3122.0,349.0,112.0,237.0,278.0,214.0,278.0,199.0,563.0,107.0,9.0,77.0,300.0,34.0,300.0,35.0,2014,MOZ,71,3.2999954,-23.947327,32.822782,0.125663706143592,MAR_267,circle,2,1,"{""type"":""MultiPoint"",""coordinates"":[]}"
000000000000000000f0_0_0,17215.666666666668,2309.8888888888887,152.22222222222223,1951.6666666666667,16957.444444444445,17029.88888888889,17157.333333333332,16986.777777777777,17054.666666666668,17084.0,244.0,142.0,59.0,3122.0,349.0,112.0,237.0,278.0,214.0,278.0,199.0,563.0,107.0,9.0,77.0,300.0,34.0,300.0,35.0,2014,MOZ,71,3.2999954,-23.945152,32.82279,0.125663706143592,MAR_268,circle,2,1,"{""type"":""MultiPoint"",""coordinates"":[]}"
000000000000000000f1_0_0,17390.5,2345.3,156.3,1801.7,17154.3,17226.7,17334.7,17184.0,17251.7,17282.5,242.0,142.0,59.0,3154.0,347.0,110.0,237.0,277.0,198.0,277.0,198.0,562.0,105.0,8.0,76.0,298.0,34.0,298.0,34.0,2014,MOZ,83,1.199997,-23.943722,32.75748722,0.125663706143592,MAR_269,circle,0,1,"{""type"":""MultiPoint"",""coordinates"":[]}"
000000000000000000f2_0_0,17390.5,2345.3,156.3,1801.7,17154.3,17226.7,17334.7,17184.0,17251.7,17282.5,242.0,142.0,59.0,3154.0,347.0,110.0,237.0,277.0,198.0,277.0,198.0,562.0,105.0,8.0,76.0,298.0,34.0,298.0,34.0,2014,MOZ,83,1.199997,-23.94179,32.753738,0.125663706143592,MAR_270,circle,0,1,"{""type"":""MultiPoint"",""coordinates"":[]}"
000000000000000000f3_0_0,17215.666666666668,2309.8888888888887,152.22222222222223,1951.6666666666667,16957.444444444445,17029.88888888889,17157.333333333332,16986.777777777777,17054.666666666668,17084.0,244.0,142.0,59.0,3122.0,349.0,112.0,237.0,278.0,214.0,278.0,199.0,563.0,107.0,9.0,77.0,300.0,34.0,300.0,35.0,2014,MOZ,71,3.2999954,-23.941639,32.870925,0.125663706143592,MAR_271,circle,2,1,"{""type"":""MultiPoint"",""coordinates"":[]}"
000000000000000000f4_0_0,17583.0,2800.3333333333335,191.77777777777777,1682.7777777777778,17352.0,17428.11111111111,17534.333333333332,17386.88888888889,17454.88888888889,17483.555555555555,241.0,143.0,59.0,3223.0,346.0,107.0,239.0,277.0,196.0,277.0,196.0,558.0,103.0,8.0,75.0,295.0,34.0,295.0,34.0,2014,MOZ,84,3.9000015,-23.937446,32.710543,0.125663706143592,MAR_272,circle,-1,1,"{""type"":""MultiPoint"",""coordinates"":[]}"
000000000000000000f5_0_0,17583.0,2800.3333333333335,191.77777777777777,1682.7777777777778,17352.0,17428.11111111111,17534.333333333332,17386.88888888889,17454.88888888889,17483.555555555555,241.0,143.0,59.0,3223.0,346.0,107.0,239.0,277.0,196.0,277.0,196.0,558.0,103.0,8.0,75.0,295.0,34.0,295.0,34.0,2014,MOZ,84,3.9000015,-23.936799,32.696136,0.125663706143592,MAR_273,circle,-1,1,"{""type"":""MultiPoint"",""coordinates"":[]}"
000000000000000000f6_0_0,17211.4,1633.5,120.7,2011.5,16940.8,17021.7,17161.5,16971.9,17051.0,17081.0,241.0,143.0,60.0,3204.0,345.0,107.0,238.0,276.0,196.0,276.0,196.0,544.0,102.0,7.0,76.0,291.0,31.0,291.0,31.0,2014,MOZ,98,1.5,-23.933429,32.700771,0.125663706143592,MAR_275,circle,1,1,"{""type"":""MultiPoint"",""coordinates"":[]}"
000000000000000000f7_0_0,17211.4,1633.5,120.7,2011.5,16940.8,17021.7,17161.5,16971.9,17051.0,17081.0,241.0,143.0,60.0,3204.0,345.0,107.0,238.0,276.0,196.0,276.0,196.0,544.0,102.0,7.0,76.0,291.0,31.0,291.0,31.0,2014,MOZ,98,1.5,-23.932283,32.700628,0.125663706143592,MAR_276,circle,1,1,"{""type"":""MultiPoint"",""coordinates"":[]}"
000000000000000000f8_0_0,17116.0,1544.3333333333333,123.44444444444444,1934.5555555555557,16837.11111111111,16918.777777777777,17074.88888888889,16872.333333333332,16956.555555555555,16989.333333333332,243.0,143.0,60.0,3174.0,347.0,110.0,237.0,277.0,198.0,277.0,198.0,547.0,103.0,7.0,77.0,294.0,31.0,294.0,31.0,2014,MOZ,86,0.3999939,-23.931794,32.736671,0.125663706143592,MAR_277,circle,0,1,"{""type"":""MultiPoint"",""coordinates"":[]}"
000000000000000000f9_0_0,17211.4,1633.5,120.7,2011.5,16940.8,17021.7,17161.5,16971.9,17051.0,17081.0,241.0,143.0,60.0,3204.0,345.0,107.0,238.0,276.0,196.0,276.0,196.0,544.0,102.0,7.0,76.0,291.0,31.0,291.0,31.0,2014,MOZ,98,1.5,-23.93091,32.681526,0.125663706143592,MAR_278,circle,1,1,"{""type"":""MultiPoint"",""coordinates"":[]}"
000000000000000000fa_0_0,17116.0,1544.3333333333333,123.44444444444444,1934.5555555555557,16837.11111111111,16918.777777777777,17074.88888888889,16872.333333333332,16956.555555555555,16989.333333333332,243.0,143.0,60.0,3174.0,347.0,110.0,237.0,277.0,198.0,277.0,198.0,547.0,103.0,7.0,77.0,294.0,31.0,294.0,31.0,2014,MOZ,86,0.3999939,-23.930431,32.736034,0.125663706143592,MAR_279,circle,0,1,"{""type"":""MultiPoint"",""coordinates"":[]}"
000000000000000000fb_0_0,17211.4,1633.5,120.7,2011.5,16940.8,17021.7,17161.5,16971.9,17051.0,17081.0,241.0,143.0,60.0,3204.0,345.0,107.0,238.0,276.0,196.0,276.0,196.0,544.0,102.0,7.0,76.0,291.0,31.0,291.0,31.0,2014,MOZ,98,1.5,-23.926593,32.693907,0.125663706143592,MAR_280,circle,1,1,"{""type"":""MultiPoint"",""coordinates"":[]}"
000000000000000000fc_0_0,17116.0,1544.3333333333333,123.44444444444444,1934.5555555555557,16837.11111111111,16918.777777777777,17074.88888888889,16872.333333333332,16956.555555555555,16989.333333333332,243.0,143.0,60.0,3174.0,347.0,110.0,237.0,277.0,198.0,277.0,198.0,547.0,103.0,7.0,77.0,294.0,31.0,294.0,31.0,2014,MOZ,86,0.3999939,-23.925501,32.724962,0.125663706143592,MAR_281,circle,0,1,"{""type"":""MultiPoint"",""coordinates"":[]}"
000000000000000000fd_0_0,17211.4,1633.5,120.7,2011.5,16940.8,17021.7,17161.5,16971.9,17051.0,17081.0,241.0,143.0,60.0,3204.0,345.0,107.0,238.0,276.0,196.0,276.0,196.0,544.0,102.0,7.0,76.0,291.0,31.0,291.0,31.0,2014,MOZ,98,1.5,-23.924048,32.713194,0.125663706143592,MAR_282,circle,1,1,"{""type"":""MultiPoint"",""coordinates"":[]}"
000000000000000000fe_0_0,17211.4,1633.5,120.7,2011.5,16940.8,17021.7,17161.5,16971.9,17051.0,17081.0,241.0,143.0,60.0,3204.0,345.0,107.0,238.0,276.0,196.0,276.0,196.0,544.0,102.0,7.0,76.0,291.0,31.0,291.0,31.0,2014,MOZ,98,1.5,-23.91956,32.717692,0.125663706143592,MAR_283,circle,1,1,"{""type"":""MultiPoint"",""coordinates"":[]}"
000000000000000000ff_0_0,17211.4,1633.5,120.7,2011.5,16940.8,17021.7,17161.5,16971.9,17051.0,17081.0,241.0,143.0,60.0,3204.0,345.0,107.0,238.0,276.0,196.0,276.0,196.0,544.0,102.0,7.0,76.0,291.0,31.0,291.0,31.0,2014,MOZ,98,1.5,-23.896865,32.717587,0.125663706143592,MAR_288,circle,1,1,"{""type"":""MultiPoint"",""coordinates"":[]}"
00000000000000000100_0_0,17211.4,1633.5,120.7,2011.5,16940.8,17021.7,17161.5,16971.9,17051.0,17081.0,241.0,143.0,60.0,3204.0,345.0,107.0,238.0,276.0,196.0,276.0,196.0,544.0,102.0,7.0,76.0,291.0,31.0,291.0,31.0,2014,MOZ,98,1.5,-23.893425,32.713091,0.125663706143592,MAR_289,circle,1,1,"{""type"":""MultiPoint"",""coordinates"":[]}"
00000000000000000101_0_0,17116.0,1544.3333333333333,123.44444444444444,1934.5555555555557,16837.11111111111,16918.777777777777,17074.88888888889,16872.333333333332,16956.555555555555,16989.333333333332,243.0,143.0,60.0,3174.0,347.0,110.0,237.0,277.0,198.0,277.0,198.0,547.0,103.0,7.0,77.0,294.0,31.0,294.0,31.0,2014,MOZ,86,0.3999939,-23.88928,32.722833,0.125663706143592,MAR_290,circle,0,1,"{""type"":""MultiPoint"",""coordinates"":[]}"
00000000000000000102_0_0,17240.0,2460.9,154.8,1666.6,17004.8,17078.8,17188.2,17043.4,17104.6,17132.0,243.0,142.0,60.0,3166.0,346.0,110.0,236.0,277.0,212.0,277.0,197.0,537.0,102.0,7.0,79.0,292.0,29.0,292.0,30.0,2014,MOZ,99,1.5,-23.806092,32.721274,0.125663706143592,MAR_291,circle,0,1,"{""type"":""MultiPoint"",""coordinates"":[]}"
00000000000000000103_0_0,17240.0,2460.9,154.8,1666.6,17004.8,17078.8,17188.2,17043.4,17104.6,17132.0,243.0,142.0,60.0,3166.0,346.0,110.0,236.0,277.0,212.0,277.0,197.0,537.0,102.0,7.0,79.0,292.0,29.0,292.0,30.0,2014,MOZ,99,1.5,-23.805285,32.722447,0.125663706143592,MAR_292,circle,0,1,"{""type"":""MultiPoint"",""coordinates"":[]}"
00000000000000000104_0_0,17240.0,2460.9,154.8,1666.6,17004.8,17078.8,17188.2,17043.4,17104.6,17132.0,243.0,142.0,60.0,3166.0,346.0,110.0,236.0,277.0,212.0,277.0,197.0,537.0,102.0,7.0,79.0,292.0,29.0,292.0,30.0,2014,MOZ,99,1.5,-23.8019617,32.73200183,0.125663706143592,MAR_293,circle,0,1,"{""type"":""MultiPoint"",""coordinates"":[]}"
00000000000000000105_0_0,17204.3,1703.6,114.8,1973.7,16939.6,17027.3,17141.3,16975.7,17049.3,17074.5,242.0,143.0,60.0,3235.0,345.0,108.0,237.0,277.0,195.0,277.0,195.0,531.0,101.0,6.0,78.0,289.0,28.0,289.0,28.0,2014,MOZ,105,0.3999939,-23.799,32.705464,0.125663706143592,MAR_294,circle,0,1,"{""type"":""MultiPoint"",""coordinates"":[]}"
00000000000000000106_0_0,17204.3,1703.6,114.8,1973.7,16939.6,17027.3,17141.3,16975.7,17049.3,17074.5,242.0,143.0,60.0,3235.0,345.0,108.0,237.0,277.0,195.0,277.0,195.0,531.0,101.0,6.0,78.0,289.0,28.0,289.0,28.0,2014,MOZ,105,0.3999939,-23.794446,32.675256,0.125663706143592,MAR_295,circle,0,1,"{""type"":""MultiPoint"",""coordinates"":[]}"
00000000000000000107_0_0,17240.0,2460.9,154.8,1666.6,17004.8,17078.8,17188.2,17043.4,17104.6,17132.0,243.0,142.0,60.0,3166.0,346.0,110.0,236.0,277.0,212.0,277.0,197.0,537.0,102.0,7.0,79.0,292.0,29.0,292.0,30.0,2014,MOZ,99,1.5,-23.789794,32.733641,0.125663706143592,MAR_296,circle,0,1,"{""type"":""MultiPoint"",""coordinates"":[]}"
00000000000000000108_0_0,17240.0,2460.9,154.8,1666.6,17004.8,17078.8,17188.2,17043.4,17104.6,17132.0,243.0,142.0,60.0,3166.0,346.0,110.0,236.0,277.0,212.0,277.0,197.0,537.0,102.0,7.0,79.0,292.0,29.0,292.0,30.0,2014,MOZ,99,1.5,-23.788018,32.736267,0.125663706143592,MAR_297,circle,0,1,"{""type"":""MultiPoint"",""coordinates"":[]}"
00000000000000000109_0_0,17204.3,1703.6,114.8,1973.7,16939.6,17027.3,17141.3,16975.7,17049.3,17074.5,242.0,143.0,60.0,3235.0,345.0,108.0,237.0,277.0,195.0,277.0,195.0,531.0,101.0,6.0,78.0,289.0,28.0,289.0,28.0,2014,MOZ,105,0.3999939,-23.785231,32.670526,0.125663706143592,MAR_298,circle,0,1,"{""type"":""MultiPoint"",""coordinates"":[]}"
0000000000000000010a_0_0,17204.3,1703.6,114.8,1973.7,16939.6,17027.3,17141.3,16975.7,17049.3,17074.5,242.0,143.0,60.0,3235.0,345.0,108.0,237.0,277.0,195.0,277.0,195.0,531.0,101.0,6.0,78.0,289.0,28.0,289.0,28.0,2014,MOZ,105,0.3999939,-23.779463,32.674803,0.125663706143592,MAR_299,circle,0,1,"{""type"":""MultiPoint"",""coordinates"":[]}"
0000000000000000010b_0_0,17204.3,1703.6,114.8,1973.7,16939.6,17027.3,17141.3,16975.7,17049.3,17074.5,242.0,143.0,60.0,3235.0,345.0,108.0,237.0,277.0,195.0,277.0,195.0,531.0,101.0,6.0,78.0,289.0,28.0,289.0,28.0,2014,MOZ,105,0.3999939,-23.7734597,32.70915655,0.125663706143592,MAR_301,circle,0,1,"{""type"":""MultiPoint"",""coordinates"":[]}"
0000000000000000010c_0_0,17204.3,1703.6,114.8,1973.7,16939.6,17027.3,17141.3,16975.7,17049.3,17074.5,242.0,143.0,60.0,3235.0,345.0,108.0,237.0,277.0,195.0,277.0,195.0,531.0,101.0,6.0,78.0,289.0,28.0,289.0,28.0,2014,MOZ,105,0.3999939,-23.762274,32.714361,0.125663706143592,MAR_302,circle,0,1,"{""type"":""MultiPoint"",""coordinates"":[]}"
0000000000000000010d_0_0,17204.3,1703.6,114.8,1973.7,16939.6,17027.3,17141.3,16975.7,17049.3,17074.5,242.0,143.0,60.0,3235.0,345.0,108.0,237.0,277.0,195.0,277.0,195.0,531.0,101.0,6.0,78.0,289.0,28.0,289.0,28.0,2014,MOZ,105,0.3999939,-23.7603118,32.7161597,0.125663706143592,MAR_303,circle,0,1,"{""type"":""MultiPoint"",""coordinates"":[]}"
0000000000000000010e_0_0,17204.3,1703.6,114.8,1973.7,16939.6,17027.3,17141.3,16975.7,17049.3,17074.5,242.0,143.0,60.0,3235.0,345.0,108.0,237.0,277.0,195.0,277.0,195.0,531.0,101.0,6.0,78.0,289.0,28.0,289.0,28.0,2014,MOZ,105,0.3999939,-23.758127,32.676573,0.125663706143592,MAR_305,circle,0,1,"{""type"":""MultiPoint"",""coordinates"":[]}"
0000000000000000010f_0_0,17240.0,2460.9,154.8,1666.6,17004.8,17078.8,17188.2,17043.4,17104.6,17132.0,243.0,142.0,60.0,3166.0,346.0,110.0,236.0,277.0,212.0,277.0,197.0,537.0,102.0,7.0,79.0,292.0,29.0,292.0,30.0,2014,MOZ,99,1.5,-23.758016,32.744318,0.125663706143592,MAR_306,circle,0,1,"{""type"":""MultiPoint"",""coordinates"":[]}"
00000000000000000110_0_0,17204.3,1703.6,114.8,1973.7,16939.6,17027.3,17141.3,16975.7,17049.3,17074.5,242.0,143.0,60.0,3235.0,345.0,108.0,237.0,277.0,195.0,277.0,195.0,531.0,101.0,6.0,78.0,289.0,28.0,289.0,28.0,2014,MOZ,105,0.3999939,-23.756472,32.720107,0.125663706143592,MAR_307,circle,0,1,"{""type"":""MultiPoint"",""coordinates"":[]}"
00000000000000000111_0_0,17384.0,2628.4,197.9,1632.4,17134.7,17217.1,17325.7,17167.2,17249.5,17279.4,242.0,142.0,60.0,3203.0,345.0,109.0,236.0,277.0,211.0,277.0,196.0,519.0,99.0,6.0,79.0,285.0,26.0,285.0,27.0,2014,MOZ,113,1.199997,-23.7538085,32.71407531,0.125663706143592,MAR_309,circle,0,1,"{""type"":""MultiPoint"",""coordinates"":[]}"
00000000000000000112_0_0,17384.0,2628.4,197.9,1632.4,17134.7,17217.1,17325.7,17167.2,17249.5,17279.4,242.0,142.0,60.0,3203.0,345.0,109.0,236.0,277.0,211.0,277.0,196.0,519.0,99.0,6.0,79.0,285.0,26.0,285.0,27.0,2014,MOZ,113,1.199997,-23.748761,32.71492,0.125663706143592,MAR_310,circle,0,1,"{""type"":""MultiPoint"",""coordinates"":[]}"
00000000000000000113_0_0,17384.0,2628.4,197.9,1632.4,17134.7,17217.1,17325.7,17167.2,17249.5,17279.4,242.0,142.0,60.0,3203.0,345.0,109.0,236.0,277.0,211.0,277.0,196.0,519.0,99.0,6.0,79.0,285.0,26.0,285.0,27.0,2014,MOZ,113,1.199997,-23.748399,32.711126,0.125663706143592,MAR_311,circle,0,1,"{""type"":""MultiPoint"",""coordinates"":[]}"
00000000000000000114_0_0,17384.0,2628.4,197.9,1632.4,17134.7,17217.1,17325.7,17167.2,17249.5,17279.4,242.0,142.0,60.0,3203.0,345.0,109.0,236.0,277.0,211.0,277.0,196.0,519.0,99.0,6.0,79.0,285.0,26.0,285.0,27.0,2014,MOZ,113,1.199997,-23.748377,32.70874,0.125663706143592,MAR_312,circle,0,1,"{""type"":""MultiPoint"",""coordinates"":[]}"
00000000000000000115_0_0,17348.2,1851.7,131.2,2016.1,17084.2,17170.5,17291.2,17112.3,17192.4,17217.8,243.0,143.0,60.0,3172.0,347.0,111.0,236.0,278.0,213.0,278.0,198.0,523.0,101.0,6.0,81.0,289.0,26.0,289.0,27.0,2014,MOZ,97,1.0,-23.739614,32.730965,0.125663706143592,MAR_314,circle,0,1,"{""type"":""MultiPoint"",""coordinates"":[]}"
00000000000000000116_0_0,17342.363636363636,2547.181818181818,188.9090909090909,1972.5454545454545,17099.18181818182,17189.81818181818,17291.363636363636,17135.0,17213.18181818182,17237.909090909092,245.0,142.0,61.0,3048.0,348.0,116.0,232.0,278.0,216.0,278.0,202.0,517.0,104.0,5.0,84.0,299.0,21.0,299.0,23.0,2014,MOZ,85,0.0,-23.543869,32.935952,0.125663706143592,MAR_315,circle,-1,1,"{""type"":""MultiPoint"",""coordinates"":[]}"
00000000000000000117_0_0,17315.7,2521.2,168.4,2034.9,17070.3,17146.8,17250.6,17110.5,17173.0,17198.5,244.0,142.0,61.0,3084.0,346.0,114.0,232.0,277.0,215.0,277.0,200.0,511.0,102.0,4.0,85.0,293.0,21.0,293.0,23.0,2014,MOZ,100,2.199997,-23.543612,32.898567,0.125663706143592,MAR_316,circle,1,1,"{""type"":""MultiPoint"",""coordinates"":[]}"
00000000000000000118_0_0,17342.363636363636,2547.181818181818,188.9090909090909,1972.5454545454545,17099.18181818182,17189.81818181818,17291.363636363636,17135.0,17213.18181818182,17237.909090909092,245.0,142.0,61.0,3048.0,348.0,116.0,232.0,278.0,216.0,278.0,202.0,517.0,104.0,5.0,84.0,299.0,21.0,299.0,23.0,2014,MOZ,85,0.0,-23.540683,32.933058,0.125663706143592,MAR_317,circle,-1,1,"{""type"":""MultiPoint"",""coordinates"":[]}"
00000000000000000119_0_0,17342.363636363636,2547.181818181818,188.9090909090909,1972.5454545454545,17099.18181818182,17189.81818181818,17291.363636363636,17135.0,17213.18181818182,17237.909090909092,245.0,142.0,61.0,3048.0,348.0,116.0,232.0,278.0,216.0,278.0,202.0,517.0,104.0,5.0,84.0,299.0,21.0,299.0,23.0,2014,MOZ,85,0.0,-23.536855,32.907947,0.125663706143592,MAR_318,circle,-1,1,"{""type"":""MultiPoint"",""coordinates"":[]}"
0000000000000000011a_0_0,17342.363636363636,2547.181818181818,188.9090909090909,1972.5454545454545,17099.18181818182,17189.81818181818,17291.363636363636,17135.0,17213.18181818182,17237.909090909092,245.0,142.0,61.0,3048.0,348.0,116.0,232.0,278.0,216.0,278.0,202.0,517.0,104.0,5.0,84.0,299.0,21.0,299.0,23.0,2014,MOZ,85,0.0,-23.534703,32.921217,0.125663706143592,MAR_319,circle,-1,1,"{""type"":""MultiPoint"",""coordinates"":[]}"
0000000000000000011b_0_0,17315.7,2521.2,168.4,2034.9,17070.3,17146.8,17250.6,17110.5,17173.0,17198.5,244.0,142.0,61.0,3084.0,346.0,114.0,232.0,277.0,215.0,277.0,200.0,511.0,102.0,4.0,85.0,293.0,21.0,293.0,23.0,2014,MOZ,100,2.199997,-23.530021,32.892622,0.125663706143592,MAR_320,circle,1,1,"{""type"":""MultiPoint"",""coordinates"":[]}"
0000000000000000011c_0_0,17315.7,2521.2,168.4,2034.9,17070.3,17146.8,17250.6,17110.5,17173.0,17198.5,244.0,142.0,61.0,3084.0,346.0,114.0,232.0,277.0,215.0,277.0,200.0,511.0,102.0,4.0,85.0,293.0,21.0,293.0,23.0,2014,MOZ,100,2.199997,-23.528636,32.886944,0.125663706143592,MAR_321,circle,1,1,"{""type"":""MultiPoint"",""coordinates"":[]}"
0000000000000000011d_0_0,17342.363636363636,2547.181818181818,188.9090909090909,1972.5454545454545,17099.18181818182,17189.81818181818,17291.363636363636,17135.0,17213.18181818182,17237.909090909092,245.0,142.0,61.0,3048.0,348.0,116.0,232.0,278.0,216.0,278.0,202.0,517.0,104.0,5.0,84.0,299.0,21.0,299.0,23.0,2014,MOZ,85,0.0,-23.522791,32.953266,0.125663706143592,MAR_322,circle,-1,1,"{""type"":""MultiPoint"",""coordinates"":[]}"
0000000000000000011e_0_0,17342.363636363636,2547.181818181818,188.9090909090909,1972.5454545454545,17099.18181818182,17189.81818181818,17291.363636363636,17135.0,17213.18181818182,17237.909090909092,245.0,142.0,61.0,3048.0,348.0,116.0,232.0,278.0,216.0,278.0,202.0,517.0,104.0,5.0,84.0,299.0,21.0,299.0,23.0,2014,MOZ,85,0.0,-23.517558,32.96438,0.125663706143592,MAR_324,circle,-1,1,"{""type"":""MultiPoint"",""coordinates"":[]}"
0000000000000000011f_0_0,17342.363636363636,2547.181818181818,188.9090909090909,1972.5454545454545,17099.18181818182,17189.81818181818,17291.363636363636,17135.0,17213.18181818182,17237.909090909092,245.0,142.0,61.0,3048.0,348.0,116.0,232.0,278.0,216.0,278.0,202.0,517.0,104.0,5.0,84.0,299.0,21.0,299.0,23.0,2014,MOZ,85,0.0,-23.516842,32.949435,0.125663706143592,MAR_325,circle,-1,1,"{""type"":""MultiPoint"",""coordinates"":[]}"
00000000000000000120_0_0,17315.7,2521.2,168.4,2034.9,17070.3,17146.8,17250.6,17110.5,17173.0,17198.5,244.0,142.0,61.0,3084.0,346.0,114.0,232.0,277.0,215.0,277.0,200.0,511.0,102.0,4.0,85.0,293.0,21.0,293.0,23.0,2014,MOZ,100,2.199997,-23.516209,32.886834,0.125663706143592,MAR_326,circle,1,1,"{""type"":""MultiPoint"",""coordinates"":[]}"
00000000000000000121_0_0,17342.363636363636,2547.181818181818,188.9090909090909,1972.5454545454545,17099.18181818182,17189.81818181818,17291.363636363636,17135.0,17213.18181818182,17237.909090909092,245.0,142.0,61.0,3048.0,348.0,116.0,232.0,278.0,216.0,278.0,202.0,517.0,104.0,5.0,84.0,299.0,21.0,299.0,23.0,2014,MOZ,85,0.0,-23.515204,32.929925,0.125663706143592,MAR_327,circle,-1,1,"{""type"":""MultiPoint"",""coordinates"":[]}"
00000000000000000122_0_0,17342.363636363636,2547.181818181818,188.9090909090909,1972.5454545454545,17099.18181818182,17189.81818181818,17291.363636363636,17135.0,17213.18181818182,17237.909090909092,245.0,142.0,61.0,3048.0,348.0,116.0,232.0,278.0,216.0,278.0,202.0,517.0,104.0,5.0,84.0,299.0,21.0,299.0,23.0,2014,MOZ,85,0.0,-23.512285,32.92488,0.125663706143592,MAR_328,circle,-1,1,"{""type"":""MultiPoint"",""coordinates"":[]}"
00000000000000000123_0_0,17342.363636363636,2547.181818181818,188.9090909090909,1972.5454545454545,17099.18181818182,17189.81818181818,17291.363636363636,17135.0,17213.18181818182,17237.909090909092,245.0,142.0,61.0,3048.0,348.0,116.0,232.0,278.0,216.0,278.0,202.0,517.0,104.0,5.0,84.0,299.0,21.0,299.0,23.0,2014,MOZ,85,0.0,-23.511228,32.956968,0.125663706143592,MAR_329,circle,-1,1,"{""type"":""MultiPoint"",""coordinates"":[]}"
00000000000000000124_0_0,17342.363636363636,2547.181818181818,188.9090909090909,1972.5454545454545,17099.18181818182,17189.81818181818,17291.363636363636,17135.0,17213.18181818182,17237.909090909092,245.0,142.0,61.0,3048.0,348.0,116.0,232.0,278.0,216.0,278.0,202.0,517.0,104.0,5.0,84.0,299.0,21.0,299.0,23.0,2014,MOZ,85,0.0,-23.510773,32.942426,0.125663706143592,MAR_330,circle,-1,1,"{""type"":""MultiPoint"",""coordinates"":[]}"
00000000000000000125_0_0,17315.7,2521.2,168.4,2034.9,17070.3,17146.8,17250.6,17110.5,17173.0,17198.5,244.0,142.0,61.0,3084.0,346.0,114.0,232.0,277.0,215.0,277.0,200.0,511.0,102.0,4.0,85.0,293.0,21.0,293.0,23.0,2014,MOZ,100,2.199997,-23.508245,32.89352,0.125663706143592,MAR_331,circle,1,1,"{""type"":""MultiPoint"",""coordinates"":[]}"
00000000000000000126_0_0,17342.363636363636,2547.181818181818,188.9090909090909,1972.5454545454545,17099.18181818182,17189.81818181818,17291.363636363636,17135.0,17213.18181818182,17237.909090909092,245.0,142.0,61.0,3048.0,348.0,116.0,232.0,278.0,216.0,278.0,202.0,517.0,104.0,5.0,84.0,299.0,21.0,299.0,23.0,2014,MOZ,85,0.0,-23.501534,32.922355,0.125663706143592,MAR_332,circle,-1,1,"{""type"":""MultiPoint"",""coordinates"":[]}"
00000000000000000127_0_0,17342.363636363636,2547.181818181818,188.9090909090909,1972.5454545454545,17099.18181818182,17189.81818181818,17291.363636363636,17135.0,17213.18181818182,17237.909090909092,245.0,142.0,61.0,3048.0,348.0,116.0,232.0,278.0,216.0,278.0,202.0,517.0,104.0,5.0,84.0,299.0,21.0,299.0,23.0,2014,MOZ,85,0.0,-23.495954,32.93527,0.125663706143592,MAR_333,circle,-1,1,"{""type"":""MultiPoint"",""coordinates"":[]}"
00000000000000000128_0_0,17342.363636363636,2547.181818181818,188.9090909090909,1972.5454545454545,17099.18181818182,17189.81818181818,17291.363636363636,17135.0,17213.18181818182,17237.909090909092,245.0,142.0,61.0,3048.0,348.0,116.0,232.0,278.0,216.0,278.0,202.0,517.0,104.0,5.0,84.0,299.0,21.0,299.0,23.0,2014,MOZ,85,0.0,-23.488021,32.937064,0.125663706143592,MAR_334,circle,-1,1,"{""type"":""MultiPoint"",""coordinates"":[]}"
00000000000000000129_0_0,17540.0,2401.0,170.5,1979.4,17292.4,17374.3,17486.9,17325.6,17398.0,17426.1,245.0,141.0,61.0,3051.0,346.0,116.0,230.0,277.0,216.0,277.0,201.0,510.0,104.0,4.0,87.0,300.0,19.0,300.0,22.0,2014,MOZ,94,1.0,-23.484392,32.955808,0.125663706143592,MAR_335,circle,1,1,"{""type"":""MultiPoint"",""coordinates"":[]}"
0000000000000000012a_0_0,17540.0,2401.0,170.5,1979.4,17292.4,17374.3,17486.9,17325.6,17398.0,17426.1,245.0,141.0,61.0,3051.0,346.0,116.0,230.0,277.0,216.0,277.0,201.0,510.0,104.0,4.0,87.0,300.0,19.0,300.0,22.0,2014,MOZ,94,1.0,-23.483283,32.939799,0.125663706143592,MAR_336,circle,1,1,"{""type"":""MultiPoint"",""coordinates"":[]}"
0000000000000000012b_0_0,17540.0,2401.0,170.5,1979.4,17292.4,17374.3,17486.9,17325.6,17398.0,17426.1,245.0,141.0,61.0,3051.0,346.0,116.0,230.0,277.0,216.0,277.0,201.0,510.0,104.0,4.0,87.0,300.0,19.0,300.0,22.0,2014,MOZ,94,1.0,-23.478295,32.944302,0.125663706143592,MAR_337,circle,1,1,"{""type"":""MultiPoint"",""coordinates"":[]}"
0000000000000000012c_0_0,17540.0,2401.0,170.5,1979.4,17292.4,17374.3,17486.9,17325.6,17398.0,17426.1,245.0,141.0,61.0,3051.0,346.0,116.0,230.0,277.0,216.0,277.0,201.0,510.0,104.0,4.0,87.0,300.0,19.0,300.0,22.0,2014,MOZ,94,1.0,-23.476424,32.954574,0.125663706143592,MAR_338,circle,1,1,"{""type"":""MultiPoint"",""coordinates"":[]}"
0000000000000000012d_0_0,17353.545454545456,2351.7272727272725,162.8181818181818,2556.818181818182,17112.0,17183.18181818182,17288.363636363636,17142.363636363636,17213.272727272728,17240.454545454544,246.0,141.0,61.0,3041.0,346.0,118.0,228.0,278.0,217.0,278.0,202.0,518.0,106.0,4.0,87.0,307.0,19.0,307.0,22.0,2014,MOZ,87,3.5,-23.414513,33.032431,0.125663706143592,MAR_339,circle,1,1,"{""type"":""MultiPoint"",""coordinates"":[]}"
0000000000000000012e_0_0,17353.545454545456,2351.7272727272725,162.8181818181818,2556.818181818182,17112.0,17183.18181818182,17288.363636363636,17142.363636363636,17213.272727272728,17240.454545454544,246.0,141.0,61.0,3041.0,346.0,118.0,228.0,278.0,217.0,278.0,202.0,518.0,106.0,4.0,87.0,307.0,19.0,307.0,22.0,2014,MOZ,87,3.5,-23.407507,33.024319,0.125663706143592,MAR_340,circle,1,1,"{""type"":""MultiPoint"",""coordinates"":[]}"
0000000000000000012f_0_0,17353.545454545456,2351.7272727272725,162.8181818181818,2556.818181818182,17112.0,17183.18181818182,17288.363636363636,17142.363636363636,17213.272727272728,17240.454545454544,246.0,141.0,61.0,3041.0,346.0,118.0,228.0,278.0,217.0,278.0,202.0,518.0,106.0,4.0,87.0,307.0,19.0,307.0,22.0,2014,MOZ,87,3.5,-23.407084,33.036475,0.125663706143592,MAR_341,circle,1,1,"{""type"":""MultiPoint"",""coordinates"":[]}"
00000000000000000130_0_0,17353.545454545456,2351.7272727272725,162.8181818181818,2556.818181818182,17112.0,17183.18181818182,17288.363636363636,17142.363636363636,17213.272727272728,17240.454545454544,246.0,141.0,61.0,3041.0,346.0,118.0,228.0,278.0,217.0,278.0,202.0,518.0,106.0,4.0,87.0,307.0,19.0,307.0,22.0,2014,MOZ,87,3.5,-23.402352,33.008711,0.125663706143592,MAR_342,circle,1,1,"{""type"":""MultiPoint"",""coordinates"":[]}"
00000000000000000131_0_0,17353.545454545456,2351.7272727272725,162.8181818181818,2556.818181818182,17112.0,17183.18181818182,17288.363636363636,17142.363636363636,17213.272727272728,17240.454545454544,246.0,141.0,61.0,3041.0,346.0,118.0,228.0,278.0,217.0,278.0,202.0,518.0,106.0,4.0,87.0,307.0,19.0,307.0,22.0,2014,MOZ,87,3.5,-23.400129,33.041692,0.125663706143592,MAR_343,circle,1,1,"{""type"":""MultiPoint"",""coordinates"":[]}"
00000000000000000132_0_0,17543.1,2589.4,167.6,2244.8,17305.5,17383.4,17487.9,17345.1,17405.9,17430.3,246.0,141.0,62.0,2996.0,346.0,119.0,227.0,278.0,218.0,278.0,203.0,511.0,106.0,4.0,89.0,307.0,17.0,307.0,21.0,2014,MOZ,84,1.5,-23.392543,33.049441,0.125663706143592,MAR_344,circle,1,1,"{""type"":""MultiPoint"",""coordinates"":[]}"
00000000000000000133_0_0,17543.1,2589.4,167.6,2244.8,17305.5,17383.4,17487.9,17345.1,17405.9,17430.3,246.0,141.0,62.0,2996.0,346.0,119.0,227.0,278.0,218.0,278.0,203.0,511.0,106.0,4.0,89.0,307.0,17.0,307.0,21.0,2014,MOZ,84,1.5,-23.389001,32.993724,0.125663706143592,MAR_345,circle,1,1,"{""type"":""MultiPoint"",""coordinates"":[]}"
00000000000000000135_0_0,17543.1,2589.4,167.6,2244.8,17305.5,17383.4,17487.9,17345.1,17405.9,17430.3,246.0,141.0,62.0,2996.0,346.0,119.0,227.0,278.0,218.0,278.0,203.0,511.0,106.0,4.0,89.0,307.0,17.0,307.0,21.0,2014,MOZ,84,1.5,-23.387443,33.052171,0.125663706143592,MAR_347,circle,1,1,"{""type"":""MultiPoint"",""coordinates"":[]}"
00000000000000000137_0_0,17543.1,2589.4,167.6,2244.8,17305.5,17383.4,17487.9,17345.1,17405.9,17430.3,246.0,141.0,62.0,2996.0,346.0,119.0,227.0,278.0,218.0,278.0,203.0,511.0,106.0,4.0,89.0,307.0,17.0,307.0,21.0,2014,MOZ,84,1.5,-23.381652,33.047121,0.125663706143592,MAR_349,circle,1,1,"{""type"":""MultiPoint"",""coordinates"":[]}"
00000000000000000139_0_0,17543.1,2589.4,167.6,2244.8,17305.5,17383.4,17487.9,17345.1,17405.9,17430.3,246.0,141.0,62.0,2996.0,346.0,119.0,227.0,278.0,218.0,278.0,203.0,511.0,106.0,4.0,89.0,307.0,17.0,307.0,21.0,2014,MOZ,84,1.5,-23.380407,33.025597,0.125663706143592,MAR_351,circle,1,1,"{""type"":""MultiPoint"",""coordinates"":[]}"
0000000000000000013b_0_0,17543.1,2589.4,167.6,2244.8,17305.5,17383.4,17487.9,17345.1,17405.9,17430.3,246.0,141.0,62.0,2996.0,346.0,119.0,227.0,278.0,218.0,278.0,203.0,511.0,106.0,4.0,89.0,307.0,17.0,307.0,21.0,2014,MOZ,84,1.5,-23.378759,33.057396,0.125663706143592,MAR_353,circle,1,1,"{""type"":""MultiPoint"",""coordinates"":[]}"
0000000000000000013d_0_0,17543.1,2589.4,167.6,2244.8,17305.5,17383.4,17487.9,17345.1,17405.9,17430.3,246.0,141.0,62.0,2996.0,346.0,119.0,227.0,278.0,218.0,278.0,203.0,511.0,106.0,4.0,89.0,307.0,17.0,307.0,21.0,2014,MOZ,84,1.5,-23.375828,33.022644,0.125663706143592,MAR_355,circle,1,1,"{""type"":""MultiPoint"",""coordinates"":[]}"
0000000000000000013f_0_0,17543.1,2589.4,167.6,2244.8,17305.5,17383.4,17487.9,17345.1,17405.9,17430.3,246.0,141.0,62.0,2996.0,346.0,119.0,227.0,278.0,218.0,278.0,203.0,511.0,106.0,4.0,89.0,307.0,17.0,307.0,21.0,2014,MOZ,84,1.5,-23.374097,33.006237,0.125663706143592,MAR_357,circle,1,1,"{""type"":""MultiPoint"",""coordinates"":[]}"
00000000000000000140_0_0,17543.1,2589.4,167.6,2244.8,17305.5,17383.4,17487.9,17345.1,17405.9,17430.3,246.0,141.0,62.0,2996.0,346.0,119.0,227.0,278.0,218.0,278.0,203.0,511.0,106.0,4.0,89.0,307.0,17.0,307.0,21.0,2014,MOZ,84,1.5,-23.372017,33.069222,0.125663706143592,MAR_359,circle,1,1,"{""type"":""MultiPoint"",""coordinates"":[]}"
00000000000000000141_0_0,17543.1,2589.4,167.6,2244.8,17305.5,17383.4,17487.9,17345.1,17405.9,17430.3,246.0,141.0,62.0,2996.0,346.0,119.0,227.0,278.0,218.0,278.0,203.0,511.0,106.0,4.0,89.0,307.0,17.0,307.0,21.0,2014,MOZ,84,1.5,-23.371733,33.023199,0.125663706143592,MAR_360,circle,1,1,"{""type"":""MultiPoint"",""coordinates"":[]}"
00000000000000000142_0_0,17543.1,2589.4,167.6,2244.8,17305.5,17383.4,17487.9,17345.1,17405.9,17430.3,246.0,141.0,62.0,2996.0,346.0,119.0,227.0,278.0,218.0,278.0,203.0,511.0,106.0,4.0,89.0,307.0,17.0,307.0,21.0,2014,MOZ,84,1.5,-23.371664,33.061556,0.125663706143592,MAR_361,circle,1,1,"{""type"":""MultiPoint"",""coordinates"":[]}"
00000000000000000146_0_0,17543.1,2589.4,167.6,2244.8,17305.5,17383.4,17487.9,17345.1,17405.9,17430.3,246.0,141.0,62.0,2996.0,346.0,119.0,227.0,278.0,218.0,278.0,203.0,511.0,106.0,4.0,89.0,307.0,17.0,307.0,21.0,2014,MOZ,84,1.5,-23.36974,32.995358,0.125663706143592,MAR_365,circle,1,1,"{""type"":""MultiPoint"",""coordinates"":[]}"
00000000000000000147_0_0,17554.6,2075.2,135.7,2737.7,17307.7,17387.3,17495.9,17345.0,17409.9,17434.5,246.0,141.0,62.0,3015.0,347.0,120.0,227.0,278.0,218.0,278.0,203.0,521.0,110.0,4.0,90.0,316.0,17.0,316.0,21.0,2014,MOZ,76,0.5,-23.369081,33.083167,0.125663706143592,MAR_366,circle,0,1,"{""type"":""MultiPoint"",""coordinates"":[]}"
00000000000000000148_0_0,17543.1,2589.4,167.6,2244.8,17305.5,17383.4,17487.9,17345.1,17405.9,17430.3,246.0,141.0,62.0,2996.0,346.0,119.0,227.0,278.0,218.0,278.0,203.0,511.0,106.0,4.0,89.0,307.0,17.0,307.0,21.0,2014,MOZ,84,1.5,-23.365492,33.01916,0.125663706143592,MAR_367,circle,1,1,"{""type"":""MultiPoint"",""coordinates"":[]}"
0000000000000000014c_0_0,17370.727272727272,2345.2727272727275,144.0909090909091,2096.2727272727275,17117.363636363636,17195.636363636364,17303.18181818182,17153.727272727272,17215.909090909092,17241.272727272728,243.0,141.0,61.0,3096.0,343.0,113.0,230.0,276.0,213.0,276.0,199.0,490.0,98.0,3.0,87.0,284.0,17.0,284.0,19.0,2014,MOZ,118,0.0,-23.362488,32.737753,0.125663706143592,MAR_371,circle,0,1,"{""type"":""MultiPoint"",""coordinates"":[]}"
00000000000000000150_0_0,17543.1,2589.4,167.6,2244.8,17305.5,17383.4,17487.9,17345.1,17405.9,17430.3,246.0,141.0,62.0,2996.0,346.0,119.0,227.0,278.0,218.0,278.0,203.0,511.0,106.0,4.0,89.0,307.0,17.0,307.0,21.0,2014,MOZ,84,1.5,-23.350566,33.011742,0.125663706143592,MAR_375,circle,1,1,"{""type"":""MultiPoint"",""coordinates"":[]}"
00000000000000000151_0_0,17543.1,2589.4,167.6,2244.8,17305.5,17383.4,17487.9,17345.1,17405.9,17430.3,246.0,141.0,62.0,2996.0,346.0,119.0,227.0,278.0,218.0,278.0,203.0,511.0,106.0,4.0,89.0,307.0,17.0,307.0,21.0,2014,MOZ,84,1.5,-23.347694,33.00441,0.125663706143592,MAR_376,circle,1,1,"{""type"":""MultiPoint"",""coordinates"":[]}"
00000000000000000153_0_0,17543.1,2589.4,167.6,2244.8,17305.5,17383.4,17487.9,17345.1,17405.9,17430.3,246.0,141.0,62.0,2996.0,346.0,119.0,227.0,278.0,218.0,278.0,203.0,511.0,106.0,4.0,89.0,307.0,17.0,307.0,21.0,2014,MOZ,84,1.5,-23.34398,33.008393,0.125663706143592,MAR_378,circle,1,1,"{""type"":""MultiPoint"",""coordinates"":[]}"
00000000000000000154_0_0,17543.1,2589.4,167.6,2244.8,17305.5,17383.4,17487.9,17345.1,17405.9,17430.3,246.0,141.0,62.0,2996.0,346.0,119.0,227.0,278.0,218.0,278.0,203.0,511.0,106.0,4.0,89.0,307.0,17.0,307.0,21.0,2014,MOZ,84,1.5,-23.343418,33.018669,0.125663706143592,MAR_379,circle,1,1,"{""type"":""MultiPoint"",""coordinates"":[]}"
00000000000000000157_0_0,17357.18181818182,2166.3636363636365,158.36363636363637,2262.3636363636365,17103.636363636364,17199.727272727272,17296.545454545456,17147.454545454544,17223.18181818182,17248.090909090908,240.0,141.0,60.0,3178.0,341.0,108.0,233.0,274.0,210.0,274.0,195.0,459.0,89.0,2.0,85.0,260.0,16.0,260.0,17.0,2014,MOZ,153,0.69999695,-23.243348,32.53835,0.125663706143592,MAR_382,circle,0,1,"{""type"":""MultiPoint"",""coordinates"":[]}"
00000000000000000158_0_0,17330.5,2207.1,144.7,1973.9,17078.1,17158.3,17266.6,17112.9,17179.5,17203.5,242.0,141.0,60.0,3154.0,342.0,110.0,232.0,275.0,212.0,275.0,197.0,466.0,92.0,2.0,87.0,267.0,16.0,267.0,17.0,2014,MOZ,133,0.90000916,-23.239398,32.546455,0.125663706143592,MAR_383,circle,-2,1,"{""type"":""MultiPoint"",""coordinates"":[]}"
00000000000000000159_0_0,17330.5,2207.1,144.7,1973.9,17078.1,17158.3,17266.6,17112.9,17179.5,17203.5,242.0,141.0,60.0,3154.0,342.0,110.0,232.0,275.0,212.0,275.0,197.0,466.0,92.0,2.0,87.0,267.0,16.0,267.0,17.0,2014,MOZ,133,0.90000916,-23.23146,32.563794,0.125663706143592,MAR_384,circle,-2,1,"{""type"":""MultiPoint"",""coordinates"":[]}"
0000000000000000015a_0_0,17330.5,2207.1,144.7,1973.9,17078.1,17158.3,17266.6,17112.9,17179.5,17203.5,242.0,141.0,60.0,3154.0,342.0,110.0,232.0,275.0,212.0,275.0,197.0,466.0,92.0,2.0,87.0,267.0,16.0,267.0,17.0,2014,MOZ,133,0.90000916,-23.227436,32.582502,0.125663706143592,MAR_385,circle,-2,1,"{""type"":""MultiPoint"",""coordinates"":[]}"
0000000000000000015b_0_0,17357.18181818182,2166.3636363636365,158.36363636363637,2262.3636363636365,17103.636363636364,17199.727272727272,17296.545454545456,17147.454545454544,17223.18181818182,17248.090909090908,240.0,141.0,60.0,3178.0,341.0,108.0,233.0,274.0,210.0,274.0,195.0,459.0,89.0,2.0,85.0,260.0,16.0,260.0,17.0,2014,MOZ,153,0.69999695,-23.219442,32.538796,0.125663706143592,MAR_386,circle,0,1,"{""type"":""MultiPoint"",""coordinates"":[]}"
0000000000000000015c_0_0,17357.18181818182,2166.3636363636365,158.36363636363637,2262.3636363636365,17103.636363636364,17199.727272727272,17296.545454545456,17147.454545454544,17223.18181818182,17248.090909090908,240.0,141.0,60.0,3178.0,341.0,108.0,233.0,274.0,210.0,274.0,195.0,459.0,89.0,2.0,85.0,260.0,16.0,260.0,17.0,2014,MOZ,153,0.69999695,-23.218984,32.516059,0.125663706143592,MAR_387,circle,0,1,"{""type"":""MultiPoint"",""coordinates"":[]}"
0000000000000000015d_0_0,17330.5,2207.1,144.7,1973.9,17078.1,17158.3,17266.6,17112.9,17179.5,17203.5,242.0,141.0,60.0,3154.0,342.0,110.0,232.0,275.0,212.0,275.0,197.0,466.0,92.0,2.0,87.0,267.0,16.0,267.0,17.0,2014,MOZ,133,0.90000916,-23.21775,32.558631,0.125663706143592,MAR_388,circle,-2,1,"{""type"":""MultiPoint"",""coordinates"":[]}"
0000000000000000015e_0_0,17369.81818181818,1928.7272727272727,123.18181818181819,2196.4545454545455,17120.18181818182,17197.81818181818,17309.18181818182,17153.272727272728,17219.636363636364,17245.18181818182,242.0,141.0,60.0,3155.0,342.0,110.0,232.0,275.0,211.0,275.0,197.0,459.0,92.0,2.0,87.0,266.0,14.0,266.0,16.0,2014,MOZ,138,2.800003,-23.214641,32.561818,0.125663706143592,MAR_389,circle,0,1,"{""type"":""MultiPoint"",""coordinates"":[]}"
0000000000000000015f_0_0,17395.0,1658.1818181818182,120.9090909090909,2011.5454545454545,17131.636363636364,17211.18181818182,17341.727272727272,17162.363636363636,17239.909090909092,17272.272727272728,241.0,141.0,61.0,3151.0,340.0,109.0,231.0,274.0,211.0,274.0,196.0,449.0,88.0,2.0,86.0,256.0,14.0,256.0,15.0,2014,MOZ,148,1.0999908,-23.212344,32.518397,0.125663706143592,MAR_390,circle,0,1,"{""type"":""MultiPoint"",""coordinates"":[]}"
00000000000000000160_0_0,17369.81818181818,1928.7272727272727,123.18181818181819,2196.4545454545455,17120.18181818182,17197.81818181818,17309.18181818182,17153.272727272728,17219.636363636364,17245.18181818182,242.0,141.0,60.0,3155.0,342.0,110.0,232.0,275.0,211.0,275.0,197.0,459.0,92.0,2.0,87.0,266.0,14.0,266.0,16.0,2014,MOZ,138,2.800003,-23.212465,32.600352,0.125663706143592,MAR_391,circle,0,1,"{""type"":""MultiPoint"",""coordinates"":[]}"
00000000000000000161_0_0,17369.81818181818,1928.7272727272727,123.18181818181819,2196.4545454545455,17120.18181818182,17197.81818181818,17309.18181818182,17153.272727272728,17219.636363636364,17245.18181818182,242.0,141.0,60.0,3155.0,342.0,110.0,232.0,275.0,211.0,275.0,197.0,459.0,92.0,2.0,87.0,266.0,14.0,266.0,16.0,2014,MOZ,138,2.800003,-23.206462,32.564528,0.125663706143592,MAR_392,circle,0,1,"{""type"":""MultiPoint"",""coordinates"":[]}"
00000000000000000162_0_0,17369.81818181818,1928.7272727272727,123.18181818181819,2196.4545454545455,17120.18181818182,17197.81818181818,17309.18181818182,17153.272727272728,17219.636363636364,17245.18181818182,242.0,141.0,60.0,3155.0,342.0,110.0,232.0,275.0,211.0,275.0,197.0,459.0,92.0,2.0,87.0,266.0,14.0,266.0,16.0,2014,MOZ,138,2.800003,-23.203567,32.590424,0.125663706143592,MAR_393,circle,0,1,"{""type"":""MultiPoint"",""coordinates"":[]}"
00000000000000000163_0_0,17369.81818181818,1928.7272727272727,123.18181818181819,2196.4545454545455,17120.18181818182,17197.81818181818,17309.18181818182,17153.272727272728,17219.636363636364,17245.18181818182,242.0,141.0,60.0,3155.0,342.0,110.0,232.0,275.0,211.0,275.0,197.0,459.0,92.0,2.0,87.0,266.0,14.0,266.0,16.0,2014,MOZ,138,2.800003,-23.201,32.59481,0.125663706143592,MAR_394,circle,0,1,"{""type"":""MultiPoint"",""coordinates"":[]}"
00000000000000000164_0_0,17369.81818181818,1928.7272727272727,123.18181818181819,2196.4545454545455,17120.18181818182,17197.81818181818,17309.18181818182,17153.272727272728,17219.636363636364,17245.18181818182,242.0,141.0,60.0,3155.0,342.0,110.0,232.0,275.0,211.0,275.0,197.0,459.0,92.0,2.0,87.0,266.0,14.0,266.0,16.0,2014,MOZ,138,2.800003,-23.200658,32.565024,0.125663706143592,MAR_395,circle,0,1,"{""type"":""MultiPoint"",""coordinates"":[]}"
00000000000000000165_0_0,17395.0,1658.1818181818182,120.9090909090909,2011.5454545454545,17131.636363636364,17211.18181818182,17341.727272727272,17162.363636363636,17239.909090909092,17272.272727272728,241.0,141.0,61.0,3151.0,340.0,109.0,231.0,274.0,211.0,274.0,196.0,449.0,88.0,2.0,86.0,256.0,14.0,256.0,15.0,2014,MOZ,148,1.0999908,-23.195448,32.531999,0.125663706143592,MAR_396,circle,0,1,"{""type"":""MultiPoint"",""coordinates"":[]}"
00000000000000000166_0_0,17369.81818181818,1928.7272727272727,123.18181818181819,2196.4545454545455,17120.18181818182,17197.81818181818,17309.18181818182,17153.272727272728,17219.636363636364,17245.18181818182,242.0,141.0,60.0,3155.0,342.0,110.0,232.0,275.0,211.0,275.0,197.0,459.0,92.0,2.0,87.0,266.0,14.0,266.0,16.0,2014,MOZ,138,2.800003,-23.186956,32.558806,0.125663706143592,MAR_397,circle,0,1,"{""type"":""MultiPoint"",""coordinates"":[]}"
00000000000000000167_0_0,17395.0,1658.1818181818182,120.9090909090909,2011.5454545454545,17131.636363636364,17211.18181818182,17341.727272727272,17162.363636363636,17239.909090909092,17272.272727272728,241.0,141.0,61.0,3151.0,340.0,109.0,231.0,274.0,211.0,274.0,196.0,449.0,88.0,2.0,86.0,256.0,14.0,256.0,15.0,2014,MOZ,148,1.0999908,-23.184135,32.536364,0.125663706143592,MAR_398,circle,0,1,"{""type"":""MultiPoint"",""coordinates"":[]}"
00000000000000000168_0_0,17369.81818181818,1928.7272727272727,123.18181818181819,2196.4545454545455,17120.18181818182,17197.81818181818,17309.18181818182,17153.272727272728,17219.636363636364,17245.18181818182,242.0,141.0,60.0,3155.0,342.0,110.0,232.0,275.0,211.0,275.0,197.0,459.0,92.0,2.0,87.0,266.0,14.0,266.0,16.0,2014,MOZ,138,2.800003,-23.182095,32.549238,0.125663706143592,MAR_399,circle,0,1,"{""type"":""MultiPoint"",""coordinates"":[]}"
00000000000000000169_0_0,17369.81818181818,1928.7272727272727,123.18181818181819,2196.4545454545455,17120.18181818182,17197.81818181818,17309.18181818182,17153.272727272728,17219.636363636364,17245.18181818182,242.0,141.0,60.0,3155.0,342.0,110.0,232.0,275.0,211.0,275.0,197.0,459.0,92.0,2.0,87.0,266.0,14.0,266.0,16.0,2014,MOZ,138,2.800003,-23.180134,32.543848,0.125663706143592,MAR_400,circle,0,1,"{""type"":""MultiPoint"",""coordinates"":[]}"
0000000000000000016a_0_0,17395.0,1658.1818181818182,120.9090909090909,2011.5454545454545,17131.636363636364,17211.18181818182,17341.727272727272,17162.363636363636,17239.909090909092,17272.272727272728,241.0,141.0,61.0,3151.0,340.0,109.0,231.0,274.0,211.0,274.0,196.0,449.0,88.0,2.0,86.0,256.0,14.0,256.0,15.0,2014,MOZ,148,1.0999908,-23.17537,32.541338,0.125663706143592,MAR_401,circle,0,1,"{""type"":""MultiPoint"",""coordinates"":[]}"
0000000000000000016b_0_0,17395.0,1658.1818181818182,120.9090909090909,2011.5454545454545,17131.636363636364,17211.18181818182,17341.727272727272,17162.363636363636,17239.909090909092,17272.272727272728,241.0,141.0,61.0,3151.0,340.0,109.0,231.0,274.0,211.0,274.0,196.0,449.0,88.0,2.0,86.0,256.0,14.0,256.0,15.0,2014,MOZ,148,1.0999908,-23.174209,32.533937,0.125663706143592,MAR_402,circle,0,1,"{""type"":""MultiPoint"",""coordinates"":[]}"
0000000000000000016c_0_0,17395.0,1658.1818181818182,120.9090909090909,2011.5454545454545,17131.636363636364,17211.18181818182,17341.727272727272,17162.363636363636,17239.909090909092,17272.272727272728,241.0,141.0,61.0,3151.0,340.0,109.0,231.0,274.0,211.0,274.0,196.0,449.0,88.0,2.0,86.0,256.0,14.0,256.0,15.0,2014,MOZ,148,1.0999908,-23.174158,32.540356,0.125663706143592,MAR_403,circle,0,1,"{""type"":""MultiPoint"",""coordinates"":[]}"
0000000000000000016d_0_0,17395.0,1658.1818181818182,120.9090909090909,2011.5454545454545,17131.636363636364,17211.18181818182,17341.727272727272,17162.363636363636,17239.909090909092,17272.272727272728,241.0,141.0,61.0,3151.0,340.0,109.0,231.0,274.0,211.0,274.0,196.0,449.0,88.0,2.0,86.0,256.0,14.0,256.0,15.0,2014,MOZ,148,1.0999908,-23.171873,32.539858,0.125663706143592,MAR_404,circle,0,1,"{""type"":""MultiPoint"",""coordinates"":[]}"
00000000000000000136_0_0,17538.6,2404.4,166.0,1722.8,17295.3,17377.9,17483.3,17330.7,17403.3,17428.9,242.0,141.0,60.0,3142.0,343.0,111.0,232.0,276.0,212.0,276.0,197.0,482.0,96.0,3.0,85.0,277.0,17.0,277.0,19.0,2014,MOZ,125,0.40000153,-23.383115,32.718211,0.196349540849362,MAR_348,circle,-1,1,"{""type"":""MultiPoint"",""coordinates"":[]}"
0000000000000000013a_0_0,17370.727272727272,2345.2727272727275,144.0909090909091,2096.2727272727275,17117.363636363636,17195.636363636364,17303.18181818182,17153.727272727272,17215.909090909092,17241.272727272728,243.0,141.0,61.0,3096.0,343.0,113.0,230.0,276.0,213.0,276.0,199.0,490.0,98.0,3.0,87.0,284.0,17.0,284.0,19.0,2014,MOZ,118,0.0,-23.379055,32.729541,0.196349540849362,MAR_352,circle,0,1,"{""type"":""MultiPoint"",""coordinates"":[]}"
0000000000000000013e_0_0,17370.727272727272,2345.2727272727275,144.0909090909091,2096.2727272727275,17117.363636363636,17195.636363636364,17303.18181818182,17153.727272727272,17215.909090909092,17241.272727272728,243.0,141.0,61.0,3096.0,343.0,113.0,230.0,276.0,213.0,276.0,199.0,490.0,98.0,3.0,87.0,284.0,17.0,284.0,19.0,2014,MOZ,118,0.0,-23.375182,32.721134,0.196349540849362,MAR_356,circle,0,1,"{""type"":""MultiPoint"",""coordinates"":[]}"
00000000000000000143_0_0,17538.6,2404.4,166.0,1722.8,17295.3,17377.9,17483.3,17330.7,17403.3,17428.9,242.0,141.0,60.0,3142.0,343.0,111.0,232.0,276.0,212.0,276.0,197.0,482.0,96.0,3.0,85.0,277.0,17.0,277.0,19.0,2014,MOZ,125,0.40000153,-23.370989,32.707364,0.196349540849362,MAR_362,circle,-1,1,"{""type"":""MultiPoint"",""coordinates"":[]}"
00000000000000000144_0_0,17538.6,2404.4,166.0,1722.8,17295.3,17377.9,17483.3,17330.7,17403.3,17428.9,242.0,141.0,60.0,3142.0,343.0,111.0,232.0,276.0,212.0,276.0,197.0,482.0,96.0,3.0,85.0,277.0,17.0,277.0,19.0,2014,MOZ,125,0.40000153,-23.370799,32.676795,0.196349540849362,MAR_363,circle,-1,1,"{""type"":""MultiPoint"",""coordinates"":[]}"
0000000000000000014a_0_0,17538.6,2404.4,166.0,1722.8,17295.3,17377.9,17483.3,17330.7,17403.3,17428.9,242.0,141.0,60.0,3142.0,343.0,111.0,232.0,276.0,212.0,276.0,197.0,482.0,96.0,3.0,85.0,277.0,17.0,277.0,19.0,2014,MOZ,125,0.40000153,-23.36394,32.667614,0.196349540849362,MAR_369,circle,-1,1,"{""type"":""MultiPoint"",""coordinates"":[]}"
0000000000000000014b_0_0,17538.6,2404.4,166.0,1722.8,17295.3,17377.9,17483.3,17330.7,17403.3,17428.9,242.0,141.0,60.0,3142.0,343.0,111.0,232.0,276.0,212.0,276.0,197.0,482.0,96.0,3.0,85.0,277.0,17.0,277.0,19.0,2014,MOZ,125,0.40000153,-23.363916,32.669909,0.196349540849362,MAR_370,circle,-1,1,"{""type"":""MultiPoint"",""coordinates"":[]}"
0000000000000000014e_0_0,17538.6,2404.4,166.0,1722.8,17295.3,17377.9,17483.3,17330.7,17403.3,17428.9,242.0,141.0,60.0,3142.0,343.0,111.0,232.0,276.0,212.0,276.0,197.0,482.0,96.0,3.0,85.0,277.0,17.0,277.0,19.0,2014,MOZ,125,0.40000153,-23.357613,32.673149,0.196349540849362,MAR_373,circle,-1,1,"{""type"":""MultiPoint"",""coordinates"":[]}"
0000000000000000014f_0_0,17538.6,2404.4,166.0,1722.8,17295.3,17377.9,17483.3,17330.7,17403.3,17428.9,242.0,141.0,60.0,3142.0,343.0,111.0,232.0,276.0,212.0,276.0,197.0,482.0,96.0,3.0,85.0,277.0,17.0,277.0,19.0,2014,MOZ,125,0.40000153,-23.35535,32.690966,0.196349540849362,MAR_374,circle,-1,1,"{""type"":""MultiPoint"",""coordinates"":[]}"
00000000000000000152_0_0,17538.6,2404.4,166.0,1722.8,17295.3,17377.9,17483.3,17330.7,17403.3,17428.9,242.0,141.0,60.0,3142.0,343.0,111.0,232.0,276.0,212.0,276.0,197.0,482.0,96.0,3.0,85.0,277.0,17.0,277.0,19.0,2014,MOZ,125,0.40000153,-23.347324,32.692808,0.196349540849362,MAR_377,circle,-1,1,"{""type"":""MultiPoint"",""coordinates"":[]}"
00000000000000000155_0_0,17538.6,2404.4,166.0,1722.8,17295.3,17377.9,17483.3,17330.7,17403.3,17428.9,242.0,141.0,60.0,3142.0,343.0,111.0,232.0,276.0,212.0,276.0,197.0,482.0,96.0,3.0,85.0,277.0,17.0,277.0,19.0,2014,MOZ,125,0.40000153,-23.339742,32.698212,0.196349540849362,MAR_380,circle,-1,1,"{""type"":""MultiPoint"",""coordinates"":[]}"
00000000000000000156_0_0,17538.6,2404.4,166.0,1722.8,17295.3,17377.9,17483.3,17330.7,17403.3,17428.9,242.0,141.0,60.0,3142.0,343.0,111.0,232.0,276.0,212.0,276.0,197.0,482.0,96.0,3.0,85.0,277.0,17.0,277.0,19.0,2014,MOZ,125,0.40000153,-23.332828,32.711598,0.196349540849362,MAR_381,circle,-1,1,"{""type"":""MultiPoint"",""coordinates"":[]}"
