system:index,B3_max,B3_mean,B3_median,B3_min,B3_p5,B3_p95,B3_stdDev,B4_max,B4_mean,B4_median,B4_min,B4_p5,B4_p95,B4_stdDev,B5_max,B5_mean,B5_median,B5_min,B5_p5,B5_p95,B5_stdDev,B6_max,B6_mean,B6_median,B6_min,B6_p5,B6_p95,B6_stdDev,B7_max,B7_mean,B7_median,B7_min,B7_p5,B7_p95,B7_stdDev,B8_max,B8_mean,B8_median,B8_min,B8_p5,B8_p95,B8_stdDev,census_date,country_iso3,latitude_of_centre,longitude_of_centre,plot_area,plot_id,plot_shape,wetmonths_era,.geo
00000000000000000138_0_0,2006,690.7083333333334,625.0,470,487.0,881.0,273.3982868708012,2688,705.6041666666666,580.5,374,409.0,1036.0,399.2995293627399,3102,1136.2916666666667,1058.5,780,845.0,1407.0,381.2087113343846,4425,1974.2916666666667,1871.5,1506,1560.0,2691.0,473.8692663564731,4870,2269.5416666666665,2114.0,1667,1809.0,3083.0,529.6297039100891,4164,2332.5833333333335,2280.0,1408,1884.0,3124.0,433.6244454850557,2014,MOZ,-23.380427,32.723016,0.0314159265358979,MAR_350,circle,1,"{""type"":""MultiPoint"",""coordinates"":[]}"
0000000000000000013c_0_0,1558,811.6734693877551,822.0,452,611.0,1030.0,173.14808900099945,1998,935.9387755102041,936.0,421,671.0,1232.0,245.2807144979463,2181,1264.8775510204082,1283.0,700,1009.0,1566.0,224.00479519767734,2691,1929.5102040816328,1874.0,1317,1512.0,2632.0,329.4809847072087,3196,2187.7755102040815,2165.0,1479,1679.0,3097.0,402.1095528105172,3250,2324.8571428571427,2336.0,1456,1916.0,2918.0,336.64903301297545,2014,MOZ,-23.37729,32.686445,0.0314159265358979,MAR_354,circle,1,"{""type"":""MultiPoint"",""coordinates"":[]}"
0000000000000000014d_0_0,1558,811.6734693877551,822.0,452,611.0,1030.0,173.14808900099945,1998,935.9387755102041,936.0,421,671.0,1232.0,245.2807144979463,2181,1264.8775510204082,1283.0,700,1009.0,1566.0,224.00479519767734,2691,1929.5102040816328,1874.0,1317,1512.0,2632.0,329.4809847072087,3196,2187.7755102040815,2165.0,1479,1679.0,3097.0,402.1095528105172,3250,2324.8571428571427,2336.0,1456,1916.0,2918.0,336.64903301297545,2014,MOZ,-23.360939,32.701395,0.0314159265358979,MAR_372,circle,1,"{""type"":""MultiPoint"",""coordinates"":[]}"
00000000000000000134_0_0,2006,690.7083333333334,625.0,470,487.0,881.0,273.3982868708012,2688,705.6041666666666,580.5,374,409.0,1036.0,399.2995293627399,3102,1136.2916666666667,1058.5,780,845.0,1407.0,381.2087113343846,4425,1974.2916666666667,1871.5,1506,1560.0,2691.0,473.8692663564731,4870,2269.5416666666665,2114.0,1667,1809.0,3083.0,529.6297039100891,4164,2332.5833333333335,2280.0,1408,1884.0,3124.0,433.6244454850557,2014,MOZ,-23.387485,32.730353,0.0706858347057703,MAR_346,circle,1,"{""type"":""MultiPoint"",""coordinates"":[]}"
00000000000000000145_0_0,1558,811.6734693877551,822.0,452,611.0,1030.0,173.14808900099945,1998,935.9387755102041,936.0,421,671.0,1232.0,245.2807144979463,2181,1264.8775510204082,1283.0,700,1009.0,1566.0,224.00479519767734,2691,1929.5102040816328,1874.0,1317,1512.0,2632.0,329.4809847072087,3196,2187.7755102040815,2165.0,1479,1679.0,3097.0,402.1095528105172,3250,2324.8571428571427,2336.0,1456,1916.0,2918.0,336.64903301297545,2014,MOZ,-23.369919,32.717715,0.0706858347057703,MAR_364,circle,1,"{""type"":""MultiPoint"",""coordinates"":[]}"
00000000000000000149_0_0,2006,690.7083333333334,625.0,470,487.0,881.0,273.3982868708012,2688,705.6041666666666,580.5,374,409.0,1036.0,399.2995293627399,3102,1136.2916666666667,1058.5,780,845.0,1407.0,381.2087113343846,4425,1974.2916666666667,1871.5,1506,1560.0,2691.0,473.8692663564731,4870,2269.5416666666665,2114.0,1667,1809.0,3083.0,529.6297039100891,4164,2332.5833333333335,2280.0,1408,1884.0,3124.0,433.6244454850557,2014,MOZ,-23.364128,32.727714,0.0706858347057703,MAR_368,circle,1,"{""type"":""MultiPoint"",""coordinates"":[]}"
00000000000000000004_0_0,1378,766.7285714285714,701.0,354,444.0,1373.0,244.28092267648225,1886,878.0285714285715,883.0,317,373.0,1244.0,285.320820502544,2383,1271.2142857142858,1202.857142857143,824,837.3333333333334,1800.0,318.5990266713292,4167,1881.6142857142856,1684.5,847,871.0,3565.0,889.6336050445092,4899,2171.7,1959.5,897,935.75,4387.0,1098.0096063852473,4680,2185.4142857142856,1922.0,896,988.0,4108.0,1033.6252221167583,2015,MOZ,-15.272123,36.501926,0.125663706143592,MAR_5,circle,1,"{""type"":""MultiPoint"",""coordinates"":[]}"
00000000000000000005_0_0,1378,766.7285714285714,701.0,354,444.0,1373.0,244.28092267648225,1886,878.0285714285715,883.0,317,373.0,1244.0,285.320820502544,2383,1271.2142857142858,1202.857142857143,824,837.3333333333334,1800.0,318.5990266713292,4167,1881.6142857142856,1684.5,847,871.0,3565.0,889.6336050445092,4899,2171.7,1959.5,897,935.75,4387.0,1098.0096063852473,4680,2185.4142857142856,1922.0,896,988.0,4108.0,1033.6252221167583,2015,MOZ,-15.270338,36.501956,0.125663706143592,MAR_6,circle,1,"{""type"":""MultiPoint"",""coordinates"":[]}"
00000000000000000006_0_0,1378,766.7285714285714,701.0,354,444.0,1373.0,244.28092267648225,1886,878.0285714285715,883.0,317,373.0,1244.0,285.320820502544,2383,1271.2142857142858,1202.857142857143,824,837.3333333333334,1800.0,318.5990266713292,4167,1881.6142857142856,1684.5,847,871.0,3565.0,889.6336050445092,4899,2171.7,1959.5,897,935.75,4387.0,1098.0096063852473,4680,2185.4142857142856,1922.0,896,988.0,4108.0,1033.6252221167583,2015,MOZ,-15.262356,36.503577,0.125663706143592,MAR_7,circle,1,"{""type"":""MultiPoint"",""coordinates"":[]}"
00000000000000000007_0_0,1378,766.7285714285714,701.0,354,444.0,1373.0,244.28092267648225,1886,878.0285714285715,883.0,317,373.0,1244.0,285.320820502544,2383,1271.2142857142858,1202.857142857143,824,837.3333333333334,1800.0,318.5990266713292,4167,1881.6142857142856,1684.5,847,871.0,3565.0,889.6336050445092,4899,2171.7,1959.5,897,935.75,4387.0,1098.0096063852473,4680,2185.4142857142856,1922.0,896,988.0,4108.0,1033.6252221167583,2015,MOZ,-15.277197,36.51721,0.125663706143592,MAR_9,circle,1,"{""type"":""MultiPoint"",""coordinates"":[]}"
00000000000000000008_0_0,1378,766.7285714285714,701.0,354,444.0,1373.0,244.28092267648225,1886,878.0285714285715,883.0,317,373.0,1244.0,285.320820502544,2383,1271.2142857142858,1202.857142857143,824,837.3333333333334,1800.0,318.5990266713292,4167,1881.6142857142856,1684.5,847,871.0,3565.0,889.6336050445092,4899,2171.7,1959.5,897,935.75,4387.0,1098.0096063852473,4680,2185.4142857142856,1922.0,896,988.0,4108.0,1033.6252221167583,2015,MOZ,-15.278989,36.517193,0.125663706143592,MAR_10,circle,1,"{""type"":""MultiPoint"",""coordinates"":[]}"
00000000000000000009_0_0,1378,766.7285714285714,701.0,354,444.0,1373.0,244.28092267648225,1886,878.0285714285715,883.0,317,373.0,1244.0,285.320820502544,2383,1271.2142857142858,1202.857142857143,824,837.3333333333334,1800.0,318.5990266713292,4167,1881.6142857142856,1684.5,847,871.0,3565.0,889.6336050445092,4899,2171.7,1959.5,897,935.75,4387.0,1098.0096063852473,4680,2185.4142857142856,1922.0,896,988.0,4108.0,1033.6252221167583,2015,MOZ,-15.255569,36.535876,0.125663706143592,MAR_11,circle,1,"{""type"":""MultiPoint"",""coordinates"":[]}"
0000000000000000000a_0_0,1378,766.7285714285714,701.0,354,444.0,1373.0,244.28092267648225,1886,878.0285714285715,883.0,317,373.0,1244.0,285.320820502544,2383,1271.2142857142858,1202.857142857143,824,837.3333333333334,1800.0,318.5990266713292,4167,1881.6142857142856,1684.5,847,871.0,3565.0,889.6336050445092,4899,2171.7,1959.5,897,935.75,4387.0,1098.0096063852473,4680,2185.4142857142856,1922.0,896,988.0,4108.0,1033.6252221167583,2015,MOZ,-15.257395,36.535874,0.125663706143592,MAR_12,circle,1,"{""type"":""MultiPoint"",""coordinates"":[]}"
00000000000000000013_0_0,1354,736.6144578313254,737.3333333333334,412,481.75,1018.0,164.7894480863676,1670,783.2650602409639,813.0,205,396.0,1150.0,264.8198334734391,1781,1137.566265060241,1156.0,633,692.0,1526.0,265.17760326164876,3841,1747.012048192771,1658.0,676,776.8,3208.0,822.5706619073796,4452,2007.8192771084337,1848.0,789,862.0,3872.0,1006.98658351908,4616,2082.1927710843374,1786.0,786,951.0,3913.0,974.7669657605884,2015,MOZ,-15.1794,36.600052,0.125663706143592,MAR_24,circle,1,"{""type"":""MultiPoint"",""coordinates"":[]}"
00000000000000000014_0_0,1354,736.6144578313254,737.3333333333334,412,481.75,1018.0,164.7894480863676,1670,783.2650602409639,813.0,205,396.0,1150.0,264.8198334734391,1781,1137.566265060241,1156.0,633,692.0,1526.0,265.17760326164876,3841,1747.012048192771,1658.0,676,776.8,3208.0,822.5706619073796,4452,2007.8192771084337,1848.0,789,862.0,3872.0,1006.98658351908,4616,2082.1927710843374,1786.0,786,951.0,3913.0,974.7669657605884,2015,MOZ,-15.177598,36.600099,0.125663706143592,MAR_25,circle,1,"{""type"":""MultiPoint"",""coordinates"":[]}"
00000000000000000016_0_0,1870,810.4957983193277,739.75,359,491.5,1640.0,307.13779991008334,1696,885.5378151260504,858.5,369,414.0,1498.0,307.3578865406835,2459,1307.0504201680671,1243.2,597,790.0,1942.0,311.57951758280626,3882,1960.5210084033613,1732.25,605,897.5,3260.0,758.7781182611452,4512,2205.7899159663866,1990.0,674,909.0,3770.0,891.2850120311805,4459,2226.7563025210084,2075.0,618,866.5,3642.0,896.0062271541051,2015,MOZ,-15.315722,36.614249,0.125663706143592,MAR_27,circle,1,"{""type"":""MultiPoint"",""coordinates"":[]}"
00000000000000000017_0_0,1870,810.4957983193277,739.75,359,491.5,1640.0,307.13779991008334,1696,885.5378151260504,858.5,369,414.0,1498.0,307.3578865406835,2459,1307.0504201680671,1243.2,597,790.0,1942.0,311.57951758280626,3882,1960.5210084033613,1732.25,605,897.5,3260.0,758.7781182611452,4512,2205.7899159663866,1990.0,674,909.0,3770.0,891.2850120311805,4459,2226.7563025210084,2075.0,618,866.5,3642.0,896.0062271541051,2015,MOZ,-15.31391,36.614274,0.125663706143592,MAR_28,circle,1,"{""type"":""MultiPoint"",""coordinates"":[]}"
00000000000000000018_0_0,1870,810.4957983193277,739.75,359,491.5,1640.0,307.13779991008334,1696,885.5378151260504,858.5,369,414.0,1498.0,307.3578865406835,2459,1307.0504201680671,1243.2,597,790.0,1942.0,311.57951758280626,3882,1960.5210084033613,1732.25,605,897.5,3260.0,758.7781182611452,4512,2205.7899159663866,1990.0,674,909.0,3770.0,891.2850120311805,4459,2226.7563025210084,2075.0,618,866.5,3642.0,896.0062271541051,2015,MOZ,-15.317267,36.624573,0.125663706143592,MAR_30,circle,1,"{""type"":""MultiPoint"",""coordinates"":[]}"
00000000000000000019_0_0,1870,810.4957983193277,739.75,359,491.5,1640.0,307.13779991008334,1696,885.5378151260504,858.5,369,414.0,1498.0,307.3578865406835,2459,1307.0504201680671,1243.2,597,790.0,1942.0,311.57951758280626,3882,1960.5210084033613,1732.25,605,897.5,3260.0,758.7781182611452,4512,2205.7899159663866,1990.0,674,909.0,3770.0,891.2850120311805,4459,2226.7563025210084,2075.0,618,866.5,3642.0,896.0062271541051,2015,MOZ,-15.315461,36.6246,0.125663706143592,MAR_31,circle,1,"{""type"":""MultiPoint"",""coordinates"":[]}"
0000000000000000001a_0_0,1354,736.6144578313254,737.3333333333334,412,481.75,1018.0,164.7894480863676,1670,783.2650602409639,813.0,205,396.0,1150.0,264.8198334734391,1781,1137.566265060241,1156.0,633,692.0,1526.0,265.17760326164876,3841,1747.012048192771,1658.0,676,776.8,3208.0,822.5706619073796,4452,2007.8192771084337,1848.0,789,862.0,3872.0,1006.98658351908,4616,2082.1927710843374,1786.0,786,951.0,3913.0,974.7669657605884,2015,MOZ,-15.186064,36.627062,0.125663706143592,MAR_32,circle,1,"{""type"":""MultiPoint"",""coordinates"":[]}"
0000000000000000001b_0_0,1354,736.6144578313254,737.3333333333334,412,481.75,1018.0,164.7894480863676,1670,783.2650602409639,813.0,205,396.0,1150.0,264.8198334734391,1781,1137.566265060241,1156.0,633,692.0,1526.0,265.17760326164876,3841,1747.012048192771,1658.0,676,776.8,3208.0,822.5706619073796,4452,2007.8192771084337,1848.0,789,862.0,3872.0,1006.98658351908,4616,2082.1927710843374,1786.0,786,951.0,3913.0,974.7669657605884,2015,MOZ,-15.187868,36.627075,0.125663706143592,MAR_33,circle,1,"{""type"":""MultiPoint"",""coordinates"":[]}"
0000000000000000001c_0_0,1354,736.6144578313254,737.3333333333334,412,481.75,1018.0,164.7894480863676,1670,783.2650602409639,813.0,205,396.0,1150.0,264.8198334734391,1781,1137.566265060241,1156.0,633,692.0,1526.0,265.17760326164876,3841,1747.012048192771,1658.0,676,776.8,3208.0,822.5706619073796,4452,2007.8192771084337,1848.0,789,862.0,3872.0,1006.98658351908,4616,2082.1927710843374,1786.0,786,951.0,3913.0,974.7669657605884,2015,MOZ,-15.178692,36.62822,0.125663706143592,MAR_34,circle,1,"{""type"":""MultiPoint"",""coordinates"":[]}"
0000000000000000001d_0_0,1354,736.6144578313254,737.3333333333334,412,481.75,1018.0,164.7894480863676,1670,783.2650602409639,813.0,205,396.0,1150.0,264.8198334734391,1781,1137.566265060241,1156.0,633,692.0,1526.0,265.17760326164876,3841,1747.012048192771,1658.0,676,776.8,3208.0,822.5706619073796,4452,2007.8192771084337,1848.0,789,862.0,3872.0,1006.98658351908,4616,2082.1927710843374,1786.0,786,951.0,3913.0,974.7669657605884,2015,MOZ,-15.176818,36.628413,0.125663706143592,MAR_35,circle,1,"{""type"":""MultiPoint"",""coordinates"":[]}"
0000000000000000001e_0_0,1354,736.6144578313254,737.3333333333334,412,481.75,1018.0,164.7894480863676,1670,783.2650602409639,813.0,205,396.0,1150.0,264.8198334734391,1781,1137.566265060241,1156.0,633,692.0,1526.0,265.17760326164876,3841,1747.012048192771,1658.0,676,776.8,3208.0,822.5706619073796,4452,2007.8192771084337,1848.0,789,862.0,3872.0,1006.98658351908,4616,2082.1927710843374,1786.0,786,951.0,3913.0,974.7669657605884,2015,MOZ,-15.185206,36.628595,0.125663706143592,MAR_36,circle,1,"{""type"":""MultiPoint"",""coordinates"":[]}"
0000000000000000001f_0_0,1354,736.6144578313254,737.3333333333334,412,481.75,1018.0,164.7894480863676,1670,783.2650602409639,813.0,205,396.0,1150.0,264.8198334734391,1781,1137.566265060241,1156.0,633,692.0,1526.0,265.17760326164876,3841,1747.012048192771,1658.0,676,776.8,3208.0,822.5706619073796,4452,2007.8192771084337,1848.0,789,862.0,3872.0,1006.98658351908,4616,2082.1927710843374,1786.0,786,951.0,3913.0,974.7669657605884,2015,MOZ,-15.157387,36.631452,0.125663706143592,MAR_37,circle,1,"{""type"":""MultiPoint"",""coordinates"":[]}"
00000000000000000020_0_0,1354,736.6144578313254,737.3333333333334,412,481.75,1018.0,164.7894480863676,1670,783.2650602409639,813.0,205,396.0,1150.0,264.8198334734391,1781,1137.566265060241,1156.0,633,692.0,1526.0,265.17760326164876,3841,1747.012048192771,1658.0,676,776.8,3208.0,822.5706619073796,4452,2007.8192771084337,1848.0,789,862.0,3872.0,1006.98658351908,4616,2082.1927710843374,1786.0,786,951.0,3913.0,974.7669657605884,2015,MOZ,-15.159184,36.631447,0.125663706143592,MAR_38,circle,1,"{""type"":""MultiPoint"",""coordinates"":[]}"
00000000000000000021_0_0,1354,736.6144578313254,737.3333333333334,412,481.75,1018.0,164.7894480863676,1670,783.2650602409639,813.0,205,396.0,1150.0,264.8198334734391,1781,1137.566265060241,1156.0,633,692.0,1526.0,265.17760326164876,3841,1747.012048192771,1658.0,676,776.8,3208.0,822.5706619073796,4452,2007.8192771084337,1848.0,789,862.0,3872.0,1006.98658351908,4616,2082.1927710843374,1786.0,786,951.0,3913.0,974.7669657605884,2015,MOZ,-15.166776,36.637088,0.125663706143592,MAR_39,circle,1,"{""type"":""MultiPoint"",""coordinates"":[]}"
00000000000000000022_0_0,1354,736.6144578313254,737.3333333333334,412,481.75,1018.0,164.7894480863676,1670,783.2650602409639,813.0,205,396.0,1150.0,264.8198334734391,1781,1137.566265060241,1156.0,633,692.0,1526.0,265.17760326164876,3841,1747.012048192771,1658.0,676,776.8,3208.0,822.5706619073796,4452,2007.8192771084337,1848.0,789,862.0,3872.0,1006.98658351908,4616,2082.1927710843374,1786.0,786,951.0,3913.0,974.7669657605884,2015,MOZ,-15.164971,36.637112,0.125663706143592,MAR_40,circle,1,"{""type"":""MultiPoint"",""coordinates"":[]}"
00000000000000000023_0_0,1354,736.6144578313254,737.3333333333334,412,481.75,1018.0,164.7894480863676,1670,783.2650602409639,813.0,205,396.0,1150.0,264.8198334734391,1781,1137.566265060241,1156.0,633,692.0,1526.0,265.17760326164876,3841,1747.012048192771,1658.0,676,776.8,3208.0,822.5706619073796,4452,2007.8192771084337,1848.0,789,862.0,3872.0,1006.98658351908,4616,2082.1927710843374,1786.0,786,951.0,3913.0,974.7669657605884,2015,MOZ,-15.181983,36.637962,0.125663706143592,MAR_41,circle,1,"{""type"":""MultiPoint"",""coordinates"":[]}"
00000000000000000024_0_0,1354,736.6144578313254,737.3333333333334,412,481.75,1018.0,164.7894480863676,1670,783.2650602409639,813.0,205,396.0,1150.0,264.8198334734391,1781,1137.566265060241,1156.0,633,692.0,1526.0,265.17760326164876,3841,1747.012048192771,1658.0,676,776.8,3208.0,822.5706619073796,4452,2007.8192771084337,1848.0,789,862.0,3872.0,1006.98658351908,4616,2082.1927710843374,1786.0,786,951.0,3913.0,974.7669657605884,2015,MOZ,-15.177583,36.639165,0.125663706143592,MAR_42,circle,1,"{""type"":""MultiPoint"",""coordinates"":[]}"
00000000000000000025_0_0,1354,736.6144578313254,737.3333333333334,412,481.75,1018.0,164.7894480863676,1670,783.2650602409639,813.0,205,396.0,1150.0,264.8198334734391,1781,1137.566265060241,1156.0,633,692.0,1526.0,265.17760326164876,3841,1747.012048192771,1658.0,676,776.8,3208.0,822.5706619073796,4452,2007.8192771084337,1848.0,789,862.0,3872.0,1006.98658351908,4616,2082.1927710843374,1786.0,786,951.0,3913.0,974.7669657605884,2015,MOZ,-15.191554,36.639347,0.125663706143592,MAR_43,circle,1,"{""type"":""MultiPoint"",""coordinates"":[]}"
00000000000000000026_0_0,1354,736.6144578313254,737.3333333333334,412,481.75,1018.0,164.7894480863676,1670,783.2650602409639,813.0,205,396.0,1150.0,264.8198334734391,1781,1137.566265060241,1156.0,633,692.0,1526.0,265.17760326164876,3841,1747.012048192771,1658.0,676,776.8,3208.0,822.5706619073796,4452,2007.8192771084337,1848.0,789,862.0,3872.0,1006.98658351908,4616,2082.1927710843374,1786.0,786,951.0,3913.0,974.7669657605884,2015,MOZ,-15.15255,36.639996,0.125663706143592,MAR_44,circle,1,"{""type"":""MultiPoint"",""coordinates"":[]}"
00000000000000000027_0_0,1354,736.6144578313254,737.3333333333334,412,481.75,1018.0,164.7894480863676,1670,783.2650602409639,813.0,205,396.0,1150.0,264.8198334734391,1781,1137.566265060241,1156.0,633,692.0,1526.0,265.17760326164876,3841,1747.012048192771,1658.0,676,776.8,3208.0,822.5706619073796,4452,2007.8192771084337,1848.0,789,862.0,3872.0,1006.98658351908,4616,2082.1927710843374,1786.0,786,951.0,3913.0,974.7669657605884,2015,MOZ,-15.154373,36.639978,0.125663706143592,MAR_45,circle,1,"{""type"":""MultiPoint"",""coordinates"":[]}"
00000000000000000028_0_0,1354,736.6144578313254,737.3333333333334,412,481.75,1018.0,164.7894480863676,1670,783.2650602409639,813.0,205,396.0,1150.0,264.8198334734391,1781,1137.566265060241,1156.0,633,692.0,1526.0,265.17760326164876,3841,1747.012048192771,1658.0,676,776.8,3208.0,822.5706619073796,4452,2007.8192771084337,1848.0,789,862.0,3872.0,1006.98658351908,4616,2082.1927710843374,1786.0,786,951.0,3913.0,974.7669657605884,2015,MOZ,-15.158788,36.642421,0.125663706143592,MAR_46,circle,1,"{""type"":""MultiPoint"",""coordinates"":[]}"
00000000000000000029_0_0,1354,736.6144578313254,737.3333333333334,412,481.75,1018.0,164.7894480863676,1670,783.2650602409639,813.0,205,396.0,1150.0,264.8198334734391,1781,1137.566265060241,1156.0,633,692.0,1526.0,265.17760326164876,3841,1747.012048192771,1658.0,676,776.8,3208.0,822.5706619073796,4452,2007.8192771084337,1848.0,789,862.0,3872.0,1006.98658351908,4616,2082.1927710843374,1786.0,786,951.0,3913.0,974.7669657605884,2015,MOZ,-15.160372,36.642437,0.125663706143592,MAR_47,circle,1,"{""type"":""MultiPoint"",""coordinates"":[]}"
0000000000000000002a_0_0,1924,845.7906976744187,801.25,394,538.0,1270.0,254.50024518099715,1890,929.5813953488372,877.5,333,414.0,1550.0,350.35219705240655,2232,1309.0116279069769,1276.5,694,940.0,1779.0,249.3133124639927,4807,2007.5116279069769,1650.5,809,1172.25,4142.0,907.1333296554418,5876,2293.0697674418607,1779.3333333333333,971,1347.0,4748.0,1114.5141165829782,5861,2455.593023255814,1819.6,1095,1434.0,5000.0,1192.6605335649444,2015,MOZ,-15.264528,36.643259,0.125663706143592,MAR_48,circle,1,"{""type"":""MultiPoint"",""coordinates"":[]}"
0000000000000000002b_0_0,1924,845.7906976744187,801.25,394,538.0,1270.0,254.50024518099715,1890,929.5813953488372,877.5,333,414.0,1550.0,350.35219705240655,2232,1309.0116279069769,1276.5,694,940.0,1779.0,249.3133124639927,4807,2007.5116279069769,1650.5,809,1172.25,4142.0,907.1333296554418,5876,2293.0697674418607,1779.3333333333333,971,1347.0,4748.0,1114.5141165829782,5861,2455.593023255814,1819.6,1095,1434.0,5000.0,1192.6605335649444,2015,MOZ,-15.262879,36.643376,0.125663706143592,MAR_49,circle,1,"{""type"":""MultiPoint"",""coordinates"":[]}"
0000000000000000002c_0_0,1354,736.6144578313254,737.3333333333334,412,481.75,1018.0,164.7894480863676,1670,783.2650602409639,813.0,205,396.0,1150.0,264.8198334734391,1781,1137.566265060241,1156.0,633,692.0,1526.0,265.17760326164876,3841,1747.012048192771,1658.0,676,776.8,3208.0,822.5706619073796,4452,2007.8192771084337,1848.0,789,862.0,3872.0,1006.98658351908,4616,2082.1927710843374,1786.0,786,951.0,3913.0,974.7669657605884,2015,MOZ,-15.185207,36.647416,0.125663706143592,MAR_50,circle,1,"{""type"":""MultiPoint"",""coordinates"":[]}"
0000000000000000002d_0_0,1354,736.6144578313254,737.3333333333334,412,481.75,1018.0,164.7894480863676,1670,783.2650602409639,813.0,205,396.0,1150.0,264.8198334734391,1781,1137.566265060241,1156.0,633,692.0,1526.0,265.17760326164876,3841,1747.012048192771,1658.0,676,776.8,3208.0,822.5706619073796,4452,2007.8192771084337,1848.0,789,862.0,3872.0,1006.98658351908,4616,2082.1927710843374,1786.0,786,951.0,3913.0,974.7669657605884,2015,MOZ,-15.173652,36.648421,0.125663706143592,MAR_51,circle,1,"{""type"":""MultiPoint"",""coordinates"":[]}"
0000000000000000002e_0_0,1354,736.6144578313254,737.3333333333334,412,481.75,1018.0,164.7894480863676,1670,783.2650602409639,813.0,205,396.0,1150.0,264.8198334734391,1781,1137.566265060241,1156.0,633,692.0,1526.0,265.17760326164876,3841,1747.012048192771,1658.0,676,776.8,3208.0,822.5706619073796,4452,2007.8192771084337,1848.0,789,862.0,3872.0,1006.98658351908,4616,2082.1927710843374,1786.0,786,951.0,3913.0,974.7669657605884,2015,MOZ,-15.188365,36.654014,0.125663706143592,MAR_52,circle,1,"{""type"":""MultiPoint"",""coordinates"":[]}"
0000000000000000002f_0_0,1354,736.6144578313254,737.3333333333334,412,481.75,1018.0,164.7894480863676,1670,783.2650602409639,813.0,205,396.0,1150.0,264.8198334734391,1781,1137.566265060241,1156.0,633,692.0,1526.0,265.17760326164876,3841,1747.012048192771,1658.0,676,776.8,3208.0,822.5706619073796,4452,2007.8192771084337,1848.0,789,862.0,3872.0,1006.98658351908,4616,2082.1927710843374,1786.0,786,951.0,3913.0,974.7669657605884,2015,MOZ,-15.179872,36.65628,0.125663706143592,MAR_53,circle,1,"{""type"":""MultiPoint"",""coordinates"":[]}"
00000000000000000030_0_0,1870,810.4957983193277,739.75,359,491.5,1640.0,307.13779991008334,1696,885.5378151260504,858.5,369,414.0,1498.0,307.3578865406835,2459,1307.0504201680671,1243.2,597,790.0,1942.0,311.57951758280626,3882,1960.5210084033613,1732.25,605,897.5,3260.0,758.7781182611452,4512,2205.7899159663866,1990.0,674,909.0,3770.0,891.2850120311805,4459,2226.7563025210084,2075.0,618,866.5,3642.0,896.0062271541051,2015,MOZ,-15.315685,36.655885,0.125663706143592,MAR_54,circle,1,"{""type"":""MultiPoint"",""coordinates"":[]}"
00000000000000000031_0_0,1924,845.7906976744187,801.25,394,538.0,1270.0,254.50024518099715,1890,929.5813953488372,877.5,333,414.0,1550.0,350.35219705240655,2232,1309.0116279069769,1276.5,694,940.0,1779.0,249.3133124639927,4807,2007.5116279069769,1650.5,809,1172.25,4142.0,907.1333296554418,5876,2293.0697674418607,1779.3333333333333,971,1347.0,4748.0,1114.5141165829782,5861,2455.593023255814,1819.6,1095,1434.0,5000.0,1192.6605335649444,2015,MOZ,-15.287222,36.658705,0.125663706143592,MAR_56,circle,1,"{""type"":""MultiPoint"",""coordinates"":[]}"
00000000000000000032_0_0,1924,845.7906976744187,801.25,394,538.0,1270.0,254.50024518099715,1890,929.5813953488372,877.5,333,414.0,1550.0,350.35219705240655,2232,1309.0116279069769,1276.5,694,940.0,1779.0,249.3133124639927,4807,2007.5116279069769,1650.5,809,1172.25,4142.0,907.1333296554418,5876,2293.0697674418607,1779.3333333333333,971,1347.0,4748.0,1114.5141165829782,5861,2455.593023255814,1819.6,1095,1434.0,5000.0,1192.6605335649444,2015,MOZ,-15.285396,36.658726,0.125663706143592,MAR_57,circle,1,"{""type"":""MultiPoint"",""coordinates"":[]}"
00000000000000000033_0_0,1354,736.6144578313254,737.3333333333334,412,481.75,1018.0,164.7894480863676,1670,783.2650602409639,813.0,205,396.0,1150.0,264.8198334734391,1781,1137.566265060241,1156.0,633,692.0,1526.0,265.17760326164876,3841,1747.012048192771,1658.0,676,776.8,3208.0,822.5706619073796,4452,2007.8192771084337,1848.0,789,862.0,3872.0,1006.98658351908,4616,2082.1927710843374,1786.0,786,951.0,3913.0,974.7669657605884,2015,MOZ,-15.176882,36.661331,0.125663706143592,MAR_58,circle,1,"{""type"":""MultiPoint"",""coordinates"":[]}"
00000000000000000034_0_0,1924,845.7906976744187,801.25,394,538.0,1270.0,254.50024518099715,1890,929.5813953488372,877.5,333,414.0,1550.0,350.35219705240655,2232,1309.0116279069769,1276.5,694,940.0,1779.0,249.3133124639927,4807,2007.5116279069769,1650.5,809,1172.25,4142.0,907.1333296554418,5876,2293.0697674418607,1779.3333333333333,971,1347.0,4748.0,1114.5141165829782,5861,2455.593023255814,1819.6,1095,1434.0,5000.0,1192.6605335649444,2015,MOZ,-15.304241,36.662298,0.125663706143592,MAR_59,circle,1,"{""type"":""MultiPoint"",""coordinates"":[]}"
00000000000000000035_0_0,1924,845.7906976744187,801.25,394,538.0,1270.0,254.50024518099715,1890,929.5813953488372,877.5,333,414.0,1550.0,350.35219705240655,2232,1309.0116279069769,1276.5,694,940.0,1779.0,249.3133124639927,4807,2007.5116279069769,1650.5,809,1172.25,4142.0,907.1333296554418,5876,2293.0697674418607,1779.3333333333333,971,1347.0,4748.0,1114.5141165829782,5861,2455.593023255814,1819.6,1095,1434.0,5000.0,1192.6605335649444,2015,MOZ,-15.302446,36.662327,0.125663706143592,MAR_60,circle,1,"{""type"":""MultiPoint"",""coordinates"":[]}"
00000000000000000036_0_0,1354,736.6144578313254,737.3333333333334,412,481.75,1018.0,164.7894480863676,1670,783.2650602409639,813.0,205,396.0,1150.0,264.8198334734391,1781,1137.566265060241,1156.0,633,692.0,1526.0,265.17760326164876,3841,1747.012048192771,1658.0,676,776.8,3208.0,822.5706619073796,4452,2007.8192771084337,1848.0,789,862.0,3872.0,1006.98658351908,4616,2082.1927710843374,1786.0,786,951.0,3913.0,974.7669657605884,2015,MOZ,-15.175144,36.665955,0.125663706143592,MAR_61,circle,1,"{""type"":""MultiPoint"",""coordinates"":[]}"
00000000000000000037_0_0,1354,736.6144578313254,737.3333333333334,412,481.75,1018.0,164.7894480863676,1670,783.2650602409639,813.0,205,396.0,1150.0,264.8198334734391,1781,1137.566265060241,1156.0,633,692.0,1526.0,265.17760326164876,3841,1747.012048192771,1658.0,676,776.8,3208.0,822.5706619073796,4452,2007.8192771084337,1848.0,789,862.0,3872.0,1006.98658351908,4616,2082.1927710843374,1786.0,786,951.0,3913.0,974.7669657605884,2015,MOZ,-15.183121,36.668777,0.125663706143592,MAR_62,circle,1,"{""type"":""MultiPoint"",""coordinates"":[]}"
00000000000000000038_0_0,1354,736.6144578313254,737.3333333333334,412,481.75,1018.0,164.7894480863676,1670,783.2650602409639,813.0,205,396.0,1150.0,264.8198334734391,1781,1137.566265060241,1156.0,633,692.0,1526.0,265.17760326164876,3841,1747.012048192771,1658.0,676,776.8,3208.0,822.5706619073796,4452,2007.8192771084337,1848.0,789,862.0,3872.0,1006.98658351908,4616,2082.1927710843374,1786.0,786,951.0,3913.0,974.7669657605884,2015,MOZ,-15.151132,36.671082,0.125663706143592,MAR_63,circle,1,"{""type"":""MultiPoint"",""coordinates"":[]}"
00000000000000000039_0_0,1354,736.6144578313254,737.3333333333334,412,481.75,1018.0,164.7894480863676,1670,783.2650602409639,813.0,205,396.0,1150.0,264.8198334734391,1781,1137.566265060241,1156.0,633,692.0,1526.0,265.17760326164876,3841,1747.012048192771,1658.0,676,776.8,3208.0,822.5706619073796,4452,2007.8192771084337,1848.0,789,862.0,3872.0,1006.98658351908,4616,2082.1927710843374,1786.0,786,951.0,3913.0,974.7669657605884,2015,MOZ,-15.149324,36.671117,0.125663706143592,MAR_64,circle,1,"{""type"":""MultiPoint"",""coordinates"":[]}"
0000000000000000003c_0_0,1996,817.6179775280899,772.0,360,532.0,1092.0,251.87483540543766,1842,898.1460674157304,964.5,331,372.0,1332.0,322.64815604136714,2159,1295.3932584269662,1326.0,584,729.0,1723.0,323.25905769447127,4488,2015.7865168539327,1804.0,612,848.0,3701.0,895.8766652663561,5326,2302.629213483146,2054.0,697,881.6666666666666,4344.5,1095.1205195799225,5192,2400.7303370786517,2158.0,624,918.0,4532.5,1158.495845444049,2015,MOZ,-15.246798,36.675191,0.125663706143592,MAR_67,circle,1,"{""type"":""MultiPoint"",""coordinates"":[]}"
0000000000000000003d_0_0,1996,817.6179775280899,772.0,360,532.0,1092.0,251.87483540543766,1842,898.1460674157304,964.5,331,372.0,1332.0,322.64815604136714,2159,1295.3932584269662,1326.0,584,729.0,1723.0,323.25905769447127,4488,2015.7865168539327,1804.0,612,848.0,3701.0,895.8766652663561,5326,2302.629213483146,2054.0,697,881.6666666666666,4344.5,1095.1205195799225,5192,2400.7303370786517,2158.0,624,918.0,4532.5,1158.495845444049,2015,MOZ,-15.244971,36.675229,0.125663706143592,MAR_68,circle,1,"{""type"":""MultiPoint"",""coordinates"":[]}"
0000000000000000003e_0_0,1996,817.6179775280899,772.0,360,532.0,1092.0,251.87483540543766,1842,898.1460674157304,964.5,331,372.0,1332.0,322.64815604136714,2159,1295.3932584269662,1326.0,584,729.0,1723.0,323.25905769447127,4488,2015.7865168539327,1804.0,612,848.0,3701.0,895.8766652663561,5326,2302.629213483146,2054.0,697,881.6666666666666,4344.5,1095.1205195799225,5192,2400.7303370786517,2158.0,624,918.0,4532.5,1158.495845444049,2015,MOZ,-15.261528,36.679144,0.125663706143592,MAR_69,circle,1,"{""type"":""MultiPoint"",""coordinates"":[]}"
0000000000000000003f_0_0,1996,817.6179775280899,772.0,360,532.0,1092.0,251.87483540543766,1842,898.1460674157304,964.5,331,372.0,1332.0,322.64815604136714,2159,1295.3932584269662,1326.0,584,729.0,1723.0,323.25905769447127,4488,2015.7865168539327,1804.0,612,848.0,3701.0,895.8766652663561,5326,2302.629213483146,2054.0,697,881.6666666666666,4344.5,1095.1205195799225,5192,2400.7303370786517,2158.0,624,918.0,4532.5,1158.495845444049,2015,MOZ,-15.256741,36.68744,0.125663706143592,MAR_71,circle,1,"{""type"":""MultiPoint"",""coordinates"":[]}"
00000000000000000040_0_0,1996,817.6179775280899,772.0,360,532.0,1092.0,251.87483540543766,1842,898.1460674157304,964.5,331,372.0,1332.0,322.64815604136714,2159,1295.3932584269662,1326.0,584,729.0,1723.0,323.25905769447127,4488,2015.7865168539327,1804.0,612,848.0,3701.0,895.8766652663561,5326,2302.629213483146,2054.0,697,881.6666666666666,4344.5,1095.1205195799225,5192,2400.7303370786517,2158.0,624,918.0,4532.5,1158.495845444049,2015,MOZ,-15.257016,36.69015,0.125663706143592,MAR_72,circle,1,"{""type"":""MultiPoint"",""coordinates"":[]}"
00000000000000000049_0_0,1996,817.6179775280899,772.0,360,532.0,1092.0,251.87483540543766,1842,898.1460674157304,964.5,331,372.0,1332.0,322.64815604136714,2159,1295.3932584269662,1326.0,584,729.0,1723.0,323.25905769447127,4488,2015.7865168539327,1804.0,612,848.0,3701.0,895.8766652663561,5326,2302.629213483146,2054.0,697,881.6666666666666,4344.5,1095.1205195799225,5192,2400.7303370786517,2158.0,624,918.0,4532.5,1158.495845444049,2015,MOZ,-15.266153,36.699615,0.125663706143592,MAR_84,circle,1,"{""type"":""MultiPoint"",""coordinates"":[]}"
0000000000000000004a_0_0,1996,817.6179775280899,772.0,360,532.0,1092.0,251.87483540543766,1842,898.1460674157304,964.5,331,372.0,1332.0,322.64815604136714,2159,1295.3932584269662,1326.0,584,729.0,1723.0,323.25905769447127,4488,2015.7865168539327,1804.0,612,848.0,3701.0,895.8766652663561,5326,2302.629213483146,2054.0,697,881.6666666666666,4344.5,1095.1205195799225,5192,2400.7303370786517,2158.0,624,918.0,4532.5,1158.495845444049,2015,MOZ,-15.264351,36.699651,0.125663706143592,MAR_85,circle,1,"{""type"":""MultiPoint"",""coordinates"":[]}"
0000000000000000004e_0_0,1996,817.6179775280899,772.0,360,532.0,1092.0,251.87483540543766,1842,898.1460674157304,964.5,331,372.0,1332.0,322.64815604136714,2159,1295.3932584269662,1326.0,584,729.0,1723.0,323.25905769447127,4488,2015.7865168539327,1804.0,612,848.0,3701.0,895.8766652663561,5326,2302.629213483146,2054.0,697,881.6666666666666,4344.5,1095.1205195799225,5192,2400.7303370786517,2158.0,624,918.0,4532.5,1158.495845444049,2015,MOZ,-15.25975,36.707569,0.125663706143592,MAR_90,circle,1,"{""type"":""MultiPoint"",""coordinates"":[]}"
0000000000000000004f_0_0,1996,817.6179775280899,772.0,360,532.0,1092.0,251.87483540543766,1842,898.1460674157304,964.5,331,372.0,1332.0,322.64815604136714,2159,1295.3932584269662,1326.0,584,729.0,1723.0,323.25905769447127,4488,2015.7865168539327,1804.0,612,848.0,3701.0,895.8766652663561,5326,2302.629213483146,2054.0,697,881.6666666666666,4344.5,1095.1205195799225,5192,2400.7303370786517,2158.0,624,918.0,4532.5,1158.495845444049,2015,MOZ,-15.261564,36.707556,0.125663706143592,MAR_91,circle,1,"{""type"":""MultiPoint"",""coordinates"":[]}"
00000000000000000053_0_0,1996,817.6179775280899,772.0,360,532.0,1092.0,251.87483540543766,1842,898.1460674157304,964.5,331,372.0,1332.0,322.64815604136714,2159,1295.3932584269662,1326.0,584,729.0,1723.0,323.25905769447127,4488,2015.7865168539327,1804.0,612,848.0,3701.0,895.8766652663561,5326,2302.629213483146,2054.0,697,881.6666666666666,4344.5,1095.1205195799225,5192,2400.7303370786517,2158.0,624,918.0,4532.5,1158.495845444049,2015,MOZ,-15.253377,36.754705,0.125663706143592,MAR_97,circle,1,"{""type"":""MultiPoint"",""coordinates"":[]}"
00000000000000000054_0_0,1996,817.6179775280899,772.0,360,532.0,1092.0,251.87483540543766,1842,898.1460674157304,964.5,331,372.0,1332.0,322.64815604136714,2159,1295.3932584269662,1326.0,584,729.0,1723.0,323.25905769447127,4488,2015.7865168539327,1804.0,612,848.0,3701.0,895.8766652663561,5326,2302.629213483146,2054.0,697,881.6666666666666,4344.5,1095.1205195799225,5192,2400.7303370786517,2158.0,624,918.0,4532.5,1158.495845444049,2015,MOZ,-15.222133,36.755998,0.125663706143592,MAR_99,circle,1,"{""type"":""MultiPoint"",""coordinates"":[]}"
00000000000000000060_0_0,2524,838.9302325581396,780.0,480,500.0,1330.0,366.25651167154206,3230,966.1627906976744,752.0,449,490.0,1664.0,501.00071625221784,3356,1410.9302325581396,1269.0,1000,1022.0,1955.0,422.43625611604574,3420,1915.6046511627908,1842.0,1005,1305.0,3168.0,573.8971279478048,3817,2129.232558139535,2079.0,1165,1394.0,3515.0,651.5724035588848,3672,2175.093023255814,2073.0,1122,1398.0,3414.0,581.0824227631983,2015,MOZ,-15.063113,36.99339,0.125663706143592,MAR_119,circle,1,"{""type"":""MultiPoint"",""coordinates"":[]}"
00000000000000000061_0_0,2524,838.9302325581396,780.0,480,500.0,1330.0,366.25651167154206,3230,966.1627906976744,752.0,449,490.0,1664.0,501.00071625221784,3356,1410.9302325581396,1269.0,1000,1022.0,1955.0,422.43625611604574,3420,1915.6046511627908,1842.0,1005,1305.0,3168.0,573.8971279478048,3817,2129.232558139535,2079.0,1165,1394.0,3515.0,651.5724035588848,3672,2175.093023255814,2073.0,1122,1398.0,3414.0,581.0824227631983,2015,MOZ,-15.061309,36.993413,0.125663706143592,MAR_120,circle,1,"{""type"":""MultiPoint"",""coordinates"":[]}"
00000000000000000062_0_0,2524,838.9302325581396,780.0,480,500.0,1330.0,366.25651167154206,3230,966.1627906976744,752.0,449,490.0,1664.0,501.00071625221784,3356,1410.9302325581396,1269.0,1000,1022.0,1955.0,422.43625611604574,3420,1915.6046511627908,1842.0,1005,1305.0,3168.0,573.8971279478048,3817,2129.232558139535,2079.0,1165,1394.0,3515.0,651.5724035588848,3672,2175.093023255814,2073.0,1122,1398.0,3414.0,581.0824227631983,2015,MOZ,-15.095333,36.995054,0.125663706143592,MAR_121,circle,1,"{""type"":""MultiPoint"",""coordinates"":[]}"
00000000000000000063_0_0,2524,838.9302325581396,780.0,480,500.0,1330.0,366.25651167154206,3230,966.1627906976744,752.0,449,490.0,1664.0,501.00071625221784,3356,1410.9302325581396,1269.0,1000,1022.0,1955.0,422.43625611604574,3420,1915.6046511627908,1842.0,1005,1305.0,3168.0,573.8971279478048,3817,2129.232558139535,2079.0,1165,1394.0,3515.0,651.5724035588848,3672,2175.093023255814,2073.0,1122,1398.0,3414.0,581.0824227631983,2015,MOZ,-15.092912,37.006439,0.125663706143592,MAR_122,circle,1,"{""type"":""MultiPoint"",""coordinates"":[]}"
00000000000000000064_0_0,1518,685.3684210526316,611.0,496,508.0,1206.0,214.5479238639913,1328,648.7631578947369,594.5,377,391.0,1212.0,221.03481914449193,1902,1059.8157894736842,971.0,834,850.0,1598.0,225.2280546308515,2317,1744.1315789473683,1733.0,1159,1310.0,2253.0,257.0818189494333,2535,1976.2105263157894,1958.5,1348,1495.0,2449.0,261.02078540896343,3100,2260.8947368421054,2235.0,1284,1582.0,2864.0,345.4021903957672,2015,MOZ,-13.408128,37.383515,0.125663706143592,MAR_123,circle,1,"{""type"":""MultiPoint"",""coordinates"":[]}"
00000000000000000065_0_0,1794,735.025,665.0,480,506.0,1465.0,285.11484418563697,1772,734.9,661.0,382,395.5,1453.0,297.6530530668215,2279,1202.95,1118.0,828,857.0,1967.5,317.87331989331847,2970,2035.875,1958.0,1435,1615.5,2916.0,381.02593005594775,3440,2319.1,2228.0,1567,1838.0,3215.0,428.95983494961376,3322,2245.675,2163.0,1236,1632.0,3207.0,443.7402611607382,2015,MOZ,-13.407528,37.400956,0.125663706143592,MAR_124,circle,1,"{""type"":""MultiPoint"",""coordinates"":[]}"
00000000000000000066_0_0,1518,685.3684210526316,611.0,496,508.0,1206.0,214.5479238639913,1328,648.7631578947369,594.5,377,391.0,1212.0,221.03481914449193,1902,1059.8157894736842,971.0,834,850.0,1598.0,225.2280546308515,2317,1744.1315789473683,1733.0,1159,1310.0,2253.0,257.0818189494333,2535,1976.2105263157894,1958.5,1348,1495.0,2449.0,261.02078540896343,3100,2260.8947368421054,2235.0,1284,1582.0,2864.0,345.4021903957672,2015,MOZ,-13.405948,37.385143,0.125663706143592,MAR_125,circle,1,"{""type"":""MultiPoint"",""coordinates"":[]}"
00000000000000000067_0_0,1794,735.025,665.0,480,506.0,1465.0,285.11484418563697,1772,734.9,661.0,382,395.5,1453.0,297.6530530668215,2279,1202.95,1118.0,828,857.0,1967.5,317.87331989331847,2970,2035.875,1958.0,1435,1615.5,2916.0,381.02593005594775,3440,2319.1,2228.0,1567,1838.0,3215.0,428.95983494961376,3322,2245.675,2163.0,1236,1632.0,3207.0,443.7402611607382,2015,MOZ,-13.405359,37.402568,0.125663706143592,MAR_126,circle,1,"{""type"":""MultiPoint"",""coordinates"":[]}"
00000000000000000068_0_0,1794,735.025,665.0,480,506.0,1465.0,285.11484418563697,1772,734.9,661.0,382,395.5,1453.0,297.6530530668215,2279,1202.95,1118.0,828,857.0,1967.5,317.87331989331847,2970,2035.875,1958.0,1435,1615.5,2916.0,381.02593005594775,3440,2319.1,2228.0,1567,1838.0,3215.0,428.95983494961376,3322,2245.675,2163.0,1236,1632.0,3207.0,443.7402611607382,2015,MOZ,-13.394995,37.39837,0.125663706143592,MAR_127,circle,1,"{""type"":""MultiPoint"",""coordinates"":[]}"
00000000000000000069_0_0,1794,735.025,665.0,480,506.0,1465.0,285.11484418563697,1772,734.9,661.0,382,395.5,1453.0,297.6530530668215,2279,1202.95,1118.0,828,857.0,1967.5,317.87331989331847,2970,2035.875,1958.0,1435,1615.5,2916.0,381.02593005594775,3440,2319.1,2228.0,1567,1838.0,3215.0,428.95983494961376,3322,2245.675,2163.0,1236,1632.0,3207.0,443.7402611607382,2015,MOZ,-13.392806,37.399996,0.125663706143592,MAR_128,circle,1,"{""type"":""MultiPoint"",""coordinates"":[]}"
0000000000000000006a_0_0,1794,735.025,665.0,480,506.0,1465.0,285.11484418563697,1772,734.9,661.0,382,395.5,1453.0,297.6530530668215,2279,1202.95,1118.0,828,857.0,1967.5,317.87331989331847,2970,2035.875,1958.0,1435,1615.5,2916.0,381.02593005594775,3440,2319.1,2228.0,1567,1838.0,3215.0,428.95983494961376,3322,2245.675,2163.0,1236,1632.0,3207.0,443.7402611607382,2015,MOZ,-13.389484,37.414367,0.125663706143592,MAR_129,circle,1,"{""type"":""MultiPoint"",""coordinates"":[]}"
0000000000000000006b_0_0,1794,735.025,665.0,480,506.0,1465.0,285.11484418563697,1772,734.9,661.0,382,395.5,1453.0,297.6530530668215,2279,1202.95,1118.0,828,857.0,1967.5,317.87331989331847,2970,2035.875,1958.0,1435,1615.5,2916.0,381.02593005594775,3440,2319.1,2228.0,1567,1838.0,3215.0,428.95983494961376,3322,2245.675,2163.0,1236,1632.0,3207.0,443.7402611607382,2015,MOZ,-13.38732,37.416009,0.125663706143592,MAR_130,circle,1,"{""type"":""MultiPoint"",""coordinates"":[]}"
0000000000000000006c_0_0,1518,685.3684210526316,611.0,496,508.0,1206.0,214.5479238639913,1328,648.7631578947369,594.5,377,391.0,1212.0,221.03481914449193,1902,1059.8157894736842,971.0,834,850.0,1598.0,225.2280546308515,2317,1744.1315789473683,1733.0,1159,1310.0,2253.0,257.0818189494333,2535,1976.2105263157894,1958.5,1348,1495.0,2449.0,261.02078540896343,3100,2260.8947368421054,2235.0,1284,1582.0,2864.0,345.4021903957672,2015,MOZ,-13.378111,37.380545,0.125663706143592,MAR_131,circle,1,"{""type"":""MultiPoint"",""coordinates"":[]}"
0000000000000000006d_0_0,1518,685.3684210526316,611.0,496,508.0,1206.0,214.5479238639913,1328,648.7631578947369,594.5,377,391.0,1212.0,221.03481914449193,1902,1059.8157894736842,971.0,834,850.0,1598.0,225.2280546308515,2317,1744.1315789473683,1733.0,1159,1310.0,2253.0,257.0818189494333,2535,1976.2105263157894,1958.5,1348,1495.0,2449.0,261.02078540896343,3100,2260.8947368421054,2235.0,1284,1582.0,2864.0,345.4021903957672,2015,MOZ,-13.375935,37.382164,0.125663706143592,MAR_132,circle,1,"{""type"":""MultiPoint"",""coordinates"":[]}"
0000000000000000006e_0_0,1794,735.025,665.0,480,506.0,1465.0,285.11484418563697,1772,734.9,661.0,382,395.5,1453.0,297.6530530668215,2279,1202.95,1118.0,828,857.0,1967.5,317.87331989331847,2970,2035.875,1958.0,1435,1615.5,2916.0,381.02593005594775,3440,2319.1,2228.0,1567,1838.0,3215.0,428.95983494961376,3322,2245.675,2163.0,1236,1632.0,3207.0,443.7402611607382,2015,MOZ,-13.374807,37.406821,0.125663706143592,MAR_133,circle,1,"{""type"":""MultiPoint"",""coordinates"":[]}"
0000000000000000006f_0_0,1794,735.025,665.0,480,506.0,1465.0,285.11484418563697,1772,734.9,661.0,382,395.5,1453.0,297.6530530668215,2279,1202.95,1118.0,828,857.0,1967.5,317.87331989331847,2970,2035.875,1958.0,1435,1615.5,2916.0,381.02593005594775,3440,2319.1,2228.0,1567,1838.0,3215.0,428.95983494961376,3322,2245.675,2163.0,1236,1632.0,3207.0,443.7402611607382,2015,MOZ,-13.373121,37.410778,0.125663706143592,MAR_134,circle,1,"{""type"":""MultiPoint"",""coordinates"":[]}"
00000000000000000070_0_0,1794,735.025,665.0,480,506.0,1465.0,285.11484418563697,1772,734.9,661.0,382,395.5,1453.0,297.6530530668215,2279,1202.95,1118.0,828,857.0,1967.5,317.87331989331847,2970,2035.875,1958.0,1435,1615.5,2916.0,381.02593005594775,3440,2319.1,2228.0,1567,1838.0,3215.0,428.95983494961376,3322,2245.675,2163.0,1236,1632.0,3207.0,443.7402611607382,2015,MOZ,-13.371005,37.410883,0.125663706143592,MAR_135,circle,1,"{""type"":""MultiPoint"",""coordinates"":[]}"
00000000000000000071_0_0,1794,735.025,665.0,480,506.0,1465.0,285.11484418563697,1772,734.9,661.0,382,395.5,1453.0,297.6530530668215,2279,1202.95,1118.0,828,857.0,1967.5,317.87331989331847,2970,2035.875,1958.0,1435,1615.5,2916.0,381.02593005594775,3440,2319.1,2228.0,1567,1838.0,3215.0,428.95983494961376,3322,2245.675,2163.0,1236,1632.0,3207.0,443.7402611607382,2015,MOZ,-13.370005,37.410789,0.125663706143592,MAR_136,circle,1,"{""type"":""MultiPoint"",""coordinates"":[]}"
00000000000000000072_0_0,1794,735.025,665.0,480,506.0,1465.0,285.11484418563697,1772,734.9,661.0,382,395.5,1453.0,297.6530530668215,2279,1202.95,1118.0,828,857.0,1967.5,317.87331989331847,2970,2035.875,1958.0,1435,1615.5,2916.0,381.02593005594775,3440,2319.1,2228.0,1567,1838.0,3215.0,428.95983494961376,3322,2245.675,2163.0,1236,1632.0,3207.0,443.7402611607382,2015,MOZ,-13.369503,37.427826,0.125663706143592,MAR_137,circle,1,"{""type"":""MultiPoint"",""coordinates"":[]}"
00000000000000000073_0_0,1794,735.025,665.0,480,506.0,1465.0,285.11484418563697,1772,734.9,661.0,382,395.5,1453.0,297.6530530668215,2279,1202.95,1118.0,828,857.0,1967.5,317.87331989331847,2970,2035.875,1958.0,1435,1615.5,2916.0,381.02593005594775,3440,2319.1,2228.0,1567,1838.0,3215.0,428.95983494961376,3322,2245.675,2163.0,1236,1632.0,3207.0,443.7402611607382,2015,MOZ,-13.367764,37.414477,0.125663706143592,MAR_138,circle,1,"{""type"":""MultiPoint"",""coordinates"":[]}"
00000000000000000074_0_0,1794,735.025,665.0,480,506.0,1465.0,285.11484418563697,1772,734.9,661.0,382,395.5,1453.0,297.6530530668215,2279,1202.95,1118.0,828,857.0,1967.5,317.87331989331847,2970,2035.875,1958.0,1435,1615.5,2916.0,381.02593005594775,3440,2319.1,2228.0,1567,1838.0,3215.0,428.95983494961376,3322,2245.675,2163.0,1236,1632.0,3207.0,443.7402611607382,2015,MOZ,-13.366429,37.427873,0.125663706143592,MAR_139,circle,1,"{""type"":""MultiPoint"",""coordinates"":[]}"
00000000000000000075_0_0,1794,735.025,665.0,480,506.0,1465.0,285.11484418563697,1772,734.9,661.0,382,395.5,1453.0,297.6530530668215,2279,1202.95,1118.0,828,857.0,1967.5,317.87331989331847,2970,2035.875,1958.0,1435,1615.5,2916.0,381.02593005594775,3440,2319.1,2228.0,1567,1838.0,3215.0,428.95983494961376,3322,2245.675,2163.0,1236,1632.0,3207.0,443.7402611607382,2015,MOZ,-13.364697,37.414471,0.125663706143592,MAR_140,circle,1,"{""type"":""MultiPoint"",""coordinates"":[]}"
00000000000000000076_0_0,1518,685.3684210526316,611.0,496,508.0,1206.0,214.5479238639913,1328,648.7631578947369,594.5,377,391.0,1212.0,221.03481914449193,1902,1059.8157894736842,971.0,834,850.0,1598.0,225.2280546308515,2317,1744.1315789473683,1733.0,1159,1310.0,2253.0,257.0818189494333,2535,1976.2105263157894,1958.5,1348,1495.0,2449.0,261.02078540896343,3100,2260.8947368421054,2235.0,1284,1582.0,2864.0,345.4021903957672,2015,MOZ,-13.362556,37.386087,0.125663706143592,MAR_141,circle,1,"{""type"":""MultiPoint"",""coordinates"":[]}"
00000000000000000077_0_0,1518,685.3684210526316,611.0,496,508.0,1206.0,214.5479238639913,1328,648.7631578947369,594.5,377,391.0,1212.0,221.03481914449193,1902,1059.8157894736842,971.0,834,850.0,1598.0,225.2280546308515,2317,1744.1315789473683,1733.0,1159,1310.0,2253.0,257.0818189494333,2535,1976.2105263157894,1958.5,1348,1495.0,2449.0,261.02078540896343,3100,2260.8947368421054,2235.0,1284,1582.0,2864.0,345.4021903957672,2015,MOZ,-13.360803,37.391229,0.125663706143592,MAR_142,circle,1,"{""type"":""MultiPoint"",""coordinates"":[]}"
00000000000000000078_0_0,1518,685.3684210526316,611.0,496,508.0,1206.0,214.5479238639913,1328,648.7631578947369,594.5,377,391.0,1212.0,221.03481914449193,1902,1059.8157894736842,971.0,834,850.0,1598.0,225.2280546308515,2317,1744.1315789473683,1733.0,1159,1310.0,2253.0,257.0818189494333,2535,1976.2105263157894,1958.5,1348,1495.0,2449.0,261.02078540896343,3100,2260.8947368421054,2235.0,1284,1582.0,2864.0,345.4021903957672,2015,MOZ,-13.360388,37.387721,0.125663706143592,MAR_143,circle,1,"{""type"":""MultiPoint"",""coordinates"":[]}"
00000000000000000079_0_0,1794,735.025,665.0,480,506.0,1465.0,285.11484418563697,1772,734.9,661.0,382,395.5,1453.0,297.6530530668215,2279,1202.95,1118.0,828,857.0,1967.5,317.87331989331847,2970,2035.875,1958.0,1435,1615.5,2916.0,381.02593005594775,3440,2319.1,2228.0,1567,1838.0,3215.0,428.95983494961376,3322,2245.675,2163.0,1236,1632.0,3207.0,443.7402611607382,2015,MOZ,-13.360155,37.421975,0.125663706143592,MAR_144,circle,1,"{""type"":""MultiPoint"",""coordinates"":[]}"
0000000000000000007a_0_0,1518,685.3684210526316,611.0,496,508.0,1206.0,214.5479238639913,1328,648.7631578947369,594.5,377,391.0,1212.0,221.03481914449193,1902,1059.8157894736842,971.0,834,850.0,1598.0,225.2280546308515,2317,1744.1315789473683,1733.0,1159,1310.0,2253.0,257.0818189494333,2535,1976.2105263157894,1958.5,1348,1495.0,2449.0,261.02078540896343,3100,2260.8947368421054,2235.0,1284,1582.0,2864.0,345.4021903957672,2015,MOZ,-13.35776,37.391256,0.125663706143592,MAR_145,circle,1,"{""type"":""MultiPoint"",""coordinates"":[]}"
0000000000000000007b_0_0,1794,735.025,665.0,480,506.0,1465.0,285.11484418563697,1772,734.9,661.0,382,395.5,1453.0,297.6530530668215,2279,1202.95,1118.0,828,857.0,1967.5,317.87331989331847,2970,2035.875,1958.0,1435,1615.5,2916.0,381.02593005594775,3440,2319.1,2228.0,1567,1838.0,3215.0,428.95983494961376,3322,2245.675,2163.0,1236,1632.0,3207.0,443.7402611607382,2015,MOZ,-13.357089,37.421982,0.125663706143592,MAR_146,circle,1,"{""type"":""MultiPoint"",""coordinates"":[]}"
0000000000000000007c_0_0,1794,735.025,665.0,480,506.0,1465.0,285.11484418563697,1772,734.9,661.0,382,395.5,1453.0,297.6530530668215,2279,1202.95,1118.0,828,857.0,1967.5,317.87331989331847,2970,2035.875,1958.0,1435,1615.5,2916.0,381.02593005594775,3440,2319.1,2228.0,1567,1838.0,3215.0,428.95983494961376,3322,2245.675,2163.0,1236,1632.0,3207.0,443.7402611607382,2015,MOZ,-13.340217,37.433666,0.125663706143592,MAR_147,circle,1,"{""type"":""MultiPoint"",""coordinates"":[]}"
0000000000000000007d_0_0,1794,735.025,665.0,480,506.0,1465.0,285.11484418563697,1772,734.9,661.0,382,395.5,1453.0,297.6530530668215,2279,1202.95,1118.0,828,857.0,1967.5,317.87331989331847,2970,2035.875,1958.0,1435,1615.5,2916.0,381.02593005594775,3440,2319.1,2228.0,1567,1838.0,3215.0,428.95983494961376,3322,2245.675,2163.0,1236,1632.0,3207.0,443.7402611607382,2015,MOZ,-13.337872,37.395294,0.125663706143592,MAR_148,circle,1,"{""type"":""MultiPoint"",""coordinates"":[]}"
0000000000000000007e_0_0,1794,735.025,665.0,480,506.0,1465.0,285.11484418563697,1772,734.9,661.0,382,395.5,1453.0,297.6530530668215,2279,1202.95,1118.0,828,857.0,1967.5,317.87331989331847,2970,2035.875,1958.0,1435,1615.5,2916.0,381.02593005594775,3440,2319.1,2228.0,1567,1838.0,3215.0,428.95983494961376,3322,2245.675,2163.0,1236,1632.0,3207.0,443.7402611607382,2015,MOZ,-13.336734,37.433706,0.125663706143592,MAR_149,circle,1,"{""type"":""MultiPoint"",""coordinates"":[]}"
0000000000000000007f_0_0,1794,735.025,665.0,480,506.0,1465.0,285.11484418563697,1772,734.9,661.0,382,395.5,1453.0,297.6530530668215,2279,1202.95,1118.0,828,857.0,1967.5,317.87331989331847,2970,2035.875,1958.0,1435,1615.5,2916.0,381.02593005594775,3440,2319.1,2228.0,1567,1838.0,3215.0,428.95983494961376,3322,2245.675,2163.0,1236,1632.0,3207.0,443.7402611607382,2015,MOZ,-13.335647,37.422342,0.125663706143592,MAR_150,circle,1,"{""type"":""MultiPoint"",""coordinates"":[]}"
000000000000000000cb_0_0,1660,790.8444444444444,731.0,377,508.0,1654.0,297.39176971018895,1828,812.2888888888889,723.0,300,366.0,1416.0,356.18182761194834,2126,1319.6666666666667,1315.0,704,914.0,1913.0,315.03862197091536,3359,2014.111111111111,1943.0,1073,1457.0,2788.0,445.2038345757904,3760,2283.5777777777776,2244.0,1180,1602.0,3175.0,512.4660417536145,3638,2358.4222222222224,2313.0,1232,1688.0,3183.0,492.07806466900666,2015,MOZ,-13.137297,37.451408,0.125663706143592,MAR_231,circle,1,"{""type"":""MultiPoint"",""coordinates"":[]}"
000000000000000000cc_0_0,1660,790.8444444444444,731.0,377,508.0,1654.0,297.39176971018895,1828,812.2888888888889,723.0,300,366.0,1416.0,356.18182761194834,2126,1319.6666666666667,1315.0,704,914.0,1913.0,315.03862197091536,3359,2014.111111111111,1943.0,1073,1457.0,2788.0,445.2038345757904,3760,2283.5777777777776,2244.0,1180,1602.0,3175.0,512.4660417536145,3638,2358.4222222222224,2313.0,1232,1688.0,3183.0,492.07806466900666,2015,MOZ,-13.135695,37.437989,0.125663706143592,MAR_232,circle,1,"{""type"":""MultiPoint"",""coordinates"":[]}"
000000000000000000cd_0_0,1660,790.8444444444444,731.0,377,508.0,1654.0,297.39176971018895,1828,812.2888888888889,723.0,300,366.0,1416.0,356.18182761194834,2126,1319.6666666666667,1315.0,704,914.0,1913.0,315.03862197091536,3359,2014.111111111111,1943.0,1073,1457.0,2788.0,445.2038345757904,3760,2283.5777777777776,2244.0,1180,1602.0,3175.0,512.4660417536145,3638,2358.4222222222224,2313.0,1232,1688.0,3183.0,492.07806466900666,2015,MOZ,-13.135193,37.426451,0.125663706143592,MAR_233,circle,1,"{""type"":""MultiPoint"",""coordinates"":[]}"
000000000000000000ce_0_0,1660,790.8444444444444,731.0,377,508.0,1654.0,297.39176971018895,1828,812.2888888888889,723.0,300,366.0,1416.0,356.18182761194834,2126,1319.6666666666667,1315.0,704,914.0,1913.0,315.03862197091536,3359,2014.111111111111,1943.0,1073,1457.0,2788.0,445.2038345757904,3760,2283.5777777777776,2244.0,1180,1602.0,3175.0,512.4660417536145,3638,2358.4222222222224,2313.0,1232,1688.0,3183.0,492.07806466900666,2015,MOZ,-13.13376,37.45117,0.125663706143592,MAR_234,circle,1,"{""type"":""MultiPoint"",""coordinates"":[]}"
000000000000000000cf_0_0,1660,790.8444444444444,731.0,377,508.0,1654.0,297.39176971018895,1828,812.2888888888889,723.0,300,366.0,1416.0,356.18182761194834,2126,1319.6666666666667,1315.0,704,914.0,1913.0,315.03862197091536,3359,2014.111111111111,1943.0,1073,1457.0,2788.0,445.2038345757904,3760,2283.5777777777776,2244.0,1180,1602.0,3175.0,512.4660417536145,3638,2358.4222222222224,2313.0,1232,1688.0,3183.0,492.07806466900666,2015,MOZ,-13.13213,37.4377,0.125663706143592,MAR_235,circle,1,"{""type"":""MultiPoint"",""coordinates"":[]}"
000000000000000000d0_0_0,1660,790.8444444444444,731.0,377,508.0,1654.0,297.39176971018895,1828,812.2888888888889,723.0,300,366.0,1416.0,356.18182761194834,2126,1319.6666666666667,1315.0,704,914.0,1913.0,315.03862197091536,3359,2014.111111111111,1943.0,1073,1457.0,2788.0,445.2038345757904,3760,2283.5777777777776,2244.0,1180,1602.0,3175.0,512.4660417536145,3638,2358.4222222222224,2313.0,1232,1688.0,3183.0,492.07806466900666,2015,MOZ,-13.131625,37.42621,0.125663706143592,MAR_236,circle,1,"{""type"":""MultiPoint"",""coordinates"":[]}"
000000000000000000d1_0_0,1660,790.8444444444444,731.0,377,508.0,1654.0,297.39176971018895,1828,812.2888888888889,723.0,300,366.0,1416.0,356.18182761194834,2126,1319.6666666666667,1315.0,704,914.0,1913.0,315.03862197091536,3359,2014.111111111111,1943.0,1073,1457.0,2788.0,445.2038345757904,3760,2283.5777777777776,2244.0,1180,1602.0,3175.0,512.4660417536145,3638,2358.4222222222224,2313.0,1232,1688.0,3183.0,492.07806466900666,2015,MOZ,-13.128389,37.467831,0.125663706143592,MAR_237,circle,1,"{""type"":""MultiPoint"",""coordinates"":[]}"
000000000000000000d2_0_0,1660,790.8444444444444,731.0,377,508.0,1654.0,297.39176971018895,1828,812.2888888888889,723.0,300,366.0,1416.0,356.18182761194834,2126,1319.6666666666667,1315.0,704,914.0,1913.0,315.03862197091536,3359,2014.111111111111,1943.0,1073,1457.0,2788.0,445.2038345757904,3760,2283.5777777777776,2244.0,1180,1602.0,3175.0,512.4660417536145,3638,2358.4222222222224,2313.0,1232,1688.0,3183.0,492.07806466900666,2015,MOZ,-13.127372,37.436689,0.125663706143592,MAR_238,circle,1,"{""type"":""MultiPoint"",""coordinates"":[]}"
000000000000000000d3_0_0,1660,790.8444444444444,731.0,377,508.0,1654.0,297.39176971018895,1828,812.2888888888889,723.0,300,366.0,1416.0,356.18182761194834,2126,1319.6666666666667,1315.0,704,914.0,1913.0,315.03862197091536,3359,2014.111111111111,1943.0,1073,1457.0,2788.0,445.2038345757904,3760,2283.5777777777776,2244.0,1180,1602.0,3175.0,512.4660417536145,3638,2358.4222222222224,2313.0,1232,1688.0,3183.0,492.07806466900666,2015,MOZ,-13.125349,37.471627,0.125663706143592,MAR_239,circle,1,"{""type"":""MultiPoint"",""coordinates"":[]}"
000000000000000000d4_0_0,1660,790.8444444444444,731.0,377,508.0,1654.0,297.39176971018895,1828,812.2888888888889,723.0,300,366.0,1416.0,356.18182761194834,2126,1319.6666666666667,1315.0,704,914.0,1913.0,315.03862197091536,3359,2014.111111111111,1943.0,1073,1457.0,2788.0,445.2038345757904,3760,2283.5777777777776,2244.0,1180,1602.0,3175.0,512.4660417536145,3638,2358.4222222222224,2313.0,1232,1688.0,3183.0,492.07806466900666,2015,MOZ,-13.121796,37.471373,0.125663706143592,MAR_240,circle,1,"{""type"":""MultiPoint"",""coordinates"":[]}"
000000000000000000d5_0_0,1660,790.8444444444444,731.0,377,508.0,1654.0,297.39176971018895,1828,812.2888888888889,723.0,300,366.0,1416.0,356.18182761194834,2126,1319.6666666666667,1315.0,704,914.0,1913.0,315.03862197091536,3359,2014.111111111111,1943.0,1073,1457.0,2788.0,445.2038345757904,3760,2283.5777777777776,2244.0,1180,1602.0,3175.0,512.4660417536145,3638,2358.4222222222224,2313.0,1232,1688.0,3183.0,492.07806466900666,2015,MOZ,-13.115447,37.46112,0.125663706143592,MAR_241,circle,1,"{""type"":""MultiPoint"",""coordinates"":[]}"
000000000000000000d6_0_0,1660,790.8444444444444,731.0,377,508.0,1654.0,297.39176971018895,1828,812.2888888888889,723.0,300,366.0,1416.0,356.18182761194834,2126,1319.6666666666667,1315.0,704,914.0,1913.0,315.03862197091536,3359,2014.111111111111,1943.0,1073,1457.0,2788.0,445.2038345757904,3760,2283.5777777777776,2244.0,1180,1602.0,3175.0,512.4660417536145,3638,2358.4222222222224,2313.0,1232,1688.0,3183.0,492.07806466900666,2015,MOZ,-13.113615,37.460981,0.125663706143592,MAR_242,circle,1,"{""type"":""MultiPoint"",""coordinates"":[]}"
000000000000000000d7_0_0,1604,872.9565217391304,856.0,622,665.0,1136.0,177.06384951562802,1986,979.9782608695652,935.5,588,618.0,1338.0,290.50828687801913,2475,1668.2391304347825,1660.5,1315,1388.0,1860.0,217.7935984189787,3610,2313.891304347826,2283.5,1816,1847.0,2879.0,370.85794938229117,4052,2586.1521739130435,2542.0,1923,1995.0,3269.0,443.4577067913757,3846,2637.086956521739,2672.0,1946,1964.0,3320.0,427.2906976107142,2014,MOZ,-24.00767,32.842999,0.125663706143592,MAR_243,circle,1,"{""type"":""MultiPoint"",""coordinates"":[]}"
000000000000000000d8_0_0,1604,872.9565217391304,856.0,622,665.0,1136.0,177.06384951562802,1986,979.9782608695652,935.5,588,618.0,1338.0,290.50828687801913,2475,1668.2391304347825,1660.5,1315,1388.0,1860.0,217.7935984189787,3610,2313.891304347826,2283.5,1816,1847.0,2879.0,370.85794938229117,4052,2586.1521739130435,2542.0,1923,1995.0,3269.0,443.4577067913757,3846,2637.086956521739,2672.0,1946,1964.0,3320.0,427.2906976107142,2014,MOZ,-24.002431,32.871749,0.125663706143592,MAR_244,circle,1,"{""type"":""MultiPoint"",""coordinates"":[]}"
000000000000000000d9_0_0,1604,872.9565217391304,856.0,622,665.0,1136.0,177.06384951562802,1986,979.9782608695652,935.5,588,618.0,1338.0,290.50828687801913,2475,1668.2391304347825,1660.5,1315,1388.0,1860.0,217.7935984189787,3610,2313.891304347826,2283.5,1816,1847.0,2879.0,370.85794938229117,4052,2586.1521739130435,2542.0,1923,1995.0,3269.0,443.4577067913757,3846,2637.086956521739,2672.0,1946,1964.0,3320.0,427.2906976107142,2014,MOZ,-24.000108,32.861936,0.125663706143592,MAR_245,circle,1,"{""type"":""MultiPoint"",""coordinates"":[]}"
000000000000000000da_0_0,1604,872.9565217391304,856.0,622,665.0,1136.0,177.06384951562802,1986,979.9782608695652,935.5,588,618.0,1338.0,290.50828687801913,2475,1668.2391304347825,1660.5,1315,1388.0,1860.0,217.7935984189787,3610,2313.891304347826,2283.5,1816,1847.0,2879.0,370.85794938229117,4052,2586.1521739130435,2542.0,1923,1995.0,3269.0,443.4577067913757,3846,2637.086956521739,2672.0,1946,1964.0,3320.0,427.2906976107142,2014,MOZ,-23.997747,32.874729,0.125663706143592,MAR_246,circle,1,"{""type"":""MultiPoint"",""coordinates"":[]}"
000000000000000000db_0_0,1604,872.9565217391304,856.0,622,665.0,1136.0,177.06384951562802,1986,979.9782608695652,935.5,588,618.0,1338.0,290.50828687801913,2475,1668.2391304347825,1660.5,1315,1388.0,1860.0,217.7935984189787,3610,2313.891304347826,2283.5,1816,1847.0,2879.0,370.85794938229117,4052,2586.1521739130435,2542.0,1923,1995.0,3269.0,443.4577067913757,3846,2637.086956521739,2672.0,1946,1964.0,3320.0,427.2906976107142,2014,MOZ,-23.992707,32.872003,0.125663706143592,MAR_247,circle,1,"{""type"":""MultiPoint"",""coordinates"":[]}"
000000000000000000dc_0_0,1604,872.9565217391304,856.0,622,665.0,1136.0,177.06384951562802,1986,979.9782608695652,935.5,588,618.0,1338.0,290.50828687801913,2475,1668.2391304347825,1660.5,1315,1388.0,1860.0,217.7935984189787,3610,2313.891304347826,2283.5,1816,1847.0,2879.0,370.85794938229117,4052,2586.1521739130435,2542.0,1923,1995.0,3269.0,443.4577067913757,3846,2637.086956521739,2672.0,1946,1964.0,3320.0,427.2906976107142,2014,MOZ,-23.983897,32.878139,0.125663706143592,MAR_248,circle,1,"{""type"":""MultiPoint"",""coordinates"":[]}"
000000000000000000dd_0_0,1604,872.9565217391304,856.0,622,665.0,1136.0,177.06384951562802,1986,979.9782608695652,935.5,588,618.0,1338.0,290.50828687801913,2475,1668.2391304347825,1660.5,1315,1388.0,1860.0,217.7935984189787,3610,2313.891304347826,2283.5,1816,1847.0,2879.0,370.85794938229117,4052,2586.1521739130435,2542.0,1923,1995.0,3269.0,443.4577067913757,3846,2637.086956521739,2672.0,1946,1964.0,3320.0,427.2906976107142,2014,MOZ,-23.983386,32.854725,0.125663706143592,MAR_249,circle,1,"{""type"":""MultiPoint"",""coordinates"":[]}"
000000000000000000de_0_0,1604,872.9565217391304,856.0,622,665.0,1136.0,177.06384951562802,1986,979.9782608695652,935.5,588,618.0,1338.0,290.50828687801913,2475,1668.2391304347825,1660.5,1315,1388.0,1860.0,217.7935984189787,3610,2313.891304347826,2283.5,1816,1847.0,2879.0,370.85794938229117,4052,2586.1521739130435,2542.0,1923,1995.0,3269.0,443.4577067913757,3846,2637.086956521739,2672.0,1946,1964.0,3320.0,427.2906976107142,2014,MOZ,-23.9822178,32.84935875,0.125663706143592,MAR_250,circle,1,"{""type"":""MultiPoint"",""coordinates"":[]}"
000000000000000000df_0_0,1604,872.9565217391304,856.0,622,665.0,1136.0,177.06384951562802,1986,979.9782608695652,935.5,588,618.0,1338.0,290.50828687801913,2475,1668.2391304347825,1660.5,1315,1388.0,1860.0,217.7935984189787,3610,2313.891304347826,2283.5,1816,1847.0,2879.0,370.85794938229117,4052,2586.1521739130435,2542.0,1923,1995.0,3269.0,443.4577067913757,3846,2637.086956521739,2672.0,1946,1964.0,3320.0,427.2906976107142,2014,MOZ,-23.980824,32.890332,0.125663706143592,MAR_251,circle,1,"{""type"":""MultiPoint"",""coordinates"":[]}"
000000000000000000e0_0_0,1604,872.9565217391304,856.0,622,665.0,1136.0,177.06384951562802,1986,979.9782608695652,935.5,588,618.0,1338.0,290.50828687801913,2475,1668.2391304347825,1660.5,1315,1388.0,1860.0,217.7935984189787,3610,2313.891304347826,2283.5,1816,1847.0,2879.0,370.85794938229117,4052,2586.1521739130435,2542.0,1923,1995.0,3269.0,443.4577067913757,3846,2637.086956521739,2672.0,1946,1964.0,3320.0,427.2906976107142,2014,MOZ,-23.9775078,32.85433823,0.125663706143592,MAR_252,circle,1,"{""type"":""MultiPoint"",""coordinates"":[]}"
000000000000000000e1_0_0,1604,872.9565217391304,856.0,622,665.0,1136.0,177.06384951562802,1986,979.9782608695652,935.5,588,618.0,1338.0,290.50828687801913,2475,1668.2391304347825,1660.5,1315,1388.0,1860.0,217.7935984189787,3610,2313.891304347826,2283.5,1816,1847.0,2879.0,370.85794938229117,4052,2586.1521739130435,2542.0,1923,1995.0,3269.0,443.4577067913757,3846,2637.086956521739,2672.0,1946,1964.0,3320.0,427.2906976107142,2014,MOZ,-23.975063,32.883254,0.125663706143592,MAR_253,circle,1,"{""type"":""MultiPoint"",""coordinates"":[]}"
000000000000000000e2_0_0,1844,709.48,628.0,471,507.0,1340.0,256.0268923375043,2200,721.54,604.5,387,431.0,1186.0,298.50730041323953,2818,1256.34,1187.0,713,987.0,1698.0,319.3729237114505,3425,2016.12,1921.5,1426,1466.0,2909.0,406.11932433707216,3798,2293.5,2167.0,1577,1662.0,3365.0,480.8604891234047,3870,2207.02,2087.0,1556,1626.0,3266.0,455.9838808554528,2014,MOZ,-23.973997,32.905042,0.125663706143592,MAR_254,circle,1,"{""type"":""MultiPoint"",""coordinates"":[]}"
000000000000000000e3_0_0,1604,872.9565217391304,856.0,622,665.0,1136.0,177.06384951562802,1986,979.9782608695652,935.5,588,618.0,1338.0,290.50828687801913,2475,1668.2391304347825,1660.5,1315,1388.0,1860.0,217.7935984189787,3610,2313.891304347826,2283.5,1816,1847.0,2879.0,370.85794938229117,4052,2586.1521739130435,2542.0,1923,1995.0,3269.0,443.4577067913757,3846,2637.086956521739,2672.0,1946,1964.0,3320.0,427.2906976107142,2014,MOZ,-23.96524,32.855095,0.125663706143592,MAR_255,circle,1,"{""type"":""MultiPoint"",""coordinates"":[]}"
000000000000000000e4_0_0,1604,872.9565217391304,856.0,622,665.0,1136.0,177.06384951562802,1986,979.9782608695652,935.5,588,618.0,1338.0,290.50828687801913,2475,1668.2391304347825,1660.5,1315,1388.0,1860.0,217.7935984189787,3610,2313.891304347826,2283.5,1816,1847.0,2879.0,370.85794938229117,4052,2586.1521739130435,2542.0,1923,1995.0,3269.0,443.4577067913757,3846,2637.086956521739,2672.0,1946,1964.0,3320.0,427.2906976107142,2014,MOZ,-23.964393,32.875087,0.125663706143592,MAR_256,circle,1,"{""type"":""MultiPoint"",""coordinates"":[]}"
000000000000000000e5_0_0,1604,872.9565217391304,856.0,622,665.0,1136.0,177.06384951562802,1986,979.9782608695652,935.5,588,618.0,1338.0,290.50828687801913,2475,1668.2391304347825,1660.5,1315,1388.0,1860.0,217.7935984189787,3610,2313.891304347826,2283.5,1816,1847.0,2879.0,370.85794938229117,4052,2586.1521739130435,2542.0,1923,1995.0,3269.0,443.4577067913757,3846,2637.086956521739,2672.0,1946,1964.0,3320.0,427.2906976107142,2014,MOZ,-23.960589,32.848663,0.125663706143592,MAR_257,circle,1,"{""type"":""MultiPoint"",""coordinates"":[]}"
000000000000000000e6_0_0,3774,744.6888888888889,651.0,386,459.0,1064.0,518.0995109145313,3440,838.3111111111111,763.0,336,436.0,1460.0,480.0492022107836,3673,1266.6666666666667,1233.0,687,860.0,1704.0,425.17557157798547,3563,1934.4666666666667,1925.0,1251,1409.0,2732.0,472.9558870667653,3691,2215.777777777778,2119.0,1419,1570.0,3095.0,534.446583502303,3362,2158.2,2132.0,1110,1604.0,2908.0,479.42630530898276,2014,MOZ,-23.959282,32.69998,0.125663706143592,MAR_258,circle,1,"{""type"":""MultiPoint"",""coordinates"":[]}"
000000000000000000e7_0_0,1604,872.9565217391304,856.0,622,665.0,1136.0,177.06384951562802,1986,979.9782608695652,935.5,588,618.0,1338.0,290.50828687801913,2475,1668.2391304347825,1660.5,1315,1388.0,1860.0,217.7935984189787,3610,2313.891304347826,2283.5,1816,1847.0,2879.0,370.85794938229117,4052,2586.1521739130435,2542.0,1923,1995.0,3269.0,443.4577067913757,3846,2637.086956521739,2672.0,1946,1964.0,3320.0,427.2906976107142,2014,MOZ,-23.9579456,32.84693965,0.125663706143592,MAR_259,circle,1,"{""type"":""MultiPoint"",""coordinates"":[]}"
000000000000000000e8_0_0,1604,872.9565217391304,856.0,622,665.0,1136.0,177.06384951562802,1986,979.9782608695652,935.5,588,618.0,1338.0,290.50828687801913,2475,1668.2391304347825,1660.5,1315,1388.0,1860.0,217.7935984189787,3610,2313.891304347826,2283.5,1816,1847.0,2879.0,370.85794938229117,4052,2586.1521739130435,2542.0,1923,1995.0,3269.0,443.4577067913757,3846,2637.086956521739,2672.0,1946,1964.0,3320.0,427.2906976107142,2014,MOZ,-23.956977,32.884469,0.125663706143592,MAR_260,circle,1,"{""type"":""MultiPoint"",""coordinates"":[]}"
000000000000000000e9_0_0,3774,744.6888888888889,651.0,386,459.0,1064.0,518.0995109145313,3440,838.3111111111111,763.0,336,436.0,1460.0,480.0492022107836,3673,1266.6666666666667,1233.0,687,860.0,1704.0,425.17557157798547,3563,1934.4666666666667,1925.0,1251,1409.0,2732.0,472.9558870667653,3691,2215.777777777778,2119.0,1419,1570.0,3095.0,534.446583502303,3362,2158.2,2132.0,1110,1604.0,2908.0,479.42630530898276,2014,MOZ,-23.955345,32.694032,0.125663706143592,MAR_261,circle,1,"{""type"":""MultiPoint"",""coordinates"":[]}"
000000000000000000ea_0_0,1604,872.9565217391304,856.0,622,665.0,1136.0,177.06384951562802,1986,979.9782608695652,935.5,588,618.0,1338.0,290.50828687801913,2475,1668.2391304347825,1660.5,1315,1388.0,1860.0,217.7935984189787,3610,2313.891304347826,2283.5,1816,1847.0,2879.0,370.85794938229117,4052,2586.1521739130435,2542.0,1923,1995.0,3269.0,443.4577067913757,3846,2637.086956521739,2672.0,1946,1964.0,3320.0,427.2906976107142,2014,MOZ,-23.955211,32.87274557,0.125663706143592,MAR_262,circle,1,"{""type"":""MultiPoint"",""coordinates"":[]}"
000000000000000000eb_0_0,3774,744.6888888888889,651.0,386,459.0,1064.0,518.0995109145313,3440,838.3111111111111,763.0,336,436.0,1460.0,480.0492022107836,3673,1266.6666666666667,1233.0,687,860.0,1704.0,425.17557157798547,3563,1934.4666666666667,1925.0,1251,1409.0,2732.0,472.9558870667653,3691,2215.777777777778,2119.0,1419,1570.0,3095.0,534.446583502303,3362,2158.2,2132.0,1110,1604.0,2908.0,479.42630530898276,2014,MOZ,-23.950463,32.695174,0.125663706143592,MAR_263,circle,1,"{""type"":""MultiPoint"",""coordinates"":[]}"
000000000000000000ec_0_0,1604,872.9565217391304,856.0,622,665.0,1136.0,177.06384951562802,1986,979.9782608695652,935.5,588,618.0,1338.0,290.50828687801913,2475,1668.2391304347825,1660.5,1315,1388.0,1860.0,217.7935984189787,3610,2313.891304347826,2283.5,1816,1847.0,2879.0,370.85794938229117,4052,2586.1521739130435,2542.0,1923,1995.0,3269.0,443.4577067913757,3846,2637.086956521739,2672.0,1946,1964.0,3320.0,427.2906976107142,2014,MOZ,-23.9493907,32.87436529,0.125663706143592,MAR_264,circle,1,"{""type"":""MultiPoint"",""coordinates"":[]}"
000000000000000000ed_0_0,1604,872.9565217391304,856.0,622,665.0,1136.0,177.06384951562802,1986,979.9782608695652,935.5,588,618.0,1338.0,290.50828687801913,2475,1668.2391304347825,1660.5,1315,1388.0,1860.0,217.7935984189787,3610,2313.891304347826,2283.5,1816,1847.0,2879.0,370.85794938229117,4052,2586.1521739130435,2542.0,1923,1995.0,3269.0,443.4577067913757,3846,2637.086956521739,2672.0,1946,1964.0,3320.0,427.2906976107142,2014,MOZ,-23.948809,32.826704,0.125663706143592,MAR_265,circle,1,"{""type"":""MultiPoint"",""coordinates"":[]}"
000000000000000000ee_0_0,3774,744.6888888888889,651.0,386,459.0,1064.0,518.0995109145313,3440,838.3111111111111,763.0,336,436.0,1460.0,480.0492022107836,3673,1266.6666666666667,1233.0,687,860.0,1704.0,425.17557157798547,3563,1934.4666666666667,1925.0,1251,1409.0,2732.0,472.9558870667653,3691,2215.777777777778,2119.0,1419,1570.0,3095.0,534.446583502303,3362,2158.2,2132.0,1110,1604.0,2908.0,479.42630530898276,2014,MOZ,-23.948422,32.689168,0.125663706143592,MAR_266,circle,1,"{""type"":""MultiPoint"",""coordinates"":[]}"
000000000000000000ef_0_0,1604,872.9565217391304,856.0,622,665.0,1136.0,177.06384951562802,1986,979.9782608695652,935.5,588,618.0,1338.0,290.50828687801913,2475,1668.2391304347825,1660.5,1315,1388.0,1860.0,217.7935984189787,3610,2313.891304347826,2283.5,1816,1847.0,2879.0,370.85794938229117,4052,2586.1521739130435,2542.0,1923,1995.0,3269.0,443.4577067913757,3846,2637.086956521739,2672.0,1946,1964.0,3320.0,427.2906976107142,2014,MOZ,-23.947327,32.822782,0.125663706143592,MAR_267,circle,1,"{""type"":""MultiPoint"",""coordinates"":[]}"
000000000000000000f0_0_0,1604,872.9565217391304,856.0,622,665.0,1136.0,177.06384951562802,1986,979.9782608695652,935.5,588,618.0,1338.0,290.50828687801913,2475,1668.2391304347825,1660.5,1315,1388.0,1860.0,217.7935984189787,3610,2313.891304347826,2283.5,1816,1847.0,2879.0,370.85794938229117,4052,2586.1521739130435,2542.0,1923,1995.0,3269.0,443.4577067913757,3846,2637.086956521739,2672.0,1946,1964.0,3320.0,427.2906976107142,2014,MOZ,-23.945152,32.82279,0.125663706143592,MAR_268,circle,1,"{""type"":""MultiPoint"",""coordinates"":[]}"
000000000000000000f1_0_0,2022,748.72,696.5,365,536.0,1098.0,263.2745365583234,1814,714.7,637.0,257,413.0,1322.0,337.08979515850075,2387,1261.66,1202.5,705,990.0,1723.0,289.2570904921779,3743,2234.64,2191.5,1506,1642.0,3013.0,444.8801078942508,4143,2540.72,2496.0,1723,1833.0,3501.0,517.6696645545301,3968,2569.38,2616.0,996,1808.0,3444.0,522.2282217574989,2014,MOZ,-23.943722,32.75748722,0.125663706143592,MAR_269,circle,1,"{""type"":""MultiPoint"",""coordinates"":[]}"
000000000000000000f2_0_0,2022,748.72,696.5,365,536.0,1098.0,263.2745365583234,1814,714.7,637.0,257,413.0,1322.0,337.08979515850075,2387,1261.66,1202.5,705,990.0,1723.0,289.2570904921779,3743,2234.64,2191.5,1506,1642.0,3013.0,444.8801078942508,4143,2540.72,2496.0,1723,1833.0,3501.0,517.6696645545301,3968,2569.38,2616.0,996,1808.0,3444.0,522.2282217574989,2014,MOZ,-23.94179,32.753738,0.125663706143592,MAR_270,circle,1,"{""type"":""MultiPoint"",""coordinates"":[]}"
000000000000000000f3_0_0,1604,872.9565217391304,856.0,622,665.0,1136.0,177.06384951562802,1986,979.9782608695652,935.5,588,618.0,1338.0,290.50828687801913,2475,1668.2391304347825,1660.5,1315,1388.0,1860.0,217.7935984189787,3610,2313.891304347826,2283.5,1816,1847.0,2879.0,370.85794938229117,4052,2586.1521739130435,2542.0,1923,1995.0,3269.0,443.4577067913757,3846,2637.086956521739,2672.0,1946,1964.0,3320.0,427.2906976107142,2014,MOZ,-23.941639,32.870925,0.125663706143592,MAR_271,circle,1,"{""type"":""MultiPoint"",""coordinates"":[]}"
000000000000000000f4_0_0,3774,744.6888888888889,651.0,386,459.0,1064.0,518.0995109145313,3440,838.3111111111111,763.0,336,436.0,1460.0,480.0492022107836,3673,1266.6666666666667,1233.0,687,860.0,1704.0,425.17557157798547,3563,1934.4666666666667,1925.0,1251,1409.0,2732.0,472.9558870667653,3691,2215.777777777778,2119.0,1419,1570.0,3095.0,534.446583502303,3362,2158.2,2132.0,1110,1604.0,2908.0,479.42630530898276,2014,MOZ,-23.937446,32.710543,0.125663706143592,MAR_272,circle,1,"{""type"":""MultiPoint"",""coordinates"":[]}"
000000000000000000f5_0_0,3774,744.6888888888889,651.0,386,459.0,1064.0,518.0995109145313,3440,838.3111111111111,763.0,336,436.0,1460.0,480.0492022107836,3673,1266.6666666666667,1233.0,687,860.0,1704.0,425.17557157798547,3563,1934.4666666666667,1925.0,1251,1409.0,2732.0,472.9558870667653,3691,2215.777777777778,2119.0,1419,1570.0,3095.0,534.446583502303,3362,2158.2,2132.0,1110,1604.0,2908.0,479.42630530898276,2014,MOZ,-23.936799,32.696136,0.125663706143592,MAR_273,circle,1,"{""type"":""MultiPoint"",""coordinates"":[]}"
000000000000000000f6_0_0,3254,956.9787234042553,904.0,722,728.0,1240.0,368.93795184727736,3162,1068.0,968.0,678,714.0,1484.0,395.31301898460595,3775,1485.4893617021276,1413.0,1122,1186.0,1753.0,389.2438317110812,4337,2147.9574468085107,2070.0,1685,1725.0,2733.0,416.4299617977111,4609,2403.191489361702,2300.0,1908,1910.0,3077.0,450.2827782106501,4296,2514.0,2454.0,1928,2076.0,3212.0,387.7520594071269,2014,MOZ,-23.933429,32.700771,0.125663706143592,MAR_275,circle,1,"{""type"":""MultiPoint"",""coordinates"":[]}"
000000000000000000f7_0_0,3254,956.9787234042553,904.0,722,728.0,1240.0,368.93795184727736,3162,1068.0,968.0,678,714.0,1484.0,395.31301898460595,3775,1485.4893617021276,1413.0,1122,1186.0,1753.0,389.2438317110812,4337,2147.9574468085107,2070.0,1685,1725.0,2733.0,416.4299617977111,4609,2403.191489361702,2300.0,1908,1910.0,3077.0,450.2827782106501,4296,2514.0,2454.0,1928,2076.0,3212.0,387.7520594071269,2014,MOZ,-23.932283,32.700628,0.125663706143592,MAR_276,circle,1,"{""type"":""MultiPoint"",""coordinates"":[]}"
000000000000000000f8_0_0,1818,765.9574468085107,724.0,475,561.0,1158.0,222.05423503191477,1640,777.8085106382979,671.0,338,490.0,1250.0,264.60019123984927,2341,1470.7659574468084,1454.0,695,1120.0,1883.0,275.67805867096826,3110,2092.4893617021276,2049.0,1342,1794.0,2668.0,288.629842630729,3418,2335.936170212766,2301.0,1498,1906.0,3015.0,322.6467935259339,3696,2419.553191489362,2366.0,1556,1860.0,3104.0,356.176970626552,2014,MOZ,-23.931794,32.736671,0.125663706143592,MAR_277,circle,1,"{""type"":""MultiPoint"",""coordinates"":[]}"
000000000000000000f9_0_0,3254,956.9787234042553,904.0,722,728.0,1240.0,368.93795184727736,3162,1068.0,968.0,678,714.0,1484.0,395.31301898460595,3775,1485.4893617021276,1413.0,1122,1186.0,1753.0,389.2438317110812,4337,2147.9574468085107,2070.0,1685,1725.0,2733.0,416.4299617977111,4609,2403.191489361702,2300.0,1908,1910.0,3077.0,450.2827782106501,4296,2514.0,2454.0,1928,2076.0,3212.0,387.7520594071269,2014,MOZ,-23.93091,32.681526,0.125663706143592,MAR_278,circle,1,"{""type"":""MultiPoint"",""coordinates"":[]}"
000000000000000000fa_0_0,1818,765.9574468085107,724.0,475,561.0,1158.0,222.05423503191477,1640,777.8085106382979,671.0,338,490.0,1250.0,264.60019123984927,2341,1470.7659574468084,1454.0,695,1120.0,1883.0,275.67805867096826,3110,2092.4893617021276,2049.0,1342,1794.0,2668.0,288.629842630729,3418,2335.936170212766,2301.0,1498,1906.0,3015.0,322.6467935259339,3696,2419.553191489362,2366.0,1556,1860.0,3104.0,356.176970626552,2014,MOZ,-23.930431,32.736034,0.125663706143592,MAR_279,circle,1,"{""type"":""MultiPoint"",""coordinates"":[]}"
000000000000000000fb_0_0,3254,956.9787234042553,904.0,722,728.0,1240.0,368.93795184727736,3162,1068.0,968.0,678,714.0,1484.0,395.31301898460595,3775,1485.4893617021276,1413.0,1122,1186.0,1753.0,389.2438317110812,4337,2147.9574468085107,2070.0,1685,1725.0,2733.0,416.4299617977111,4609,2403.191489361702,2300.0,1908,1910.0,3077.0,450.2827782106501,4296,2514.0,2454.0,1928,2076.0,3212.0,387.7520594071269,2014,MOZ,-23.926593,32.693907,0.125663706143592,MAR_280,circle,1,"{""type"":""MultiPoint"",""coordinates"":[]}"
000000000000000000fc_0_0,1818,765.9574468085107,724.0,475,561.0,1158.0,222.05423503191477,1640,777.8085106382979,671.0,338,490.0,1250.0,264.60019123984927,2341,1470.7659574468084,1454.0,695,1120.0,1883.0,275.67805867096826,3110,2092.4893617021276,2049.0,1342,1794.0,2668.0,288.629842630729,3418,2335.936170212766,2301.0,1498,1906.0,3015.0,322.6467935259339,3696,2419.553191489362,2366.0,1556,1860.0,3104.0,356.176970626552,2014,MOZ,-23.925501,32.724962,0.125663706143592,MAR_281,circle,1,"{""type"":""MultiPoint"",""coordinates"":[]}"
000000000000000000fd_0_0,3254,956.9787234042553,904.0,722,728.0,1240.0,368.93795184727736,3162,1068.0,968.0,678,714.0,1484.0,395.31301898460595,3775,1485.4893617021276,1413.0,1122,1186.0,1753.0,389.2438317110812,4337,2147.9574468085107,2070.0,1685,1725.0,2733.0,416.4299617977111,4609,2403.191489361702,2300.0,1908,1910.0,3077.0,450.2827782106501,4296,2514.0,2454.0,1928,2076.0,3212.0,387.7520594071269,2014,MOZ,-23.924048,32.713194,0.125663706143592,MAR_282,circle,1,"{""type"":""MultiPoint"",""coordinates"":[]}"
000000000000000000fe_0_0,3254,956.9787234042553,904.0,722,728.0,1240.0,368.93795184727736,3162,1068.0,968.0,678,714.0,1484.0,395.31301898460595,3775,1485.4893617021276,1413.0,1122,1186.0,1753.0,389.2438317110812,4337,2147.9574468085107,2070.0,1685,1725.0,2733.0,416.4299617977111,4609,2403.191489361702,2300.0,1908,1910.0,3077.0,450.2827782106501,4296,2514.0,2454.0,1928,2076.0,3212.0,387.7520594071269,2014,MOZ,-23.91956,32.717692,0.125663706143592,MAR_283,circle,1,"{""type"":""MultiPoint"",""coordinates"":[]}"
000000000000000000ff_0_0,3254,956.9787234042553,904.0,722,728.0,1240.0,368.93795184727736,3162,1068.0,968.0,678,714.0,1484.0,395.31301898460595,3775,1485.4893617021276,1413.0,1122,1186.0,1753.0,389.2438317110812,4337,2147.9574468085107,2070.0,1685,1725.0,2733.0,416.4299617977111,4609,2403.191489361702,2300.0,1908,1910.0,3077.0,450.2827782106501,4296,2514.0,2454.0,1928,2076.0,3212.0,387.7520594071269,2014,MOZ,-23.896865,32.717587,0.125663706143592,MAR_288,circle,1,"{""type"":""MultiPoint"",""coordinates"":[]}"
00000000000000000100_0_0,3254,956.9787234042553,904.0,722,728.0,1240.0,368.93795184727736,3162,1068.0,968.0,678,714.0,1484.0,395.31301898460595,3775,1485.4893617021276,1413.0,1122,1186.0,1753.0,389.2438317110812,4337,2147.9574468085107,2070.0,1685,1725.0,2733.0,416.4299617977111,4609,2403.191489361702,2300.0,1908,1910.0,3077.0,450.2827782106501,4296,2514.0,2454.0,1928,2076.0,3212.0,387.7520594071269,2014,MOZ,-23.893425,32.713091,0.125663706143592,MAR_289,circle,1,"{""type"":""MultiPoint"",""coordinates"":[]}"
00000000000000000101_0_0,1818,765.9574468085107,724.0,475,561.0,1158.0,222.05423503191477,1640,777.8085106382979,671.0,338,490.0,1250.0,264.60019123984927,2341,1470.7659574468084,1454.0,695,1120.0,1883.0,275.67805867096826,3110,2092.4893617021276,2049.0,1342,1794.0,2668.0,288.629842630729,3418,2335.936170212766,2301.0,1498,1906.0,3015.0,322.6467935259339,3696,2419.553191489362,2366.0,1556,1860.0,3104.0,356.176970626552,2014,MOZ,-23.88928,32.722833,0.125663706143592,MAR_290,circle,1,"{""type"":""MultiPoint"",""coordinates"":[]}"
00000000000000000102_0_0,2098,750.5714285714286,728.0,352,538.0,1001.0,233.4191290274179,2216,874.3061224489796,846.0,275,584.0,1154.0,273.4132108001854,3292,1151.0816326530612,1115.0,568,870.0,1405.0,361.7351515497522,4286,1712.8367346938776,1677.0,997,1288.0,2080.0,445.25504486428093,4883,1946.8163265306123,1860.0,1145,1449.0,2488.0,515.1311175854873,3906,2121.183673469388,2134.0,1248,1376.0,2552.0,391.32051029081134,2014,MOZ,-23.806092,32.721274,0.125663706143592,MAR_291,circle,1,"{""type"":""MultiPoint"",""coordinates"":[]}"
00000000000000000103_0_0,2098,750.5714285714286,728.0,352,538.0,1001.0,233.4191290274179,2216,874.3061224489796,846.0,275,584.0,1154.0,273.4132108001854,3292,1151.0816326530612,1115.0,568,870.0,1405.0,361.7351515497522,4286,1712.8367346938776,1677.0,997,1288.0,2080.0,445.25504486428093,4883,1946.8163265306123,1860.0,1145,1449.0,2488.0,515.1311175854873,3906,2121.183673469388,2134.0,1248,1376.0,2552.0,391.32051029081134,2014,MOZ,-23.805285,32.722447,0.125663706143592,MAR_292,circle,1,"{""type"":""MultiPoint"",""coordinates"":[]}"
00000000000000000104_0_0,2098,750.5714285714286,728.0,352,538.0,1001.0,233.4191290274179,2216,874.3061224489796,846.0,275,584.0,1154.0,273.4132108001854,3292,1151.0816326530612,1115.0,568,870.0,1405.0,361.7351515497522,4286,1712.8367346938776,1677.0,997,1288.0,2080.0,445.25504486428093,4883,1946.8163265306123,1860.0,1145,1449.0,2488.0,515.1311175854873,3906,2121.183673469388,2134.0,1248,1376.0,2552.0,391.32051029081134,2014,MOZ,-23.8019617,32.73200183,0.125663706143592,MAR_293,circle,1,"{""type"":""MultiPoint"",""coordinates"":[]}"
00000000000000000105_0_0,1938,813.0425531914893,755.0,619,638.0,1080.0,207.74226640974067,1888,845.2765957446809,713.0,570,583.0,1244.0,269.27986723676406,2443,1438.5744680851064,1354.0,1098,1175.0,1787.0,245.565932965523,3229,2142.31914893617,2086.0,1810,1885.0,2725.0,265.95257187021554,3497,2402.446808510638,2336.0,2033,2085.0,3094.0,297.5482659585172,3548,2456.340425531915,2428.0,2042,2110.0,3082.0,274.2331106997733,2014,MOZ,-23.799,32.705464,0.125663706143592,MAR_294,circle,1,"{""type"":""MultiPoint"",""coordinates"":[]}"
00000000000000000106_0_0,1938,813.0425531914893,755.0,619,638.0,1080.0,207.74226640974067,1888,845.2765957446809,713.0,570,583.0,1244.0,269.27986723676406,2443,1438.5744680851064,1354.0,1098,1175.0,1787.0,245.565932965523,3229,2142.31914893617,2086.0,1810,1885.0,2725.0,265.95257187021554,3497,2402.446808510638,2336.0,2033,2085.0,3094.0,297.5482659585172,3548,2456.340425531915,2428.0,2042,2110.0,3082.0,274.2331106997733,2014,MOZ,-23.794446,32.675256,0.125663706143592,MAR_295,circle,1,"{""type"":""MultiPoint"",""coordinates"":[]}"
00000000000000000107_0_0,2098,750.5714285714286,728.0,352,538.0,1001.0,233.4191290274179,2216,874.3061224489796,846.0,275,584.0,1154.0,273.4132108001854,3292,1151.0816326530612,1115.0,568,870.0,1405.0,361.7351515497522,4286,1712.8367346938776,1677.0,997,1288.0,2080.0,445.25504486428093,4883,1946.8163265306123,1860.0,1145,1449.0,2488.0,515.1311175854873,3906,2121.183673469388,2134.0,1248,1376.0,2552.0,391.32051029081134,2014,MOZ,-23.789794,32.733641,0.125663706143592,MAR_296,circle,1,"{""type"":""MultiPoint"",""coordinates"":[]}"
00000000000000000108_0_0,2098,750.5714285714286,728.0,352,538.0,1001.0,233.4191290274179,2216,874.3061224489796,846.0,275,584.0,1154.0,273.4132108001854,3292,1151.0816326530612,1115.0,568,870.0,1405.0,361.7351515497522,4286,1712.8367346938776,1677.0,997,1288.0,2080.0,445.25504486428093,4883,1946.8163265306123,1860.0,1145,1449.0,2488.0,515.1311175854873,3906,2121.183673469388,2134.0,1248,1376.0,2552.0,391.32051029081134,2014,MOZ,-23.788018,32.736267,0.125663706143592,MAR_297,circle,1,"{""type"":""MultiPoint"",""coordinates"":[]}"
00000000000000000109_0_0,1938,813.0425531914893,755.0,619,638.0,1080.0,207.74226640974067,1888,845.2765957446809,713.0,570,583.0,1244.0,269.27986723676406,2443,1438.5744680851064,1354.0,1098,1175.0,1787.0,245.565932965523,3229,2142.31914893617,2086.0,1810,1885.0,2725.0,265.95257187021554,3497,2402.446808510638,2336.0,2033,2085.0,3094.0,297.5482659585172,3548,2456.340425531915,2428.0,2042,2110.0,3082.0,274.2331106997733,2014,MOZ,-23.785231,32.670526,0.125663706143592,MAR_298,circle,1,"{""type"":""MultiPoint"",""coordinates"":[]}"
0000000000000000010a_0_0,1938,813.0425531914893,755.0,619,638.0,1080.0,207.74226640974067,1888,845.2765957446809,713.0,570,583.0,1244.0,269.27986723676406,2443,1438.5744680851064,1354.0,1098,1175.0,1787.0,245.565932965523,3229,2142.31914893617,2086.0,1810,1885.0,2725.0,265.95257187021554,3497,2402.446808510638,2336.0,2033,2085.0,3094.0,297.5482659585172,3548,2456.340425531915,2428.0,2042,2110.0,3082.0,274.2331106997733,2014,MOZ,-23.779463,32.674803,0.125663706143592,MAR_299,circle,1,"{""type"":""MultiPoint"",""coordinates"":[]}"
0000000000000000010b_0_0,1938,813.0425531914893,755.0,619,638.0,1080.0,207.74226640974067,1888,845.2765957446809,713.0,570,583.0,1244.0,269.27986723676406,2443,1438.5744680851064,1354.0,1098,1175.0,1787.0,245.565932965523,3229,2142.31914893617,2086.0,1810,1885.0,2725.0,265.95257187021554,3497,2402.446808510638,2336.0,2033,2085.0,3094.0,297.5482659585172,3548,2456.340425531915,2428.0,2042,2110.0,3082.0,274.2331106997733,2014,MOZ,-23.7734597,32.70915655,0.125663706143592,MAR_301,circle,1,"{""type"":""MultiPoint"",""coordinates"":[]}"
0000000000000000010c_0_0,1938,813.0425531914893,755.0,619,638.0,1080.0,207.74226640974067,1888,845.2765957446809,713.0,570,583.0,1244.0,269.27986723676406,2443,1438.5744680851064,1354.0,1098,1175.0,1787.0,245.565932965523,3229,2142.31914893617,2086.0,1810,1885.0,2725.0,265.95257187021554,3497,2402.446808510638,2336.0,2033,2085.0,3094.0,297.5482659585172,3548,2456.340425531915,2428.0,2042,2110.0,3082.0,274.2331106997733,2014,MOZ,-23.762274,32.714361,0.125663706143592,MAR_302,circle,1,"{""type"":""MultiPoint"",""coordinates"":[]}"
0000000000000000010d_0_0,1938,813.0425531914893,755.0,619,638.0,1080.0,207.74226640974067,1888,845.2765957446809,713.0,570,583.0,1244.0,269.27986723676406,2443,1438.5744680851064,1354.0,1098,1175.0,1787.0,245.565932965523,3229,2142.31914893617,2086.0,1810,1885.0,2725.0,265.95257187021554,3497,2402.446808510638,2336.0,2033,2085.0,3094.0,297.5482659585172,3548,2456.340425531915,2428.0,2042,2110.0,3082.0,274.2331106997733,2014,MOZ,-23.7603118,32.7161597,0.125663706143592,MAR_303,circle,1,"{""type"":""MultiPoint"",""coordinates"":[]}"
0000000000000000010e_0_0,1938,813.0425531914893,755.0,619,638.0,1080.0,207.74226640974067,1888,845.2765957446809,713.0,570,583.0,1244.0,269.27986723676406,2443,1438.5744680851064,1354.0,1098,1175.0,1787.0,245.565932965523,3229,2142.31914893617,2086.0,1810,1885.0,2725.0,265.95257187021554,3497,2402.446808510638,2336.0,2033,2085.0,3094.0,297.5482659585172,3548,2456.340425531915,2428.0,2042,2110.0,3082.0,274.2331106997733,2014,MOZ,-23.758127,32.676573,0.125663706143592,MAR_305,circle,1,"{""type"":""MultiPoint"",""coordinates"":[]}"
0000000000000000010f_0_0,2098,750.5714285714286,728.0,352,538.0,1001.0,233.4191290274179,2216,874.3061224489796,846.0,275,584.0,1154.0,273.4132108001854,3292,1151.0816326530612,1115.0,568,870.0,1405.0,361.7351515497522,4286,1712.8367346938776,1677.0,997,1288.0,2080.0,445.25504486428093,4883,1946.8163265306123,1860.0,1145,1449.0,2488.0,515.1311175854873,3906,2121.183673469388,2134.0,1248,1376.0,2552.0,391.32051029081134,2014,MOZ,-23.758016,32.744318,0.125663706143592,MAR_306,circle,1,"{""type"":""MultiPoint"",""coordinates"":[]}"
00000000000000000110_0_0,1938,813.0425531914893,755.0,619,638.0,1080.0,207.74226640974067,1888,845.2765957446809,713.0,570,583.0,1244.0,269.27986723676406,2443,1438.5744680851064,1354.0,1098,1175.0,1787.0,245.565932965523,3229,2142.31914893617,2086.0,1810,1885.0,2725.0,265.95257187021554,3497,2402.446808510638,2336.0,2033,2085.0,3094.0,297.5482659585172,3548,2456.340425531915,2428.0,2042,2110.0,3082.0,274.2331106997733,2014,MOZ,-23.756472,32.720107,0.125663706143592,MAR_307,circle,1,"{""type"":""MultiPoint"",""coordinates"":[]}"
00000000000000000111_0_0,1966,801.6,739.0,578,613.0,1060.0,217.83759495958864,1942,1035.3777777777777,1038.0,715,748.0,1352.0,222.65781308634809,2433,1298.7111111111112,1304.0,958,1010.0,1571.0,251.09207007454654,3140,1788.2222222222222,1670.0,1034,1416.0,2415.0,386.9804984399599,3403,2001.5777777777778,1906.0,1227,1550.0,2736.0,433.1540392613176,3430,2063.5333333333333,1986.0,1230,1672.0,2620.0,363.73125610355015,2014,MOZ,-23.7538085,32.71407531,0.125663706143592,MAR_309,circle,1,"{""type"":""MultiPoint"",""coordinates"":[]}"
00000000000000000112_0_0,1966,801.6,739.0,578,613.0,1060.0,217.83759495958864,1942,1035.3777777777777,1038.0,715,748.0,1352.0,222.65781308634809,2433,1298.7111111111112,1304.0,958,1010.0,1571.0,251.09207007454654,3140,1788.2222222222222,1670.0,1034,1416.0,2415.0,386.9804984399599,3403,2001.5777777777778,1906.0,1227,1550.0,2736.0,433.1540392613176,3430,2063.5333333333333,1986.0,1230,1672.0,2620.0,363.73125610355015,2014,MOZ,-23.748761,32.71492,0.125663706143592,MAR_310,circle,1,"{""type"":""MultiPoint"",""coordinates"":[]}"
00000000000000000113_0_0,1966,801.6,739.0,578,613.0,1060.0,217.83759495958864,1942,1035.3777777777777,1038.0,715,748.0,1352.0,222.65781308634809,2433,1298.7111111111112,1304.0,958,1010.0,1571.0,251.09207007454654,3140,1788.2222222222222,1670.0,1034,1416.0,2415.0,386.9804984399599,3403,2001.5777777777778,1906.0,1227,1550.0,2736.0,433.1540392613176,3430,2063.5333333333333,1986.0,1230,1672.0,2620.0,363.73125610355015,2014,MOZ,-23.748399,32.711126,0.125663706143592,MAR_311,circle,1,"{""type"":""MultiPoint"",""coordinates"":[]}"
00000000000000000114_0_0,1966,801.6,739.0,578,613.0,1060.0,217.83759495958864,1942,1035.3777777777777,1038.0,715,748.0,1352.0,222.65781308634809,2433,1298.7111111111112,1304.0,958,1010.0,1571.0,251.09207007454654,3140,1788.2222222222222,1670.0,1034,1416.0,2415.0,386.9804984399599,3403,2001.5777777777778,1906.0,1227,1550.0,2736.0,433.1540392613176,3430,2063.5333333333333,1986.0,1230,1672.0,2620.0,363.73125610355015,2014,MOZ,-23.748377,32.70874,0.125663706143592,MAR_312,circle,1,"{""type"":""MultiPoint"",""coordinates"":[]}"
00000000000000000115_0_0,1384,806.531914893617,767.0,630,642.0,1038.0,149.74998327905692,1506,847.9574468085107,728.0,532,549.0,1308.0,282.9773284240133,2025,1404.4255319148936,1348.0,1104,1130.0,1852.0,224.6568773476804,3060,2152.744680851064,2141.0,1693,1723.0,2727.0,302.2826962119294,3513,2416.3617021276596,2354.0,1920,1939.0,3084.0,356.876069169732,3496,2508.851063829787,2502.0,1970,2078.0,3154.0,315.01887675444834,2014,MOZ,-23.739614,32.730965,0.125663706143592,MAR_314,circle,1,"{""type"":""MultiPoint"",""coordinates"":[]}"
00000000000000000116_0_0,4020,981.5520833333334,902.6666666666666,705,762.2,1139.5,454.4977738713282,3816,1063.90625,1011.0,722,743.75,1282.0,426.5593471342577,4171,1379.5833333333333,1326.1785714285716,1035,1062.625,1633.5,440.6475033654705,4293,2036.0,1914.8,1610,1624.4,2666.0,443.0343054813401,4516,2304.34375,2197.6,1789,1832.5,3090.0,478.6608017019333,4288,2384.9479166666665,2279.25,1834,2012.0,2930.0,396.81288542249587,2014,MOZ,-23.543869,32.935952,0.125663706143592,MAR_315,circle,1,"{""type"":""MultiPoint"",""coordinates"":[]}"
00000000000000000117_0_0,2918,714.9716981132076,615.5555555555555,345,456.0,1642.0,398.54839098122096,2508,664.4528301886793,542.0,255,402.0,1318.0,367.6304063860022,2582,1095.0849056603774,1019.5,530,770.0,1897.0,355.4586491866457,3369,1880.2830188679245,1817.25,1327,1433.5,2630.0,397.4595684840986,3752,2151.8207547169814,2072.75,1641,1653.857142857143,3065.0,462.47418688128505,3264,2159.3396226415093,2114.8,1432,1668.0,3086.0,401.56650537783526,2014,MOZ,-23.543612,32.898567,0.125663706143592,MAR_316,circle,1,"{""type"":""MultiPoint"",""coordinates"":[]}"
00000000000000000118_0_0,4020,981.5520833333334,902.6666666666666,705,762.2,1139.5,454.4977738713282,3816,1063.90625,1011.0,722,743.75,1282.0,426.5593471342577,4171,1379.5833333333333,1326.1785714285716,1035,1062.625,1633.5,440.6475033654705,4293,2036.0,1914.8,1610,1624.4,2666.0,443.0343054813401,4516,2304.34375,2197.6,1789,1832.5,3090.0,478.6608017019333,4288,2384.9479166666665,2279.25,1834,2012.0,2930.0,396.81288542249587,2014,MOZ,-23.540683,32.933058,0.125663706143592,MAR_317,circle,1,"{""type"":""MultiPoint"",""coordinates"":[]}"
00000000000000000119_0_0,4020,981.5520833333334,902.6666666666666,705,762.2,1139.5,454.4977738713282,3816,1063.90625,1011.0,722,743.75,1282.0,426.5593471342577,4171,1379.5833333333333,1326.1785714285716,1035,1062.625,1633.5,440.6475033654705,4293,2036.0,1914.8,1610,1624.4,2666.0,443.0343054813401,4516,2304.34375,2197.6,1789,1832.5,3090.0,478.6608017019333,4288,2384.9479166666665,2279.25,1834,2012.0,2930.0,396.81288542249587,2014,MOZ,-23.536855,32.907947,0.125663706143592,MAR_318,circle,1,"{""type"":""MultiPoint"",""coordinates"":[]}"
0000000000000000011a_0_0,4020,981.5520833333334,902.6666666666666,705,762.2,1139.5,454.4977738713282,3816,1063.90625,1011.0,722,743.75,1282.0,426.5593471342577,4171,1379.5833333333333,1326.1785714285716,1035,1062.625,1633.5,440.6475033654705,4293,2036.0,1914.8,1610,1624.4,2666.0,443.0343054813401,4516,2304.34375,2197.6,1789,1832.5,3090.0,478.6608017019333,4288,2384.9479166666665,2279.25,1834,2012.0,2930.0,396.81288542249587,2014,MOZ,-23.534703,32.921217,0.125663706143592,MAR_319,circle,1,"{""type"":""MultiPoint"",""coordinates"":[]}"
0000000000000000011b_0_0,2918,714.9716981132076,615.5555555555555,345,456.0,1642.0,398.54839098122096,2508,664.4528301886793,542.0,255,402.0,1318.0,367.6304063860022,2582,1095.0849056603774,1019.5,530,770.0,1897.0,355.4586491866457,3369,1880.2830188679245,1817.25,1327,1433.5,2630.0,397.4595684840986,3752,2151.8207547169814,2072.75,1641,1653.857142857143,3065.0,462.47418688128505,3264,2159.3396226415093,2114.8,1432,1668.0,3086.0,401.56650537783526,2014,MOZ,-23.530021,32.892622,0.125663706143592,MAR_320,circle,1,"{""type"":""MultiPoint"",""coordinates"":[]}"
0000000000000000011c_0_0,2918,714.9716981132076,615.5555555555555,345,456.0,1642.0,398.54839098122096,2508,664.4528301886793,542.0,255,402.0,1318.0,367.6304063860022,2582,1095.0849056603774,1019.5,530,770.0,1897.0,355.4586491866457,3369,1880.2830188679245,1817.25,1327,1433.5,2630.0,397.4595684840986,3752,2151.8207547169814,2072.75,1641,1653.857142857143,3065.0,462.47418688128505,3264,2159.3396226415093,2114.8,1432,1668.0,3086.0,401.56650537783526,2014,MOZ,-23.528636,32.886944,0.125663706143592,MAR_321,circle,1,"{""type"":""MultiPoint"",""coordinates"":[]}"
0000000000000000011d_0_0,4020,981.5520833333334,902.6666666666666,705,762.2,1139.5,454.4977738713282,3816,1063.90625,1011.0,722,743.75,1282.0,426.5593471342577,4171,1379.5833333333333,1326.1785714285716,1035,1062.625,1633.5,440.6475033654705,4293,2036.0,1914.8,1610,1624.4,2666.0,443.0343054813401,4516,2304.34375,2197.6,1789,1832.5,3090.0,478.6608017019333,4288,2384.9479166666665,2279.25,1834,2012.0,2930.0,396.81288542249587,2014,MOZ,-23.522791,32.953266,0.125663706143592,MAR_322,circle,1,"{""type"":""MultiPoint"",""coordinates"":[]}"
0000000000000000011e_0_0,4020,981.5520833333334,902.6666666666666,705,762.2,1139.5,454.4977738713282,3816,1063.90625,1011.0,722,743.75,1282.0,426.5593471342577,4171,1379.5833333333333,1326.1785714285716,1035,1062.625,1633.5,440.6475033654705,4293,2036.0,1914.8,1610,1624.4,2666.0,443.0343054813401,4516,2304.34375,2197.6,1789,1832.5,3090.0,478.6608017019333,4288,2384.9479166666665,2279.25,1834,2012.0,2930.0,396.81288542249587,2014,MOZ,-23.517558,32.96438,0.125663706143592,MAR_324,circle,1,"{""type"":""MultiPoint"",""coordinates"":[]}"
0000000000000000011f_0_0,4020,981.5520833333334,902.6666666666666,705,762.2,1139.5,454.4977738713282,3816,1063.90625,1011.0,722,743.75,1282.0,426.5593471342577,4171,1379.5833333333333,1326.1785714285716,1035,1062.625,1633.5,440.6475033654705,4293,2036.0,1914.8,1610,1624.4,2666.0,443.0343054813401,4516,2304.34375,2197.6,1789,1832.5,3090.0,478.6608017019333,4288,2384.9479166666665,2279.25,1834,2012.0,2930.0,396.81288542249587,2014,MOZ,-23.516842,32.949435,0.125663706143592,MAR_325,circle,1,"{""type"":""MultiPoint"",""coordinates"":[]}"
00000000000000000120_0_0,2918,714.9716981132076,615.5555555555555,345,456.0,1642.0,398.54839098122096,2508,664.4528301886793,542.0,255,402.0,1318.0,367.6304063860022,2582,1095.0849056603774,1019.5,530,770.0,1897.0,355.4586491866457,3369,1880.2830188679245,1817.25,1327,1433.5,2630.0,397.4595684840986,3752,2151.8207547169814,2072.75,1641,1653.857142857143,3065.0,462.47418688128505,3264,2159.3396226415093,2114.8,1432,1668.0,3086.0,401.56650537783526,2014,MOZ,-23.516209,32.886834,0.125663706143592,MAR_326,circle,1,"{""type"":""MultiPoint"",""coordinates"":[]}"
00000000000000000121_0_0,4020,981.5520833333334,902.6666666666666,705,762.2,1139.5,454.4977738713282,3816,1063.90625,1011.0,722,743.75,1282.0,426.5593471342577,4171,1379.5833333333333,1326.1785714285716,1035,1062.625,1633.5,440.6475033654705,4293,2036.0,1914.8,1610,1624.4,2666.0,443.0343054813401,4516,2304.34375,2197.6,1789,1832.5,3090.0,478.6608017019333,4288,2384.9479166666665,2279.25,1834,2012.0,2930.0,396.81288542249587,2014,MOZ,-23.515204,32.929925,0.125663706143592,MAR_327,circle,1,"{""type"":""MultiPoint"",""coordinates"":[]}"
00000000000000000122_0_0,4020,981.5520833333334,902.6666666666666,705,762.2,1139.5,454.4977738713282,3816,1063.90625,1011.0,722,743.75,1282.0,426.5593471342577,4171,1379.5833333333333,1326.1785714285716,1035,1062.625,1633.5,440.6475033654705,4293,2036.0,1914.8,1610,1624.4,2666.0,443.0343054813401,4516,2304.34375,2197.6,1789,1832.5,3090.0,478.6608017019333,4288,2384.9479166666665,2279.25,1834,2012.0,2930.0,396.81288542249587,2014,MOZ,-23.512285,32.92488,0.125663706143592,MAR_328,circle,1,"{""type"":""MultiPoint"",""coordinates"":[]}"
00000000000000000123_0_0,4020,981.5520833333334,902.6666666666666,705,762.2,1139.5,454.4977738713282,3816,1063.90625,1011.0,722,743.75,1282.0,426.5593471342577,4171,1379.5833333333333,1326.1785714285716,1035,1062.625,1633.5,440.6475033654705,4293,2036.0,1914.8,1610,1624.4,2666.0,443.0343054813401,4516,2304.34375,2197.6,1789,1832.5,3090.0,478.6608017019333,4288,2384.9479166666665,2279.25,1834,2012.0,2930.0,396.81288542249587,2014,MOZ,-23.511228,32.956968,0.125663706143592,MAR_329,circle,1,"{""type"":""MultiPoint"",""coordinates"":[]}"
00000000000000000124_0_0,4020,981.5520833333334,902.6666666666666,705,762.2,1139.5,454.4977738713282,3816,1063.90625,1011.0,722,743.75,1282.0,426.5593471342577,4171,1379.5833333333333,1326.1785714285716,1035,1062.625,1633.5,440.6475033654705,4293,2036.0,1914.8,1610,1624.4,2666.0,443.0343054813401,4516,2304.34375,2197.6,1789,1832.5,3090.0,478.6608017019333,4288,2384.9479166666665,2279.25,1834,2012.0,2930.0,396.81288542249587,2014,MOZ,-23.510773,32.942426,0.125663706143592,MAR_330,circle,1,"{""type"":""MultiPoint"",""coordinates"":[]}"
00000000000000000125_0_0,2918,714.9716981132076,615.5555555555555,345,456.0,1642.0,398.54839098122096,2508,664.4528301886793,542.0,255,402.0,1318.0,367.6304063860022,2582,1095.0849056603774,1019.5,530,770.0,1897.0,355.4586491866457,3369,1880.2830188679245,1817.25,1327,1433.5,2630.0,397.4595684840986,3752,2151.8207547169814,2072.75,1641,1653.857142857143,3065.0,462.47418688128505,3264,2159.3396226415093,2114.8,1432,1668.0,3086.0,401.56650537783526,2014,MOZ,-23.508245,32.89352,0.125663706143592,MAR_331,circle,1,"{""type"":""MultiPoint"",""coordinates"":[]}"
00000000000000000126_0_0,4020,981.5520833333334,902.6666666666666,705,762.2,1139.5,454.4977738713282,3816,1063.90625,1011.0,722,743.75,1282.0,426.5593471342577,4171,1379.5833333333333,1326.1785714285716,1035,1062.625,1633.5,440.6475033654705,4293,2036.0,1914.8,1610,1624.4,2666.0,443.0343054813401,4516,2304.34375,2197.6,1789,1832.5,3090.0,478.6608017019333,4288,2384.9479166666665,2279.25,1834,2012.0,2930.0,396.81288542249587,2014,MOZ,-23.501534,32.922355,0.125663706143592,MAR_332,circle,1,"{""type"":""MultiPoint"",""coordinates"":[]}"
00000000000000000127_0_0,4020,981.5520833333334,902.6666666666666,705,762.2,1139.5,454.4977738713282,3816,1063.90625,1011.0,722,743.75,1282.0,426.5593471342577,4171,1379.5833333333333,1326.1785714285716,1035,1062.625,1633.5,440.6475033654705,4293,2036.0,1914.8,1610,1624.4,2666.0,443.0343054813401,4516,2304.34375,2197.6,1789,1832.5,3090.0,478.6608017019333,4288,2384.9479166666665,2279.25,1834,2012.0,2930.0,396.81288542249587,2014,MOZ,-23.495954,32.93527,0.125663706143592,MAR_333,circle,1,"{""type"":""MultiPoint"",""coordinates"":[]}"
00000000000000000128_0_0,4020,981.5520833333334,902.6666666666666,705,762.2,1139.5,454.4977738713282,3816,1063.90625,1011.0,722,743.75,1282.0,426.5593471342577,4171,1379.5833333333333,1326.1785714285716,1035,1062.625,1633.5,440.6475033654705,4293,2036.0,1914.8,1610,1624.4,2666.0,443.0343054813401,4516,2304.34375,2197.6,1789,1832.5,3090.0,478.6608017019333,4288,2384.9479166666665,2279.25,1834,2012.0,2930.0,396.81288542249587,2014,MOZ,-23.488021,32.937064,0.125663706143592,MAR_334,circle,1,"{""type"":""MultiPoint"",""coordinates"":[]}"
00000000000000000129_0_0,1774,757.0833333333334,740.0,415,503.0,1084.0,219.99846906032985,1980,855.7916666666666,874.0,339,557.0,1186.0,247.49629276123613,2287,1223.2291666666667,1213.0,527,949.0,1467.0,243.3475086838552,2742,1870.8541666666667,1822.0,1008,1479.0,2581.0,362.13222663272046,3316,2171.7708333333335,2135.5,1233,1708.0,2987.0,435.949454236733,3218,2137.25,2028.0,1264,1654.0,2938.0,416.03317676198213,2014,MOZ,-23.484392,32.955808,0.125663706143592,MAR_335,circle,1,"{""type"":""MultiPoint"",""coordinates"":[]}"
0000000000000000012a_0_0,1774,757.0833333333334,740.0,415,503.0,1084.0,219.99846906032985,1980,855.7916666666666,874.0,339,557.0,1186.0,247.49629276123613,2287,1223.2291666666667,1213.0,527,949.0,1467.0,243.3475086838552,2742,1870.8541666666667,1822.0,1008,1479.0,2581.0,362.13222663272046,3316,2171.7708333333335,2135.5,1233,1708.0,2987.0,435.949454236733,3218,2137.25,2028.0,1264,1654.0,2938.0,416.03317676198213,2014,MOZ,-23.483283,32.939799,0.125663706143592,MAR_336,circle,1,"{""type"":""MultiPoint"",""coordinates"":[]}"
0000000000000000012b_0_0,1774,757.0833333333334,740.0,415,503.0,1084.0,219.99846906032985,1980,855.7916666666666,874.0,339,557.0,1186.0,247.49629276123613,2287,1223.2291666666667,1213.0,527,949.0,1467.0,243.3475086838552,2742,1870.8541666666667,1822.0,1008,1479.0,2581.0,362.13222663272046,3316,2171.7708333333335,2135.5,1233,1708.0,2987.0,435.949454236733,3218,2137.25,2028.0,1264,1654.0,2938.0,416.03317676198213,2014,MOZ,-23.478295,32.944302,0.125663706143592,MAR_337,circle,1,"{""type"":""MultiPoint"",""coordinates"":[]}"
0000000000000000012c_0_0,1774,757.0833333333334,740.0,415,503.0,1084.0,219.99846906032985,1980,855.7916666666666,874.0,339,557.0,1186.0,247.49629276123613,2287,1223.2291666666667,1213.0,527,949.0,1467.0,243.3475086838552,2742,1870.8541666666667,1822.0,1008,1479.0,2581.0,362.13222663272046,3316,2171.7708333333335,2135.5,1233,1708.0,2987.0,435.949454236733,3218,2137.25,2028.0,1264,1654.0,2938.0,416.03317676198213,2014,MOZ,-23.476424,32.954574,0.125663706143592,MAR_338,circle,1,"{""type"":""MultiPoint"",""coordinates"":[]}"
0000000000000000012d_0_0,1858,506.06382978723406,491.6666666666667,128,307.0,865.5,236.4911859502194,1744,414.5531914893617,383.0,92,244.0,891.0,244.8647745368111,2291,837.6702127659574,838.0,173,587.5,1311.0,290.4264065531214,3316,1813.468085106383,1738.0,593,1466.0,2391.5,399.45829548590365,3589,2128.031914893617,2008.0,745,1688.5,2809.0,462.0721011281834,3602,2154.6063829787236,2067.333333333333,729,1596.0,2776.0,465.95345439366076,2014,MOZ,-23.414513,33.032431,0.125663706143592,MAR_339,circle,1,"{""type"":""MultiPoint"",""coordinates"":[]}"
0000000000000000012e_0_0,1858,506.06382978723406,491.6666666666667,128,307.0,865.5,236.4911859502194,1744,414.5531914893617,383.0,92,244.0,891.0,244.8647745368111,2291,837.6702127659574,838.0,173,587.5,1311.0,290.4264065531214,3316,1813.468085106383,1738.0,593,1466.0,2391.5,399.45829548590365,3589,2128.031914893617,2008.0,745,1688.5,2809.0,462.0721011281834,3602,2154.6063829787236,2067.333333333333,729,1596.0,2776.0,465.95345439366076,2014,MOZ,-23.407507,33.024319,0.125663706143592,MAR_340,circle,1,"{""type"":""MultiPoint"",""coordinates"":[]}"
0000000000000000012f_0_0,1858,506.06382978723406,491.6666666666667,128,307.0,865.5,236.4911859502194,1744,414.5531914893617,383.0,92,244.0,891.0,244.8647745368111,2291,837.6702127659574,838.0,173,587.5,1311.0,290.4264065531214,3316,1813.468085106383,1738.0,593,1466.0,2391.5,399.45829548590365,3589,2128.031914893617,2008.0,745,1688.5,2809.0,462.0721011281834,3602,2154.6063829787236,2067.333333333333,729,1596.0,2776.0,465.95345439366076,2014,MOZ,-23.407084,33.036475,0.125663706143592,MAR_341,circle,1,"{""type"":""MultiPoint"",""coordinates"":[]}"
00000000000000000130_0_0,1858,506.06382978723406,491.6666666666667,128,307.0,865.5,236.4911859502194,1744,414.5531914893617,383.0,92,244.0,891.0,244.8647745368111,2291,837.6702127659574,838.0,173,587.5,1311.0,290.4264065531214,3316,1813.468085106383,1738.0,593,1466.0,2391.5,399.45829548590365,3589,2128.031914893617,2008.0,745,1688.5,2809.0,462.0721011281834,3602,2154.6063829787236,2067.333333333333,729,1596.0,2776.0,465.95345439366076,2014,MOZ,-23.402352,33.008711,0.125663706143592,MAR_342,circle,1,"{""type"":""MultiPoint"",""coordinates"":[]}"
00000000000000000131_0_0,1858,506.06382978723406,491.6666666666667,128,307.0,865.5,236.4911859502194,1744,414.5531914893617,383.0,92,244.0,891.0,244.8647745368111,2291,837.6702127659574,838.0,173,587.5,1311.0,290.4264065531214,3316,1813.468085106383,1738.0,593,1466.0,2391.5,399.45829548590365,3589,2128.031914893617,2008.0,745,1688.5,2809.0,462.0721011281834,3602,2154.6063829787236,2067.333333333333,729,1596.0,2776.0,465.95345439366076,2014,MOZ,-23.400129,33.041692,0.125663706143592,MAR_343,circle,1,"{""type"":""MultiPoint"",""coordinates"":[]}"
00000000000000000132_0_0,2282,859.0408163265306,799.1666666666667,531,615.0,1086.0,300.06053533352195,2230,951.1224489795918,924.5,604,635.0,1289.0,290.70878426897485,2653,1263.4285714285713,1235.5,957,962.75,1603.5,305.39308894523174,3565,1945.3979591836735,1876.0,1512,1543.0,2689.0,403.674240754716,3906,2244.5102040816328,2155.75,1757,1778.5,3297.0,469.6566319522094,3934,2298.8979591836733,2216.8,1748,1826.0,3216.0,436.5727489180652,2014,MOZ,-23.392543,33.049441,0.125663706143592,MAR_344,circle,1,"{""type"":""MultiPoint"",""coordinates"":[]}"
00000000000000000133_0_0,2282,859.0408163265306,799.1666666666667,531,615.0,1086.0,300.06053533352195,2230,951.1224489795918,924.5,604,635.0,1289.0,290.70878426897485,2653,1263.4285714285713,1235.5,957,962.75,1603.5,305.39308894523174,3565,1945.3979591836735,1876.0,1512,1543.0,2689.0,403.674240754716,3906,2244.5102040816328,2155.75,1757,1778.5,3297.0,469.6566319522094,3934,2298.8979591836733,2216.8,1748,1826.0,3216.0,436.5727489180652,2014,MOZ,-23.389001,32.993724,0.125663706143592,MAR_345,circle,1,"{""type"":""MultiPoint"",""coordinates"":[]}"
00000000000000000135_0_0,2282,859.0408163265306,799.1666666666667,531,615.0,1086.0,300.06053533352195,2230,951.1224489795918,924.5,604,635.0,1289.0,290.70878426897485,2653,1263.4285714285713,1235.5,957,962.75,1603.5,305.39308894523174,3565,1945.3979591836735,1876.0,1512,1543.0,2689.0,403.674240754716,3906,2244.5102040816328,2155.75,1757,1778.5,3297.0,469.6566319522094,3934,2298.8979591836733,2216.8,1748,1826.0,3216.0,436.5727489180652,2014,MOZ,-23.387443,33.052171,0.125663706143592,MAR_347,circle,1,"{""type"":""MultiPoint"",""coordinates"":[]}"
00000000000000000137_0_0,2282,859.0408163265306,799.1666666666667,531,615.0,1086.0,300.06053533352195,2230,951.1224489795918,924.5,604,635.0,1289.0,290.70878426897485,2653,1263.4285714285713,1235.5,957,962.75,1603.5,305.39308894523174,3565,1945.3979591836735,1876.0,1512,1543.0,2689.0,403.674240754716,3906,2244.5102040816328,2155.75,1757,1778.5,3297.0,469.6566319522094,3934,2298.8979591836733,2216.8,1748,1826.0,3216.0,436.5727489180652,2014,MOZ,-23.381652,33.047121,0.125663706143592,MAR_349,circle,1,"{""type"":""MultiPoint"",""coordinates"":[]}"
00000000000000000139_0_0,2282,859.0408163265306,799.1666666666667,531,615.0,1086.0,300.06053533352195,2230,951.1224489795918,924.5,604,635.0,1289.0,290.70878426897485,2653,1263.4285714285713,1235.5,957,962.75,1603.5,305.39308894523174,3565,1945.3979591836735,1876.0,1512,1543.0,2689.0,403.674240754716,3906,2244.5102040816328,2155.75,1757,1778.5,3297.0,469.6566319522094,3934,2298.8979591836733,2216.8,1748,1826.0,3216.0,436.5727489180652,2014,MOZ,-23.380407,33.025597,0.125663706143592,MAR_351,circle,1,"{""type"":""MultiPoint"",""coordinates"":[]}"
0000000000000000013b_0_0,2282,859.0408163265306,799.1666666666667,531,615.0,1086.0,300.06053533352195,2230,951.1224489795918,924.5,604,635.0,1289.0,290.70878426897485,2653,1263.4285714285713,1235.5,957,962.75,1603.5,305.39308894523174,3565,1945.3979591836735,1876.0,1512,1543.0,2689.0,403.674240754716,3906,2244.5102040816328,2155.75,1757,1778.5,3297.0,469.6566319522094,3934,2298.8979591836733,2216.8,1748,1826.0,3216.0,436.5727489180652,2014,MOZ,-23.378759,33.057396,0.125663706143592,MAR_353,circle,1,"{""type"":""MultiPoint"",""coordinates"":[]}"
0000000000000000013d_0_0,2282,859.0408163265306,799.1666666666667,531,615.0,1086.0,300.06053533352195,2230,951.1224489795918,924.5,604,635.0,1289.0,290.70878426897485,2653,1263.4285714285713,1235.5,957,962.75,1603.5,305.39308894523174,3565,1945.3979591836735,1876.0,1512,1543.0,2689.0,403.674240754716,3906,2244.5102040816328,2155.75,1757,1778.5,3297.0,469.6566319522094,3934,2298.8979591836733,2216.8,1748,1826.0,3216.0,436.5727489180652,2014,MOZ,-23.375828,33.022644,0.125663706143592,MAR_355,circle,1,"{""type"":""MultiPoint"",""coordinates"":[]}"
0000000000000000013f_0_0,2282,859.0408163265306,799.1666666666667,531,615.0,1086.0,300.06053533352195,2230,951.1224489795918,924.5,604,635.0,1289.0,290.70878426897485,2653,1263.4285714285713,1235.5,957,962.75,1603.5,305.39308894523174,3565,1945.3979591836735,1876.0,1512,1543.0,2689.0,403.674240754716,3906,2244.5102040816328,2155.75,1757,1778.5,3297.0,469.6566319522094,3934,2298.8979591836733,2216.8,1748,1826.0,3216.0,436.5727489180652,2014,MOZ,-23.374097,33.006237,0.125663706143592,MAR_357,circle,1,"{""type"":""MultiPoint"",""coordinates"":[]}"
00000000000000000140_0_0,2282,859.0408163265306,799.1666666666667,531,615.0,1086.0,300.06053533352195,2230,951.1224489795918,924.5,604,635.0,1289.0,290.70878426897485,2653,1263.4285714285713,1235.5,957,962.75,1603.5,305.39308894523174,3565,1945.3979591836735,1876.0,1512,1543.0,2689.0,403.674240754716,3906,2244.5102040816328,2155.75,1757,1778.5,3297.0,469.6566319522094,3934,2298.8979591836733,2216.8,1748,1826.0,3216.0,436.5727489180652,2014,MOZ,-23.372017,33.069222,0.125663706143592,MAR_359,circle,1,"{""type"":""MultiPoint"",""coordinates"":[]}"
00000000000000000141_0_0,2282,859.0408163265306,799.1666666666667,531,615.0,1086.0,300.06053533352195,2230,951.1224489795918,924.5,604,635.0,1289.0,290.70878426897485,2653,1263.4285714285713,1235.5,957,962.75,1603.5,305.39308894523174,3565,1945.3979591836735,1876.0,1512,1543.0,2689.0,403.674240754716,3906,2244.5102040816328,2155.75,1757,1778.5,3297.0,469.6566319522094,3934,2298.8979591836733,2216.8,1748,1826.0,3216.0,436.5727489180652,2014,MOZ,-23.371733,33.023199,0.125663706143592,MAR_360,circle,1,"{""type"":""MultiPoint"",""coordinates"":[]}"
00000000000000000142_0_0,2282,859.0408163265306,799.1666666666667,531,615.0,1086.0,300.06053533352195,2230,951.1224489795918,924.5,604,635.0,1289.0,290.70878426897485,2653,1263.4285714285713,1235.5,957,962.75,1603.5,305.39308894523174,3565,1945.3979591836735,1876.0,1512,1543.0,2689.0,403.674240754716,3906,2244.5102040816328,2155.75,1757,1778.5,3297.0,469.6566319522094,3934,2298.8979591836733,2216.8,1748,1826.0,3216.0,436.5727489180652,2014,MOZ,-23.371664,33.061556,0.125663706143592,MAR_361,circle,1,"{""type"":""MultiPoint"",""coordinates"":[]}"
00000000000000000146_0_0,2282,859.0408163265306,799.1666666666667,531,615.0,1086.0,300.06053533352195,2230,951.1224489795918,924.5,604,635.0,1289.0,290.70878426897485,2653,1263.4285714285713,1235.5,957,962.75,1603.5,305.39308894523174,3565,1945.3979591836735,1876.0,1512,1543.0,2689.0,403.674240754716,3906,2244.5102040816328,2155.75,1757,1778.5,3297.0,469.6566319522094,3934,2298.8979591836733,2216.8,1748,1826.0,3216.0,436.5727489180652,2014,MOZ,-23.36974,32.995358,0.125663706143592,MAR_365,circle,1,"{""type"":""MultiPoint"",""coordinates"":[]}"
00000000000000000147_0_0,2270,898.2941176470588,834.0,543,677.0,1164.0,278.69565198615174,2604,1000.0980392156863,892.0,555,674.0,1346.0,352.9812112370167,2898,1194.4313725490197,1126.0,606,888.0,1619.0,352.36618958802325,3507,2151.0196078431372,2057.0,1378,1738.0,2711.0,393.81828646316995,3965,2472.4313725490197,2291.0,1578,1936.0,3277.0,466.3547524087163,3318,2624.5098039215686,2630.0,1522,2110.0,3204.0,322.25865707649524,2014,MOZ,-23.369081,33.083167,0.125663706143592,MAR_366,circle,1,"{""type"":""MultiPoint"",""coordinates"":[]}"
00000000000000000148_0_0,2282,859.0408163265306,799.1666666666667,531,615.0,1086.0,300.06053533352195,2230,951.1224489795918,924.5,604,635.0,1289.0,290.70878426897485,2653,1263.4285714285713,1235.5,957,962.75,1603.5,305.39308894523174,3565,1945.3979591836735,1876.0,1512,1543.0,2689.0,403.674240754716,3906,2244.5102040816328,2155.75,1757,1778.5,3297.0,469.6566319522094,3934,2298.8979591836733,2216.8,1748,1826.0,3216.0,436.5727489180652,2014,MOZ,-23.365492,33.01916,0.125663706143592,MAR_367,circle,1,"{""type"":""MultiPoint"",""coordinates"":[]}"
0000000000000000014c_0_0,2006,690.7083333333334,625.0,470,487.0,881.0,273.3982868708012,2688,705.6041666666666,580.5,374,409.0,1036.0,399.2995293627399,3102,1136.2916666666667,1058.5,780,845.0,1407.0,381.2087113343846,4425,1974.2916666666667,1871.5,1506,1560.0,2691.0,473.8692663564731,4870,2269.5416666666665,2114.0,1667,1809.0,3083.0,529.6297039100891,4164,2332.5833333333335,2280.0,1408,1884.0,3124.0,433.6244454850557,2014,MOZ,-23.362488,32.737753,0.125663706143592,MAR_371,circle,1,"{""type"":""MultiPoint"",""coordinates"":[]}"
00000000000000000150_0_0,2282,859.0408163265306,799.1666666666667,531,615.0,1086.0,300.06053533352195,2230,951.1224489795918,924.5,604,635.0,1289.0,290.70878426897485,2653,1263.4285714285713,1235.5,957,962.75,1603.5,305.39308894523174,3565,1945.3979591836735,1876.0,1512,1543.0,2689.0,403.674240754716,3906,2244.5102040816328,2155.75,1757,1778.5,3297.0,469.6566319522094,3934,2298.8979591836733,2216.8,1748,1826.0,3216.0,436.5727489180652,2014,MOZ,-23.350566,33.011742,0.125663706143592,MAR_375,circle,1,"{""type"":""MultiPoint"",""coordinates"":[]}"
00000000000000000151_0_0,2282,859.0408163265306,799.1666666666667,531,615.0,1086.0,300.06053533352195,2230,951.1224489795918,924.5,604,635.0,1289.0,290.70878426897485,2653,1263.4285714285713,1235.5,957,962.75,1603.5,305.39308894523174,3565,1945.3979591836735,1876.0,1512,1543.0,2689.0,403.674240754716,3906,2244.5102040816328,2155.75,1757,1778.5,3297.0,469.6566319522094,3934,2298.8979591836733,2216.8,1748,1826.0,3216.0,436.5727489180652,2014,MOZ,-23.347694,33.00441,0.125663706143592,MAR_376,circle,1,"{""type"":""MultiPoint"",""coordinates"":[]}"
00000000000000000153_0_0,2282,859.0408163265306,799.1666666666667,531,615.0,1086.0,300.06053533352195,2230,951.1224489795918,924.5,604,635.0,1289.0,290.70878426897485,2653,1263.4285714285713,1235.5,957,962.75,1603.5,305.39308894523174,3565,1945.3979591836735,1876.0,1512,1543.0,2689.0,403.674240754716,3906,2244.5102040816328,2155.75,1757,1778.5,3297.0,469.6566319522094,3934,2298.8979591836733,2216.8,1748,1826.0,3216.0,436.5727489180652,2014,MOZ,-23.34398,33.008393,0.125663706143592,MAR_378,circle,1,"{""type"":""MultiPoint"",""coordinates"":[]}"
00000000000000000154_0_0,2282,859.0408163265306,799.1666666666667,531,615.0,1086.0,300.06053533352195,2230,951.1224489795918,924.5,604,635.0,1289.0,290.70878426897485,2653,1263.4285714285713,1235.5,957,962.75,1603.5,305.39308894523174,3565,1945.3979591836735,1876.0,1512,1543.0,2689.0,403.674240754716,3906,2244.5102040816328,2155.75,1757,1778.5,3297.0,469.6566319522094,3934,2298.8979591836733,2216.8,1748,1826.0,3216.0,436.5727489180652,2014,MOZ,-23.343418,33.018669,0.125663706143592,MAR_379,circle,1,"{""type"":""MultiPoint"",""coordinates"":[]}"
00000000000000000157_0_0,1050,538.7826086956521,525.5,342,381.0,679.0,143.15572442858505,1064,452.9130434782609,427.0,261,299.0,636.0,152.93900831589784,1478,897.6739130434783,916.5,632,661.0,1111.0,185.02820635124144,2504,1863.804347826087,1849.5,1543,1556.0,2395.0,280.40301892913834,2903,2128.782608695652,2111.5,1688,1744.0,2724.0,340.70406086345247,2796,2114.0652173913045,2066.0,1646,1788.0,2590.0,293.19324404799517,2014,MOZ,-23.243348,32.53835,0.125663706143592,MAR_382,circle,1,"{""type"":""MultiPoint"",""coordinates"":[]}"
00000000000000000158_0_0,1736,828.5192307692307,781.0,580,608.0,1166.0,207.15856899269366,1626,912.4038461538462,870.5,480,552.0,1384.0,305.6497656075926,2070,1348.9423076923076,1326.5,756,981.0,1860.0,280.0022261904315,3068,2102.096153846154,2039.0,1452,1783.0,2672.0,298.52472256951745,3389,2380.173076923077,2328.0,1709,1977.0,3155.0,350.10738578733327,3292,2424.1923076923076,2367.0,1744,2114.0,3062.0,291.8420304035371,2014,MOZ,-23.239398,32.546455,0.125663706143592,MAR_383,circle,1,"{""type"":""MultiPoint"",""coordinates"":[]}"
00000000000000000159_0_0,1736,828.5192307692307,781.0,580,608.0,1166.0,207.15856899269366,1626,912.4038461538462,870.5,480,552.0,1384.0,305.6497656075926,2070,1348.9423076923076,1326.5,756,981.0,1860.0,280.0022261904315,3068,2102.096153846154,2039.0,1452,1783.0,2672.0,298.52472256951745,3389,2380.173076923077,2328.0,1709,1977.0,3155.0,350.10738578733327,3292,2424.1923076923076,2367.0,1744,2114.0,3062.0,291.8420304035371,2014,MOZ,-23.23146,32.563794,0.125663706143592,MAR_384,circle,1,"{""type"":""MultiPoint"",""coordinates"":[]}"
0000000000000000015a_0_0,1736,828.5192307692307,781.0,580,608.0,1166.0,207.15856899269366,1626,912.4038461538462,870.5,480,552.0,1384.0,305.6497656075926,2070,1348.9423076923076,1326.5,756,981.0,1860.0,280.0022261904315,3068,2102.096153846154,2039.0,1452,1783.0,2672.0,298.52472256951745,3389,2380.173076923077,2328.0,1709,1977.0,3155.0,350.10738578733327,3292,2424.1923076923076,2367.0,1744,2114.0,3062.0,291.8420304035371,2014,MOZ,-23.227436,32.582502,0.125663706143592,MAR_385,circle,1,"{""type"":""MultiPoint"",""coordinates"":[]}"
0000000000000000015b_0_0,1050,538.7826086956521,525.5,342,381.0,679.0,143.15572442858505,1064,452.9130434782609,427.0,261,299.0,636.0,152.93900831589784,1478,897.6739130434783,916.5,632,661.0,1111.0,185.02820635124144,2504,1863.804347826087,1849.5,1543,1556.0,2395.0,280.40301892913834,2903,2128.782608695652,2111.5,1688,1744.0,2724.0,340.70406086345247,2796,2114.0652173913045,2066.0,1646,1788.0,2590.0,293.19324404799517,2014,MOZ,-23.219442,32.538796,0.125663706143592,MAR_386,circle,1,"{""type"":""MultiPoint"",""coordinates"":[]}"
0000000000000000015c_0_0,1050,538.7826086956521,525.5,342,381.0,679.0,143.15572442858505,1064,452.9130434782609,427.0,261,299.0,636.0,152.93900831589784,1478,897.6739130434783,916.5,632,661.0,1111.0,185.02820635124144,2504,1863.804347826087,1849.5,1543,1556.0,2395.0,280.40301892913834,2903,2128.782608695652,2111.5,1688,1744.0,2724.0,340.70406086345247,2796,2114.0652173913045,2066.0,1646,1788.0,2590.0,293.19324404799517,2014,MOZ,-23.218984,32.516059,0.125663706143592,MAR_387,circle,1,"{""type"":""MultiPoint"",""coordinates"":[]}"
0000000000000000015d_0_0,1736,828.5192307692307,781.0,580,608.0,1166.0,207.15856899269366,1626,912.4038461538462,870.5,480,552.0,1384.0,305.6497656075926,2070,1348.9423076923076,1326.5,756,981.0,1860.0,280.0022261904315,3068,2102.096153846154,2039.0,1452,1783.0,2672.0,298.52472256951745,3389,2380.173076923077,2328.0,1709,1977.0,3155.0,350.10738578733327,3292,2424.1923076923076,2367.0,1744,2114.0,3062.0,291.8420304035371,2014,MOZ,-23.21775,32.558631,0.125663706143592,MAR_388,circle,1,"{""type"":""MultiPoint"",""coordinates"":[]}"
0000000000000000015e_0_0,1152,812.8,763.0,612,647.0,1010.0,136.67261775661,1334,900.4222222222222,818.0,631,667.0,1262.0,212.42729358942657,1850,1338.1555555555556,1302.0,1060,1092.0,1685.0,205.15717070421434,2892,2042.111111111111,1993.0,1506,1797.0,2637.0,259.3459484697118,3388,2310.6,2254.0,1689,2003.0,2998.0,320.7154779205052,3438,2363.688888888889,2282.0,1556,2078.0,3024.0,310.09997113635023,2014,MOZ,-23.214641,32.561818,0.125663706143592,MAR_389,circle,1,"{""type"":""MultiPoint"",""coordinates"":[]}"
0000000000000000015f_0_0,1422,1011.0869565217391,977.0,806,841.0,1324.0,148.1802407303726,1748,1252.4347826086957,1171.0,965,983.0,1672.0,232.56477846285006,2313,1679.9565217391305,1625.0,1388,1419.0,2056.0,215.89097052243574,2735,2251.304347826087,2203.0,1982,2085.0,2702.0,169.5068126840743,3057,2497.478260869565,2458.5,2212,2290.0,2947.0,196.31371733622396,3120,2580.3478260869565,2542.0,2289,2376.0,2986.0,174.94399319823475,2014,MOZ,-23.212344,32.518397,0.125663706143592,MAR_390,circle,1,"{""type"":""MultiPoint"",""coordinates"":[]}"
00000000000000000160_0_0,1152,812.8,763.0,612,647.0,1010.0,136.67261775661,1334,900.4222222222222,818.0,631,667.0,1262.0,212.42729358942657,1850,1338.1555555555556,1302.0,1060,1092.0,1685.0,205.15717070421434,2892,2042.111111111111,1993.0,1506,1797.0,2637.0,259.3459484697118,3388,2310.6,2254.0,1689,2003.0,2998.0,320.7154779205052,3438,2363.688888888889,2282.0,1556,2078.0,3024.0,310.09997113635023,2014,MOZ,-23.212465,32.600352,0.125663706143592,MAR_391,circle,1,"{""type"":""MultiPoint"",""coordinates"":[]}"
00000000000000000161_0_0,1152,812.8,763.0,612,647.0,1010.0,136.67261775661,1334,900.4222222222222,818.0,631,667.0,1262.0,212.42729358942657,1850,1338.1555555555556,1302.0,1060,1092.0,1685.0,205.15717070421434,2892,2042.111111111111,1993.0,1506,1797.0,2637.0,259.3459484697118,3388,2310.6,2254.0,1689,2003.0,2998.0,320.7154779205052,3438,2363.688888888889,2282.0,1556,2078.0,3024.0,310.09997113635023,2014,MOZ,-23.206462,32.564528,0.125663706143592,MAR_392,circle,1,"{""type"":""MultiPoint"",""coordinates"":[]}"
00000000000000000162_0_0,1152,812.8,763.0,612,647.0,1010.0,136.67261775661,1334,900.4222222222222,818.0,631,667.0,1262.0,212.42729358942657,1850,1338.1555555555556,1302.0,1060,1092.0,1685.0,205.15717070421434,2892,2042.111111111111,1993.0,1506,1797.0,2637.0,259.3459484697118,3388,2310.6,2254.0,1689,2003.0,2998.0,320.7154779205052,3438,2363.688888888889,2282.0,1556,2078.0,3024.0,310.09997113635023,2014,MOZ,-23.203567,32.590424,0.125663706143592,MAR_393,circle,1,"{""type"":""MultiPoint"",""coordinates"":[]}"
00000000000000000163_0_0,1152,812.8,763.0,612,647.0,1010.0,136.67261775661,1334,900.4222222222222,818.0,631,667.0,1262.0,212.42729358942657,1850,1338.1555555555556,1302.0,1060,1092.0,1685.0,205.15717070421434,2892,2042.111111111111,1993.0,1506,1797.0,2637.0,259.3459484697118,3388,2310.6,2254.0,1689,2003.0,2998.0,320.7154779205052,3438,2363.688888888889,2282.0,1556,2078.0,3024.0,310.09997113635023,2014,MOZ,-23.201,32.59481,0.125663706143592,MAR_394,circle,1,"{""type"":""MultiPoint"",""coordinates"":[]}"
00000000000000000164_0_0,1152,812.8,763.0,612,647.0,1010.0,136.67261775661,1334,900.4222222222222,818.0,631,667.0,1262.0,212.42729358942657,1850,1338.1555555555556,1302.0,1060,1092.0,1685.0,205.15717070421434,2892,2042.111111111111,1993.0,1506,1797.0,2637.0,259.3459484697118,3388,2310.6,2254.0,1689,2003.0,2998.0,320.7154779205052,3438,2363.688888888889,2282.0,1556,2078.0,3024.0,310.09997113635023,2014,MOZ,-23.200658,32.565024,0.125663706143592,MAR_395,circle,1,"{""type"":""MultiPoint"",""coordinates"":[]}"
00000000000000000165_0_0,1422,1011.0869565217391,977.0,806,841.0,1324.0,148.1802407303726,1748,1252.4347826086957,1171.0,965,983.0,1672.0,232.56477846285006,2313,1679.9565217391305,1625.0,1388,1419.0,2056.0,215.89097052243574,2735,2251.304347826087,2203.0,1982,2085.0,2702.0,169.5068126840743,3057,2497.478260869565,2458.5,2212,2290.0,2947.0,196.31371733622396,3120,2580.3478260869565,2542.0,2289,2376.0,2986.0,174.94399319823475,2014,MOZ,-23.195448,32.531999,0.125663706143592,MAR_396,circle,1,"{""type"":""MultiPoint"",""coordinates"":[]}"
00000000000000000166_0_0,1152,812.8,763.0,612,647.0,1010.0,136.67261775661,1334,900.4222222222222,818.0,631,667.0,1262.0,212.42729358942657,1850,1338.1555555555556,1302.0,1060,1092.0,1685.0,205.15717070421434,2892,2042.111111111111,1993.0,1506,1797.0,2637.0,259.3459484697118,3388,2310.6,2254.0,1689,2003.0,2998.0,320.7154779205052,3438,2363.688888888889,2282.0,1556,2078.0,3024.0,310.09997113635023,2014,MOZ,-23.186956,32.558806,0.125663706143592,MAR_397,circle,1,"{""type"":""MultiPoint"",""coordinates"":[]}"
00000000000000000167_0_0,1422,1011.0869565217391,977.0,806,841.0,1324.0,148.1802407303726,1748,1252.4347826086957,1171.0,965,983.0,1672.0,232.56477846285006,2313,1679.9565217391305,1625.0,1388,1419.0,2056.0,215.89097052243574,2735,2251.304347826087,2203.0,1982,2085.0,2702.0,169.5068126840743,3057,2497.478260869565,2458.5,2212,2290.0,2947.0,196.31371733622396,3120,2580.3478260869565,2542.0,2289,2376.0,2986.0,174.94399319823475,2014,MOZ,-23.184135,32.536364,0.125663706143592,MAR_398,circle,1,"{""type"":""MultiPoint"",""coordinates"":[]}"
00000000000000000168_0_0,1152,812.8,763.0,612,647.0,1010.0,136.67261775661,1334,900.4222222222222,818.0,631,667.0,1262.0,212.42729358942657,1850,1338.1555555555556,1302.0,1060,1092.0,1685.0,205.15717070421434,2892,2042.111111111111,1993.0,1506,1797.0,2637.0,259.3459484697118,3388,2310.6,2254.0,1689,2003.0,2998.0,320.7154779205052,3438,2363.688888888889,2282.0,1556,2078.0,3024.0,310.09997113635023,2014,MOZ,-23.182095,32.549238,0.125663706143592,MAR_399,circle,1,"{""type"":""MultiPoint"",""coordinates"":[]}"
00000000000000000169_0_0,1152,812.8,763.0,612,647.0,1010.0,136.67261775661,1334,900.4222222222222,818.0,631,667.0,1262.0,212.42729358942657,1850,1338.1555555555556,1302.0,1060,1092.0,1685.0,205.15717070421434,2892,2042.111111111111,1993.0,1506,1797.0,2637.0,259.3459484697118,3388,2310.6,2254.0,1689,2003.0,2998.0,320.7154779205052,3438,2363.688888888889,2282.0,1556,2078.0,3024.0,310.09997113635023,2014,MOZ,-23.180134,32.543848,0.125663706143592,MAR_400,circle,1,"{""type"":""MultiPoint"",""coordinates"":[]}"
0000000000000000016a_0_0,1422,1011.0869565217391,977.0,806,841.0,1324.0,148.1802407303726,1748,1252.4347826086957,1171.0,965,983.0,1672.0,232.56477846285006,2313,1679.9565217391305,1625.0,1388,1419.0,2056.0,215.89097052243574,2735,2251.304347826087,2203.0,1982,2085.0,2702.0,169.5068126840743,3057,2497.478260869565,2458.5,2212,2290.0,2947.0,196.31371733622396,3120,2580.3478260869565,2542.0,2289,2376.0,2986.0,174.94399319823475,2014,MOZ,-23.17537,32.541338,0.125663706143592,MAR_401,circle,1,"{""type"":""MultiPoint"",""coordinates"":[]}"
0000000000000000016b_0_0,1422,1011.0869565217391,977.0,806,841.0,1324.0,148.1802407303726,1748,1252.4347826086957,1171.0,965,983.0,1672.0,232.56477846285006,2313,1679.9565217391305,1625.0,1388,1419.0,2056.0,215.89097052243574,2735,2251.304347826087,2203.0,1982,2085.0,2702.0,169.5068126840743,3057,2497.478260869565,2458.5,2212,2290.0,2947.0,196.31371733622396,3120,2580.3478260869565,2542.0,2289,2376.0,2986.0,174.94399319823475,2014,MOZ,-23.174209,32.533937,0.125663706143592,MAR_402,circle,1,"{""type"":""MultiPoint"",""coordinates"":[]}"
0000000000000000016c_0_0,1422,1011.0869565217391,977.0,806,841.0,1324.0,148.1802407303726,1748,1252.4347826086957,1171.0,965,983.0,1672.0,232.56477846285006,2313,1679.9565217391305,1625.0,1388,1419.0,2056.0,215.89097052243574,2735,2251.304347826087,2203.0,1982,2085.0,2702.0,169.5068126840743,3057,2497.478260869565,2458.5,2212,2290.0,2947.0,196.31371733622396,3120,2580.3478260869565,2542.0,2289,2376.0,2986.0,174.94399319823475,2014,MOZ,-23.174158,32.540356,0.125663706143592,MAR_403,circle,1,"{""type"":""MultiPoint"",""coordinates"":[]}"
0000000000000000016d_0_0,1422,1011.0869565217391,977.0,806,841.0,1324.0,148.1802407303726,1748,1252.4347826086957,1171.0,965,983.0,1672.0,232.56477846285006,2313,1679.9565217391305,1625.0,1388,1419.0,2056.0,215.89097052243574,2735,2251.304347826087,2203.0,1982,2085.0,2702.0,169.5068126840743,3057,2497.478260869565,2458.5,2212,2290.0,2947.0,196.31371733622396,3120,2580.3478260869565,2542.0,2289,2376.0,2986.0,174.94399319823475,2014,MOZ,-23.171873,32.539858,0.125663706143592,MAR_404,circle,1,"{""type"":""MultiPoint"",""coordinates"":[]}"
00000000000000000136_0_0,1558,811.6734693877551,822.0,452,611.0,1030.0,173.14808900099945,1998,935.9387755102041,936.0,421,671.0,1232.0,245.2807144979463,2181,1264.8775510204082,1283.0,700,1009.0,1566.0,224.00479519767734,2691,1929.5102040816328,1874.0,1317,1512.0,2632.0,329.4809847072087,3196,2187.7755102040815,2165.0,1479,1679.0,3097.0,402.1095528105172,3250,2324.8571428571427,2336.0,1456,1916.0,2918.0,336.64903301297545,2014,MOZ,-23.383115,32.718211,0.196349540849362,MAR_348,circle,1,"{""type"":""MultiPoint"",""coordinates"":[]}"
0000000000000000013a_0_0,2006,690.7083333333334,625.0,470,487.0,881.0,273.3982868708012,2688,705.6041666666666,580.5,374,409.0,1036.0,399.2995293627399,3102,1136.2916666666667,1058.5,780,845.0,1407.0,381.2087113343846,4425,1974.2916666666667,1871.5,1506,1560.0,2691.0,473.8692663564731,4870,2269.5416666666665,2114.0,1667,1809.0,3083.0,529.6297039100891,4164,2332.5833333333335,2280.0,1408,1884.0,3124.0,433.6244454850557,2014,MOZ,-23.379055,32.729541,0.196349540849362,MAR_352,circle,1,"{""type"":""MultiPoint"",""coordinates"":[]}"
0000000000000000013e_0_0,2006,690.7083333333334,625.0,470,487.0,881.0,273.3982868708012,2688,705.6041666666666,580.5,374,409.0,1036.0,399.2995293627399,3102,1136.2916666666667,1058.5,780,845.0,1407.0,381.2087113343846,4425,1974.2916666666667,1871.5,1506,1560.0,2691.0,473.8692663564731,4870,2269.5416666666665,2114.0,1667,1809.0,3083.0,529.6297039100891,4164,2332.5833333333335,2280.0,1408,1884.0,3124.0,433.6244454850557,2014,MOZ,-23.375182,32.721134,0.196349540849362,MAR_356,circle,1,"{""type"":""MultiPoint"",""coordinates"":[]}"
00000000000000000143_0_0,1558,811.6734693877551,822.0,452,611.0,1030.0,173.14808900099945,1998,935.9387755102041,936.0,421,671.0,1232.0,245.2807144979463,2181,1264.8775510204082,1283.0,700,1009.0,1566.0,224.00479519767734,2691,1929.5102040816328,1874.0,1317,1512.0,2632.0,329.4809847072087,3196,2187.7755102040815,2165.0,1479,1679.0,3097.0,402.1095528105172,3250,2324.8571428571427,2336.0,1456,1916.0,2918.0,336.64903301297545,2014,MOZ,-23.370989,32.707364,0.196349540849362,MAR_362,circle,1,"{""type"":""MultiPoint"",""coordinates"":[]}"
00000000000000000144_0_0,1558,811.6734693877551,822.0,452,611.0,1030.0,173.14808900099945,1998,935.9387755102041,936.0,421,671.0,1232.0,245.2807144979463,2181,1264.8775510204082,1283.0,700,1009.0,1566.0,224.00479519767734,2691,1929.5102040816328,1874.0,1317,1512.0,2632.0,329.4809847072087,3196,2187.7755102040815,2165.0,1479,1679.0,3097.0,402.1095528105172,3250,2324.8571428571427,2336.0,1456,1916.0,2918.0,336.64903301297545,2014,MOZ,-23.370799,32.676795,0.196349540849362,MAR_363,circle,1,"{""type"":""MultiPoint"",""coordinates"":[]}"
0000000000000000014a_0_0,1558,811.6734693877551,822.0,452,611.0,1030.0,173.14808900099945,1998,935.9387755102041,936.0,421,671.0,1232.0,245.2807144979463,2181,1264.8775510204082,1283.0,700,1009.0,1566.0,224.00479519767734,2691,1929.5102040816328,1874.0,1317,1512.0,2632.0,329.4809847072087,3196,2187.7755102040815,2165.0,1479,1679.0,3097.0,402.1095528105172,3250,2324.8571428571427,2336.0,1456,1916.0,2918.0,336.64903301297545,2014,MOZ,-23.36394,32.667614,0.196349540849362,MAR_369,circle,1,"{""type"":""MultiPoint"",""coordinates"":[]}"
0000000000000000014b_0_0,1558,811.6734693877551,822.0,452,611.0,1030.0,173.14808900099945,1998,935.9387755102041,936.0,421,671.0,1232.0,245.2807144979463,2181,1264.8775510204082,1283.0,700,1009.0,1566.0,224.00479519767734,2691,1929.5102040816328,1874.0,1317,1512.0,2632.0,329.4809847072087,3196,2187.7755102040815,2165.0,1479,1679.0,3097.0,402.1095528105172,3250,2324.8571428571427,2336.0,1456,1916.0,2918.0,336.64903301297545,2014,MOZ,-23.363916,32.669909,0.196349540849362,MAR_370,circle,1,"{""type"":""MultiPoint"",""coordinates"":[]}"
0000000000000000014e_0_0,1558,811.6734693877551,822.0,452,611.0,1030.0,173.14808900099945,1998,935.9387755102041,936.0,421,671.0,1232.0,245.2807144979463,2181,1264.8775510204082,1283.0,700,1009.0,1566.0,224.00479519767734,2691,1929.5102040816328,1874.0,1317,1512.0,2632.0,329.4809847072087,3196,2187.7755102040815,2165.0,1479,1679.0,3097.0,402.1095528105172,3250,2324.8571428571427,2336.0,1456,1916.0,2918.0,336.64903301297545,2014,MOZ,-23.357613,32.673149,0.196349540849362,MAR_373,circle,1,"{""type"":""MultiPoint"",""coordinates"":[]}"
0000000000000000014f_0_0,1558,811.6734693877551,822.0,452,611.0,1030.0,173.14808900099945,1998,935.9387755102041,936.0,421,671.0,1232.0,245.2807144979463,2181,1264.8775510204082,1283.0,700,1009.0,1566.0,224.00479519767734,2691,1929.5102040816328,1874.0,1317,1512.0,2632.0,329.4809847072087,3196,2187.7755102040815,2165.0,1479,1679.0,3097.0,402.1095528105172,3250,2324.8571428571427,2336.0,1456,1916.0,2918.0,336.64903301297545,2014,MOZ,-23.35535,32.690966,0.196349540849362,MAR_374,circle,1,"{""type"":""MultiPoint"",""coordinates"":[]}"
00000000000000000152_0_0,1558,811.6734693877551,822.0,452,611.0,1030.0,173.14808900099945,1998,935.9387755102041,936.0,421,671.0,1232.0,245.2807144979463,2181,1264.8775510204082,1283.0,700,1009.0,1566.0,224.00479519767734,2691,1929.5102040816328,1874.0,1317,1512.0,2632.0,329.4809847072087,3196,2187.7755102040815,2165.0,1479,1679.0,3097.0,402.1095528105172,3250,2324.8571428571427,2336.0,1456,1916.0,2918.0,336.64903301297545,2014,MOZ,-23.347324,32.692808,0.196349540849362,MAR_377,circle,1,"{""type"":""MultiPoint"",""coordinates"":[]}"
00000000000000000155_0_0,1558,811.6734693877551,822.0,452,611.0,1030.0,173.14808900099945,1998,935.9387755102041,936.0,421,671.0,1232.0,245.2807144979463,2181,1264.8775510204082,1283.0,700,1009.0,1566.0,224.00479519767734,2691,1929.5102040816328,1874.0,1317,1512.0,2632.0,329.4809847072087,3196,2187.7755102040815,2165.0,1479,1679.0,3097.0,402.1095528105172,3250,2324.8571428571427,2336.0,1456,1916.0,2918.0,336.64903301297545,2014,MOZ,-23.339742,32.698212,0.196349540849362,MAR_380,circle,1,"{""type"":""MultiPoint"",""coordinates"":[]}"
00000000000000000156_0_0,1558,811.6734693877551,822.0,452,611.0,1030.0,173.14808900099945,1998,935.9387755102041,936.0,421,671.0,1232.0,245.2807144979463,2181,1264.8775510204082,1283.0,700,1009.0,1566.0,224.00479519767734,2691,1929.5102040816328,1874.0,1317,1512.0,2632.0,329.4809847072087,3196,2187.7755102040815,2165.0,1479,1679.0,3097.0,402.1095528105172,3250,2324.8571428571427,2336.0,1456,1916.0,2918.0,336.64903301297545,2014,MOZ,-23.332828,32.711598,0.196349540849362,MAR_381,circle,1,"{""type"":""MultiPoint"",""coordinates"":[]}"
